static const unsigned char sokil_ide_data[] = {
0x4D,0x5A,0x90,0x00,0x03,0x00,0x00,0x00,0x04,0x00,0x00,0x00,0xFF,0xFF,0x00,0x00,0xB8,0x00,0x00,0x00,
0x00,0x00,0x00,0x00,0x40,0x00,0x00,0x00,0x00,0x00,0x00,0x00,0x00,0x00,0x00,0x00,0x00,0x00,0x00,0x00,
0x00,0x00,0x00,0x00,0x00,0x00,0x00,0x00,0x00,0x00,0x00,0x00,0x00,0x00,0x00,0x00,0x00,0x00,0x00,0x00,
0x80,0x00,0x00,0x00,0x0E,0x1F,0xBA,0x0E,0x00,0xB4,0x09,0xCD,0x21,0xB8,0x01,0x4C,0xCD,0x21,0x54,0x68,
0x69,0x73,0x20,0x70,0x72,0x6F,0x67,0x72,0x61,0x6D,0x20,0x63,0x61,0x6E,0x6E,0x6F,0x74,0x20,0x62,0x65,
0x20,0x72,0x75,0x6E,0x20,0x69,0x6E,0x20,0x44,0x4F,0x53,0x20,0x6D,0x6F,0x64,0x65,0x2E,0x0D,0x0D,0x0A,
0x24,0x00,0x00,0x00,0x00,0x00,0x00,0x00,0x50,0x45,0x00,0x00,0x64,0x86,0x11,0x00,0x1B,0x30,0xAA,0x6A,
0x00,0xA4,0x00,0x00,0xDE,0x07,0x00,0x00,0xF0,0x00,0x26,0x00,0x0B,0x02,0x02,0x2E,0x00,0x42,0x00,0x00,
0x00,0x3C,0x00,0x00,0x00,0x02,0x00,0x00,0x30,0x10,0x00,0x00,0x00,0x10,0x00,0x00,0x00,0x00,0x00,0x40,
0x01,0x00,0x00,0x00,0x00,0x10,0x00,0x00,0x00,0x02,0x00,0x00,0x04,0x00,0x00,0x00,0x00,0x00,0x00,0x00,
0x05,0x00,0x02,0x00,0x00,0x00,0x00,0x00,0x00,0x90,0x01,0x00,0x00,0x06,0x00,0x00,0x9F,0xAD,0x01,0x00,
0x02,0x00,0x60,0x01,0x00,0x00,0x20,0x00,0x00,0x00,0x00,0x00,0x00,0x10,0x00,0x00,0x00,0x00,0x00,0x00,
0x00,0x00,0x10,0x00,0x00,0x00,0x00,0x00,0x00,0x10,0x00,0x00,0x00,0x00,0x00,0x00,0x00,0x00,0x00,0x00,
0x10,0x00,0x00,0x00,0x00,0x00,0x00,0x00,0x00,0x00,0x00,0x00,0x00,0xD0,0x00,0x00,0x24,0x10,0x00,0x00,
0x00,0x00,0x00,0x00,0x00,0x00,0x00,0x00,0x00,0xA0,0x00,0x00,0xB8,0x02,0x00,0x00,0x00,0x00,0x00,0x00,
0x00,0x00,0x00,0x00,0x00,0x00,0x01,0x00,0xBC,0x00,0x00,0x00,0x00,0x00,0x00,0x00,0x00,0x00,0x00,0x00,
0x00,0x00,0x00,0x00,0x00,0x00,0x00,0x00,0x00,0x00,0x00,0x00,0x00,0x00,0x00,0x00,0xA0,0x78,0x00,0x00,
0x28,0x00,0x00,0x00,0x00,0x00,0x00,0x00,0x00,0x00,0x00,0x00,0x00,0x00,0x00,0x00,0x00,0x00,0x00,0x00,
0x50,0xD4,0x00,0x00,0x48,0x03,0x00,0x00,0x00,0x00,0x00,0x00,0x00,0x00,0x00,0x00,0x00,0x00,0x00,0x00,
0x00,0x00,0x00,0x00,0x00,0x00,0x00,0x00,0x00,0x00,0x00,0x00,0x2E,0x74,0x65,0x78,0x74,0x00,0x00,0x00,
0x10,0x40,0x00,0x00,0x00,0x10,0x00,0x00,0x00,0x42,0x00,0x00,0x00,0x06,0x00,0x00,0x00,0x00,0x00,0x00,
0x00,0x00,0x00,0x00,0x00,0x00,0x00,0x00,0x20,0x00,0x00,0x60,0x2E,0x64,0x61,0x74,0x61,0x00,0x00,0x00,
0xC0,0x00,0x00,0x00,0x00,0x60,0x00,0x00,0x00,0x02,0x00,0x00,0x00,0x48,0x00,0x00,0x00,0x00,0x00,0x00,
0x00,0x00,0x00,0x00,0x00,0x00,0x00,0x00,0x40,0x00,0x00,0xC0,0x2E,0x72,0x64,0x61,0x74,0x61,0x00,0x00,
0x48,0x18,0x00,0x00,0x00,0x70,0x00,0x00,0x00,0x1A,0x00,0x00,0x00,0x4A,0x00,0x00,0x00,0x00,0x00,0x00,
0x00,0x00,0x00,0x00,0x00,0x00,0x00,0x00,0x40,0x00,0x00,0x40,0x2F,0x34,0x00,0x00,0x00,0x00,0x00,0x00,
0x04,0x00,0x00,0x00,0x00,0x90,0x00,0x00,0x00,0x02,0x00,0x00,0x00,0x64,0x00,0x00,0x00,0x00,0x00,0x00,
0x00,0x00,0x00,0x00,0x00,0x00,0x00,0x00,0x40,0x00,0x00,0xC0,0x2E,0x70,0x64,0x61,0x74,0x61,0x00,0x00,
0xB8,0x02,0x00,0x00,0x00,0xA0,0x00,0x00,0x00,0x04,0x00,0x00,0x00,0x66,0x00,0x00,0x00,0x00,0x00,0x00,
0x00,0x00,0x00,0x00,0x00,0x00,0x00,0x00,0x40,0x00,0x00,0x40,0x2E,0x78,0x64,0x61,0x74,0x61,0x00,0x00,
0xF8,0x02,0x00,0x00,0x00,0xB0,0x00,0x00,0x00,0x04,0x00,0x00,0x00,0x6A,0x00,0x00,0x00,0x00,0x00,0x00,
0x00,0x00,0x00,0x00,0x00,0x00,0x00,0x00,0x40,0x00,0x00,0x40,0x2E,0x62,0x73,0x73,0x00,0x00,0x00,0x00,
0xE0,0x01,0x00,0x00,0x00,0xC0,0x00,0x00,0x00,0x00,0x00,0x00,0x00,0x00,0x00,0x00,0x00,0x00,0x00,0x00,
0x00,0x00,0x00,0x00,0x00,0x00,0x00,0x00,0x80,0x00,0x00,0xC0,0x2E,0x69,0x64,0x61,0x74,0x61,0x00,0x00,
0x24,0x10,0x00,0x00,0x00,0xD0,0x00,0x00,0x00,0x12,0x00,0x00,0x00,0x6E,0x00,0x00,0x00,0x00,0x00,0x00,
0x00,0x00,0x00,0x00,0x00,0x00,0x00,0x00,0x40,0x00,0x00,0x40,0x2E,0x74,0x6C,0x73,0x00,0x00,0x00,0x00,
0x10,0x00,0x00,0x00,0x00,0xF0,0x00,0x00,0x00,0x02,0x00,0x00,0x00,0x80,0x00,0x00,0x00,0x00,0x00,0x00,
0x00,0x00,0x00,0x00,0x00,0x00,0x00,0x00,0x40,0x00,0x00,0xC0,0x2E,0x72,0x65,0x6C,0x6F,0x63,0x00,0x00,
0xBC,0x00,0x00,0x00,0x00,0x00,0x01,0x00,0x00,0x02,0x00,0x00,0x00,0x82,0x00,0x00,0x00,0x00,0x00,0x00,
0x00,0x00,0x00,0x00,0x00,0x00,0x00,0x00,0x40,0x00,0x00,0x42,0x2F,0x31,0x34,0x00,0x00,0x00,0x00,0x00,
0x50,0x00,0x00,0x00,0x00,0x10,0x01,0x00,0x00,0x02,0x00,0x00,0x00,0x84,0x00,0x00,0x00,0x00,0x00,0x00,
0x00,0x00,0x00,0x00,0x00,0x00,0x00,0x00,0x40,0x00,0x00,0x42,0x2F,0x32,0x39,0x00,0x00,0x00,0x00,0x00,
0x44,0x12,0x00,0x00,0x00,0x20,0x01,0x00,0x00,0x14,0x00,0x00,0x00,0x86,0x00,0x00,0x00,0x00,0x00,0x00,
0x00,0x00,0x00,0x00,0x00,0x00,0x00,0x00,0x40,0x00,0x00,0x42,0x2F,0x34,0x31,0x00,0x00,0x00,0x00,0x00,
0xCA,0x00,0x00,0x00,0x00,0x40,0x01,0x00,0x00,0x02,0x00,0x00,0x00,0x9A,0x00,0x00,0x00,0x00,0x00,0x00,
0x00,0x00,0x00,0x00,0x00,0x00,0x00,0x00,0x40,0x00,0x00,0x42,0x2F,0x35,0x35,0x00,0x00,0x00,0x00,0x00,
0xA4,0x00,0x00,0x00,0x00,0x50,0x01,0x00,0x00,0x02,0x00,0x00,0x00,0x9C,0x00,0x00,0x00,0x00,0x00,0x00,
0x00,0x00,0x00,0x00,0x00,0x00,0x00,0x00,0x40,0x00,0x00,0x42,0x2F,0x36,0x37,0x00,0x00,0x00,0x00,0x00,
0x48,0x00,0x00,0x00,0x00,0x60,0x01,0x00,0x00,0x02,0x00,0x00,0x00,0x9E,0x00,0x00,0x00,0x00,0x00,0x00,
0x00,0x00,0x00,0x00,0x00,0x00,0x00,0x00,0x40,0x00,0x00,0x42,0x2F,0x38,0x30,0x00,0x00,0x00,0x00,0x00,
0x8C,0x00,0x00,0x00,0x00,0x70,0x01,0x00,0x00,0x02,0x00,0x00,0x00,0xA0,0x00,0x00,0x00,0x00,0x00,0x00,
0x00,0x00,0x00,0x00,0x00,0x00,0x00,0x00,0x40,0x00,0x00,0x42,0x2F,0x39,0x31,0x00,0x00,0x00,0x00,0x00,
0xA4,0x01,0x00,0x00,0x00,0x80,0x01,0x00,0x00,0x02,0x00,0x00,0x00,0xA2,0x00,0x00,0x00,0x00,0x00,0x00,
0x00,0x00,0x00,0x00,0x00,0x00,0x00,0x00,0x40,0x00,0x00,0x42,0x00,0x00,0x00,0x00,0x00,0x00,0x00,0x00,
0x00,0x00,0x00,0x00,0x00,0x00,0x00,0x00,0x00,0x00,0x00,0x00,0x00,0x00,0x00,0x00,0x00,0x00,0x00,0x00,
0x00,0x00,0x00,0x00,0x00,0x00,0x00,0x00,0x00,0x00,0x00,0x00,0x00,0x00,0x00,0x00,0x00,0x00,0x00,0x00,
0x00,0x00,0x00,0x00,0x00,0x00,0x00,0x00,0x00,0x00,0x00,0x00,0x00,0x00,0x00,0x00,0x00,0x00,0x00,0x00,
0x00,0x00,0x00,0x00,0x00,0x00,0x00,0x00,0x00,0x00,0x00,0x00,0x00,0x00,0x00,0x00,0x00,0x00,0x00,0x00,
0x00,0x00,0x00,0x00,0x00,0x00,0x00,0x00,0x00,0x00,0x00,0x00,0x00,0x00,0x00,0x00,0x00,0x00,0x00,0x00,
0x00,0x00,0x00,0x00,0x00,0x00,0x00,0x00,0x00,0x00,0x00,0x00,0x00,0x00,0x00,0x00,0x00,0x00,0x00,0x00,
0x00,0x00,0x00,0x00,0x00,0x00,0x00,0x00,0x00,0x00,0x00,0x00,0x00,0x00,0x00,0x00,0x00,0x00,0x00,0x00,
0x00,0x00,0x00,0x00,0x00,0x00,0x00,0x00,0x00,0x00,0x00,0x00,0x00,0x00,0x00,0x00,0x00,0x00,0x00,0x00,
0x00,0x00,0x00,0x00,0x00,0x00,0x00,0x00,0x00,0x00,0x00,0x00,0x00,0x00,0x00,0x00,0x00,0x00,0x00,0x00,
0x00,0x00,0x00,0x00,0x00,0x00,0x00,0x00,0x00,0x00,0x00,0x00,0x00,0x00,0x00,0x00,0x00,0x00,0x00,0x00,
0x00,0x00,0x00,0x00,0x00,0x00,0x00,0x00,0x00,0x00,0x00,0x00,0x00,0x00,0x00,0x00,0x00,0x00,0x00,0x00,
0x00,0x00,0x00,0x00,0x00,0x00,0x00,0x00,0x00,0x00,0x00,0x00,0x00,0x00,0x00,0x00,0x00,0x00,0x00,0x00,
0x00,0x00,0x00,0x00,0x00,0x00,0x00,0x00,0x00,0x00,0x00,0x00,0x00,0x00,0x00,0x00,0x00,0x00,0x00,0x00,
0x00,0x00,0x00,0x00,0x00,0x00,0x00,0x00,0x00,0x00,0x00,0x00,0x00,0x00,0x00,0x00,0x00,0x00,0x00,0x00,
0x00,0x00,0x00,0x00,0x00,0x00,0x00,0x00,0x00,0x00,0x00,0x00,0x00,0x00,0x00,0x00,0x00,0x00,0x00,0x00,
0x00,0x00,0x00,0x00,0x00,0x00,0x00,0x00,0x00,0x00,0x00,0x00,0x00,0x00,0x00,0x00,0x00,0x00,0x00,0x00,
0x00,0x00,0x00,0x00,0x00,0x00,0x00,0x00,0x00,0x00,0x00,0x00,0x00,0x00,0x00,0x00,0x00,0x00,0x00,0x00,
0x00,0x00,0x00,0x00,0x00,0x00,0x00,0x00,0x00,0x00,0x00,0x00,0x00,0x00,0x00,0x00,0x00,0x00,0x00,0x00,
0x00,0x00,0x00,0x00,0x00,0x00,0x00,0x00,0x00,0x00,0x00,0x00,0x00,0x00,0x00,0x00,0x00,0x00,0x00,0x00,
0x00,0x00,0x00,0x00,0x00,0x00,0x00,0x00,0x00,0x00,0x00,0x00,0x00,0x00,0x00,0x00,0x00,0x00,0x00,0x00,
0x00,0x00,0x00,0x00,0x00,0x00,0x00,0x00,0x00,0x00,0x00,0x00,0x00,0x00,0x00,0x00,0x00,0x00,0x00,0x00,
0x00,0x00,0x00,0x00,0x00,0x00,0x00,0x00,0x00,0x00,0x00,0x00,0x00,0x00,0x00,0x00,0x00,0x00,0x00,0x00,
0x00,0x00,0x00,0x00,0x00,0x00,0x00,0x00,0x00,0x00,0x00,0x00,0x00,0x00,0x00,0x00,0x55,0x48,0x89,0xE5,
0x48,0x89,0x4D,0x10,0x48,0x89,0x55,0x18,0x4C,0x89,0x45,0x20,0x44,0x89,0x4D,0x28,0x90,0x5D,0xC3,0x55,
0x48,0x89,0xE5,0x48,0x83,0xEC,0x20,0xB9,0x00,0x00,0x00,0x00,0xE8,0xC7,0x3D,0x00,0x00,0x90,0x48,0x83,
0xC4,0x20,0x5D,0xC3,0x55,0x48,0x89,0xE5,0x48,0x83,0xEC,0x30,0xC7,0x45,0xFC,0xFF,0x00,0x00,0x00,0x48,
0x8B,0x05,0xDA,0x6B,0x00,0x00,0xC7,0x00,0x01,0x00,0x00,0x00,0xE8,0x3D,0x00,0x00,0x00,0x89,0x45,0xFC,
0x90,0x90,0x8B,0x45,0xFC,0x48,0x83,0xC4,0x30,0x5D,0xC3,0x55,0x48,0x89,0xE5,0x48,0x83,0xEC,0x30,0xC7,
0x45,0xFC,0xFF,0x00,0x00,0x00,0x48,0x8B,0x05,0xAB,0x6B,0x00,0x00,0xC7,0x00,0x00,0x00,0x00,0x00,0xE8,
0x0E,0x00,0x00,0x00,0x89,0x45,0xFC,0x90,0x90,0x8B,0x45,0xFC,0x48,0x83,0xC4,0x30,0x5D,0xC3,0x55,0x48,
0x89,0xE5,0x48,0x81,0xEC,0x90,0x00,0x00,0x00,0x48,0xC7,0x45,0xF0,0x00,0x00,0x00,0x00,0xC7,0x45,0xE0,
0x30,0x00,0x00,0x00,0x8B,0x45,0xE0,0x65,0x67,0x48,0x8B,0x00,0x48,0x89,0x45,0xD8,0x48,0x8B,0x45,0xD8,
0x48,0x8B,0x40,0x08,0x48,0x89,0x45,0xE8,0xC7,0x45,0xFC,0x00,0x00,0x00,0x00,0xC7,0x45,0xE4,0x00,0x00,
0x00,0x00,0xEB,0x21,0x48,0x8B,0x45,0xF0,0x48,0x3B,0x45,0xE8,0x75,0x09,0xC7,0x45,0xFC,0x01,0x00,0x00,
0x00,0xEB,0x45,0xB9,0xE8,0x03,0x00,0x00,0x48,0x8B,0x05,0x41,0xC4,0x00,0x00,0xFF,0xD0,0x48,0x8B,0x05,
0x78,0x6B,0x00,0x00,0x48,0x89,0x45,0xD0,0x48,0x8B,0x45,0xE8,0x48,0x89,0x45,0xC8,0x48,0xC7,0x45,0xC0,
0x00,0x00,0x00,0x00,0x48,0x8B,0x4D,0xC8,0x48,0x8B,0x45,0xC0,0x48,0x8B,0x55,0xD0,0xF0,0x48,0x0F,0xB1,
0x0A,0x48,0x89,0x45,0xF0,0x48,0x83,0x7D,0xF0,0x00,0x75,0xA8,0x48,0x8B,0x05,0x51,0x6B,0x00,0x00,0x8B,
0x00,0x83,0xF8,0x01,0x75,0x0A,0xB9,0x1F,0x00,0x00,0x00,0xE8,0x80,0x3B,0x00,0x00,0x48,0x8B,0x05,0x39,
0x6B,0x00,0x00,0x8B,0x00,0x85,0xC0,0x0F,0x85,0xE3,0x01,0x00,0x00,0x48,0x8B,0x05,0x28,0x6B,0x00,0x00,
0xC7,0x00,0x01,0x00,0x00,0x00,0xB9,0x02,0x00,0x00,0x00,0xE8,0x58,0x3C,0x00,0x00,0x41,0xB9,0x00,0x00,
0x00,0x00,0x41,0xB8,0x04,0x00,0x00,0x00,0xBA,0x00,0x00,0x00,0x00,0x48,0x89,0xC1,0xE8,0x97,0x3C,0x00,
0x00,0x48,0x8D,0x05,0x8F,0xFE,0xFF,0xFF,0x48,0x89,0xC1,0xE8,0x9F,0x04,0x00,0x00,0x85,0xC0,0x74,0x05,
0xE8,0xE7,0x3C,0x00,0x00,0xE8,0x42,0x2C,0x00,0x00,0x48,0x8B,0x05,0x5B,0x6B,0x00,0x00,0x48,0x89,0xC1,
0x48,0x8B,0x05,0x79,0xC3,0x00,0x00,0xFF,0xD0,0x48,0x8B,0x15,0xA8,0x6A,0x00,0x00,0x48,0x89,0x02,0x48,
0x8D,0x05,0x3E,0xFE,0xFF,0xFF,0x48,0x89,0xC1,0xE8,0xAE,0x3C,0x00,0x00,0xE8,0x21,0x35,0x00,0x00,0xE8,
0x18,0x02,0x00,0x00,0x89,0x05,0x3E,0xAE,0x00,0x00,0x48,0x8B,0x05,0x3F,0x6A,0x00,0x00,0x8B,0x00,0x85,
0xC0,0x74,0x0C,0xB9,0x02,0x00,0x00,0x00,0xE8,0x6F,0x3C,0x00,0x00,0xEB,0x0A,0xB9,0x01,0x00,0x00,0x00,
0xE8,0x63,0x3C,0x00,0x00,0xE8,0xCE,0x3B,0x00,0x00,0x48,0x8B,0x15,0xE7,0x6A,0x00,0x00,0x8B,0x12,0x89,
0x10,0xE8,0xB6,0x3B,0x00,0x00,0x48,0x8B,0x15,0xB7,0x6A,0x00,0x00,0x8B,0x12,0x89,0x10,0xE8,0x9E,0x21,
0x00,0x00,0x89,0x45,0xE4,0x83,0x7D,0xE4,0x00,0x79,0x0A,0xB9,0x08,0x00,0x00,0x00,0xE8,0x8B,0x3A,0x00,
0x00,0x48,0x8B,0x05,0x64,0x69,0x00,0x00,0x8B,0x00,0x83,0xF8,0x01,0x75,0x0F,0x48,0x8B,0x05,0xC6,0x6A,
0x00,0x00,0x48,0x89,0xC1,0xE8,0xA8,0x2C,0x00,0x00,0x48,0x8B,0x05,0xA7,0x69,0x00,0x00,0x8B,0x00,0x83,
0xF8,0xFF,0x75,0x0A,0xB9,0xFF,0xFF,0xFF,0xFF,0xE8,0x66,0x3C,0x00,0x00,0x48,0x8B,0x15,0x4F,0x6A,0x00,
0x00,0x48,0x8B,0x05,0x38,0x6A,0x00,0x00,0x48,0x89,0xC1,0xE8,0xF0,0x3B,0x00,0x00,0x85,0xC0,0x74,0x0A,
0xB9,0x0A,0x00,0x00,0x00,0xE8,0x32,0x3A,0x00,0x00,0x48,0x8B,0x05,0x8B,0x6A,0x00,0x00,0x8B,0x00,0x89,
0x45,0xAC,0x48,0x8B,0x05,0x3F,0x6A,0x00,0x00,0x44,0x8B,0x00,0x4C,0x8D,0x15,0x65,0xAD,0x00,0x00,0x48,
0x8D,0x15,0x56,0xAD,0x00,0x00,0x48,0x8D,0x05,0x4B,0xAD,0x00,0x00,0x48,0x8D,0x4D,0xAC,0x48,0x89,0x4C,
0x24,0x20,0x45,0x89,0xC1,0x4D,0x89,0xD0,0x48,0x89,0xC1,0xE8,0x30,0x3A,0x00,0x00,0x89,0x45,0xE4,0x83,
0x7D,0xE4,0x00,0x79,0x0A,0xB9,0x08,0x00,0x00,0x00,0xE8,0xDD,0x39,0x00,0x00,0x8B,0x05,0x1B,0xAD,0x00,
0x00,0x48,0x8D,0x15,0x18,0xAD,0x00,0x00,0x89,0xC1,0xE8,0xF9,0x01,0x00,0x00,0x89,0x45,0xE4,0x83,0x7D,
0xE4,0x00,0x74,0x0A,0xB9,0x08,0x00,0x00,0x00,0xE8,0xB6,0x39,0x00,0x00,0x48,0x8B,0x15,0x8F,0x69,0x00,
0x00,0x48,0x8B,0x05,0x78,0x69,0x00,0x00,0x48,0x89,0xC1,0xE8,0x48,0x3B,0x00,0x00,0xE8,0x72,0x20,0x00,
0x00,0x48,0x8B,0x05,0x54,0x69,0x00,0x00,0xC7,0x00,0x02,0x00,0x00,0x00,0xEB,0x0A,0xC7,0x05,0xDE,0xAC,
0x00,0x00,0x01,0x00,0x00,0x00,0x83,0x7D,0xFC,0x00,0x75,0x1E,0x48,0x8B,0x05,0x25,0x69,0x00,0x00,0x48,
0x89,0x45,0xB8,0x48,0xC7,0x45,0xB0,0x00,0x00,0x00,0x00,0x48,0x8B,0x55,0xB0,0x48,0x8B,0x45,0xB8,0x48,
0x87,0x10,0x48,0x8B,0x05,0x87,0x68,0x00,0x00,0x48,0x8B,0x00,0x48,0x85,0xC0,0x74,0x1C,0x48,0x8B,0x05,
0x78,0x68,0x00,0x00,0x48,0x8B,0x00,0x41,0xB8,0x00,0x00,0x00,0x00,0xBA,0x02,0x00,0x00,0x00,0xB9,0x00,
0x00,0x00,0x00,0xFF,0xD0,0xE8,0x1E,0x39,0x00,0x00,0x48,0x8B,0x15,0x77,0xAC,0x00,0x00,0x48,0x89,0x10,
0x48,0x8B,0x0D,0x6D,0xAC,0x00,0x00,0x48,0x8B,0x15,0x5E,0xAC,0x00,0x00,0x8B,0x05,0x54,0xAC,0x00,0x00,
0x49,0x89,0xC8,0x89,0xC1,0xE8,0xF6,0x1D,0x00,0x00,0x89,0x45,0xE4,0x8B,0x05,0x55,0xAC,0x00,0x00,0x85,
0xC0,0x75,0x0A,0x8B,0x45,0xE4,0x89,0xC1,0xE8,0xB7,0x3A,0x00,0x00,0x8B,0x05,0x45,0xAC,0x00,0x00,0x85,
0xC0,0x75,0x05,0xE8,0x58,0x3A,0x00,0x00,0x8B,0x45,0xE4,0x48,0x81,0xC4,0x90,0x00,0x00,0x00,0x5D,0xC3,
0x55,0x48,0x89,0xE5,0x48,0x83,0xEC,0x20,0x48,0x8B,0x05,0x35,0x68,0x00,0x00,0xC7,0x00,0x01,0x00,0x00,
0x00,0x48,0x8B,0x05,0x38,0x68,0x00,0x00,0xC7,0x00,0x01,0x00,0x00,0x00,0x48,0x8B,0x05,0x3B,0x68,0x00,
0x00,0xC7,0x00,0x01,0x00,0x00,0x00,0x48,0x8B,0x05,0x9E,0x67,0x00,0x00,0x48,0x89,0x45,0xF8,0x48,0x8B,
0x45,0xF8,0x0F,0xB7,0x00,0x66,0x3D,0x4D,0x5A,0x74,0x0A,0xB8,0x00,0x00,0x00,0x00,0xE9,0xAD,0x00,0x00,
0x00,0x48,0x8B,0x45,0xF8,0x8B,0x40,0x3C,0x48,0x63,0xD0,0x48,0x8B,0x45,0xF8,0x48,0x01,0xD0,0x48,0x89,
0x45,0xF0,0x48,0x8B,0x45,0xF0,0x8B,0x00,0x3D,0x50,0x45,0x00,0x00,0x74,0x0A,0xB8,0x00,0x00,0x00,0x00,
0xE9,0x81,0x00,0x00,0x00,0x48,0x8B,0x45,0xF0,0x48,0x83,0xC0,0x18,0x48,0x89,0x45,0xE8,0x48,0x8B,0x45,
0xE8,0x0F,0xB7,0x00,0x0F,0xB7,0xC0,0x3D,0x0B,0x01,0x00,0x00,0x74,0x09,0x3D,0x0B,0x02,0x00,0x00,0x74,
0x29,0xEB,0x56,0x48,0x8B,0x45,0xE8,0x8B,0x40,0x5C,0x83,0xF8,0x0E,0x77,0x07,0xB8,0x00,0x00,0x00,0x00,
0xEB,0x48,0x48,0x8B,0x45,0xE8,0x8B,0x80,0xD0,0x00,0x00,0x00,0x85,0xC0,0x0F,0x95,0xC0,0x0F,0xB6,0xC0,
0xEB,0x34,0x48,0x8B,0x45,0xE8,0x48,0x89,0x45,0xE0,0x48,0x8B,0x45,0xE0,0x8B,0x40,0x6C,0x83,0xF8,0x0E,
0x77,0x07,0xB8,0x00,0x00,0x00,0x00,0xEB,0x19,0x48,0x8B,0x45,0xE0,0x8B,0x80,0xE0,0x00,0x00,0x00,0x85,
0xC0,0x0F,0x95,0xC0,0x0F,0xB6,0xC0,0xEB,0x05,0xB8,0x00,0x00,0x00,0x00,0x48,0x83,0xC4,0x20,0x5D,0xC3,
0x55,0x53,0x48,0x83,0xEC,0x48,0x48,0x8D,0x6C,0x24,0x40,0x89,0x4D,0x20,0x48,0x89,0x55,0x28,0x8B,0x45,
0x20,0x83,0xC0,0x01,0x48,0x98,0x48,0xC1,0xE0,0x03,0x48,0x89,0xC1,0xE8,0xE2,0x39,0x00,0x00,0x48,0x89,
0x45,0xF0,0x48,0x83,0x7D,0xF0,0x00,0x75,0x0A,0xB8,0x01,0x00,0x00,0x00,0xE9,0xFD,0x00,0x00,0x00,0x48,
0x8B,0x45,0x28,0x48,0x8B,0x00,0x48,0x89,0x45,0xE8,0xC7,0x45,0xFC,0x00,0x00,0x00,0x00,0xE9,0xAF,0x00,
0x00,0x00,0x8B,0x45,0xFC,0x48,0x98,0x48,0x8D,0x14,0xC5,0x00,0x00,0x00,0x00,0x48,0x8B,0x45,0xE8,0x48,
0x01,0xD0,0x48,0x8B,0x00,0x48,0x89,0xC1,0xE8,0x2F,0x38,0x00,0x00,0x48,0x83,0xC0,0x01,0x48,0x89,0x45,
0xE0,0x8B,0x45,0xFC,0x48,0x98,0x48,0x8D,0x14,0xC5,0x00,0x00,0x00,0x00,0x48,0x8B,0x45,0xF0,0x48,0x8D,
0x1C,0x02,0x48,0x8B,0x45,0xE0,0x48,0x89,0xC1,0xE8,0x6E,0x39,0x00,0x00,0x48,0x89,0x03,0x8B,0x45,0xFC,
0x48,0x98,0x48,0x8D,0x14,0xC5,0x00,0x00,0x00,0x00,0x48,0x8B,0x45,0xF0,0x48,0x01,0xD0,0x48,0x8B,0x00,
0x48,0x85,0xC0,0x75,0x07,0xB8,0x01,0x00,0x00,0x00,0xEB,0x78,0x8B,0x45,0xFC,0x48,0x98,0x48,0x8D,0x14,
0xC5,0x00,0x00,0x00,0x00,0x48,0x8B,0x45,0xE8,0x48,0x01,0xD0,0x48,0x8B,0x10,0x8B,0x45,0xFC,0x48,0x98,
0x48,0x8D,0x0C,0xC5,0x00,0x00,0x00,0x00,0x48,0x8B,0x45,0xF0,0x48,0x01,0xC8,0x48,0x8B,0x00,0x48,0x8B,
0x4D,0xE0,0x49,0x89,0xC8,0x48,0x89,0xC1,0xE8,0xBB,0x38,0x00,0x00,0x83,0x45,0xFC,0x01,0x8B,0x45,0xFC,
0x3B,0x45,0x20,0x0F,0x8C,0x45,0xFF,0xFF,0xFF,0x8B,0x45,0xFC,0x48,0x98,0x48,0x8D,0x14,0xC5,0x00,0x00,
0x00,0x00,0x48,0x8B,0x45,0xF0,0x48,0x01,0xD0,0x48,0xC7,0x00,0x00,0x00,0x00,0x00,0x48,0x8B,0x45,0x28,
0x48,0x8B,0x55,0xF0,0x48,0x89,0x10,0xB8,0x00,0x00,0x00,0x00,0x48,0x83,0xC4,0x48,0x5B,0x5D,0xC3,0x55,
0x48,0x89,0xE5,0x48,0x83,0xEC,0x20,0x48,0x89,0x4D,0x10,0x48,0x8B,0x45,0x10,0x48,0x89,0xC1,0xE8,0x01,
0x38,0x00,0x00,0x48,0x83,0xC4,0x20,0x5D,0xC3,0x90,0x90,0x90,0xC3,0x0F,0x1F,0x40,0x00,0x66,0x66,0x2E,
0x0F,0x1F,0x84,0x00,0x00,0x00,0x00,0x00,0x31,0xC0,0xC3,0x66,0x90,0x66,0x66,0x2E,0x0F,0x1F,0x84,0x00,
0x00,0x00,0x00,0x00,0x55,0x53,0x48,0x83,0xEC,0x38,0x48,0x8D,0x6C,0x24,0x30,0x48,0x8D,0x0D,0x7E,0x59,
0x00,0x00,0xFF,0x15,0x50,0xBE,0x00,0x00,0x48,0x89,0xC3,0x48,0x85,0xC0,0x74,0x70,0x48,0x8D,0x0D,0x69,
0x59,0x00,0x00,0xFF,0x15,0x73,0xBE,0x00,0x00,0x4C,0x8B,0x0D,0x3C,0xBE,0x00,0x00,0x48,0x8D,0x15,0x68,
0x59,0x00,0x00,0x48,0x89,0xD9,0x48,0x89,0x05,0x6B,0xA9,0x00,0x00,0x4C,0x89,0x4D,0xF0,0x41,0xFF,0xD1,
0x48,0x8D,0x15,0x66,0x59,0x00,0x00,0x48,0x89,0xD9,0x48,0x89,0x45,0xF8,0xFF,0x55,0xF0,0x4C,0x8B,0x45,
0xF8,0x48,0x89,0x05,0x28,0x49,0x00,0x00,0x4D,0x85,0xC0,0x74,0x11,0x48,0x8D,0x15,0x5C,0xA9,0x00,0x00,
0x48,0x8D,0x0D,0x15,0x79,0x00,0x00,0x41,0xFF,0xD0,0x48,0x8D,0x0D,0x2B,0x00,0x00,0x00,0x48,0x83,0xC4,
0x38,0x5B,0x5D,0xE9,0x2F,0xFF,0xFF,0xFF,0x48,0x8D,0x05,0x59,0xFF,0xFF,0xFF,0x4C,0x8D,0x05,0x42,0xFF,
0xFF,0xFF,0x48,0x89,0x05,0xEB,0x48,0x00,0x00,0xEB,0xC6,0x66,0x0F,0x1F,0x84,0x00,0x00,0x00,0x00,0x00,
0x55,0x48,0x89,0xE5,0x48,0x83,0xEC,0x20,0x48,0x8B,0x05,0xD1,0x48,0x00,0x00,0x48,0x85,0xC0,0x74,0x09,
0x48,0x8D,0x0D,0xC5,0x78,0x00,0x00,0xFF,0xD0,0x48,0x8B,0x0D,0xDC,0xA8,0x00,0x00,0x48,0x85,0xC9,0x74,
0x0F,0x48,0x83,0xC4,0x20,0x5D,0x48,0xFF,0x25,0x5B,0xBD,0x00,0x00,0x0F,0x1F,0x00,0x48,0x83,0xC4,0x20,
0x5D,0xC3,0x90,0x90,0x41,0x54,0x55,0x57,0x56,0x53,0x48,0x81,0xEC,0xF0,0x02,0x00,0x00,0x45,0x31,0xC9,
0x45,0x31,0xC0,0xBA,0x0D,0x00,0x00,0x00,0x48,0x8B,0x0D,0x21,0xA9,0x00,0x00,0x48,0x8B,0x2D,0xDA,0xBF,
0x00,0x00,0xFF,0xD5,0x48,0x63,0xF8,0x49,0x89,0xC4,0x48,0x8D,0x77,0x01,0x48,0x89,0xF1,0xE8,0x5E,0x37,
0x00,0x00,0x48,0x8B,0x0D,0xFF,0xA8,0x00,0x00,0x49,0x89,0xF0,0xBA,0x0D,0x00,0x00,0x00,0x48,0x89,0xC3,
0x49,0x89,0xC1,0xFF,0xD5,0x66,0x0F,0xEF,0xC0,0xC6,0x04,0x3B,0x00,0x31,0xC0,0x0F,0x11,0x84,0x24,0x98,
0x00,0x00,0x00,0x0F,0x11,0x84,0x24,0xA8,0x00,0x00,0x00,0x0F,0x11,0x84,0x24,0xB8,0x00,0x00,0x00,0x0F,
0x11,0x84,0x24,0xC8,0x00,0x00,0x00,0x89,0xC2,0x83,0xC0,0x40,0x0F,0x11,0x44,0x14,0x44,0x0F,0x11,0x44,
0x14,0x54,0x0F,0x11,0x44,0x14,0x64,0x0F,0x11,0x44,0x14,0x74,0x3D,0x80,0x00,0x00,0x00,0x72,0xE0,0x66,
0x0F,0x6F,0x05,0x3D,0x60,0x00,0x00,0x48,0x8B,0x05,0x9E,0xA8,0x00,0x00,0x31,0xD2,0x41,0xB8,0xE8,0x01,
0x00,0x00,0x48,0x8D,0x8C,0x24,0x00,0x01,0x00,0x00,0x48,0x8D,0xBC,0x24,0xE0,0x00,0x00,0x00,0xC7,0x44,
0x24,0x40,0x98,0x00,0x00,0x00,0x0F,0x29,0x84,0x24,0xE0,0x00,0x00,0x00,0x66,0x0F,0x6F,0x05,0x16,0x60,
0x00,0x00,0x48,0x89,0x44,0x24,0x48,0x48,0x8D,0x05,0x1A,0x58,0x00,0x00,0x48,0x89,0x44,0x24,0x58,0x0F,
0x29,0x84,0x24,0xF0,0x00,0x00,0x00,0xE8,0x28,0x35,0x00,0x00,0x48,0x89,0x7C,0x24,0x70,0x48,0x8D,0x4C,
0x24,0x40,0xC7,0x44,0x24,0x78,0x04,0x01,0x00,0x00,0xC7,0x84,0x24,0xA0,0x00,0x00,0x00,0x02,0x00,0x00,
0x00,0xFF,0x15,0xDD,0xBB,0x00,0x00,0x85,0xC0,0x75,0x19,0x48,0x89,0xD9,0x48,0x81,0xC4,0xF0,0x02,0x00,
0x00,0x5B,0x5E,0x5F,0x5D,0x41,0x5C,0xE9,0x5C,0x36,0x00,0x00,0x0F,0x1F,0x40,0x00,0x48,0x8D,0x15,0x01,
0x58,0x00,0x00,0x48,0x89,0xF9,0xFF,0x15,0xE0,0xBD,0x00,0x00,0x48,0x89,0xC5,0x48,0x85,0xC0,0x74,0xCF,
0x48,0x8D,0x0C,0x76,0xE8,0x3F,0x36,0x00,0x00,0x31,0xD2,0x45,0x89,0xE1,0x49,0x89,0xD8,0x48,0x89,0xC6,
0x43,0x8D,0x44,0x64,0x02,0xB9,0xE9,0xFD,0x00,0x00,0x48,0xC7,0x44,0x24,0x38,0x00,0x00,0x00,0x00,0x48,
0xC7,0x44,0x24,0x30,0x00,0x00,0x00,0x00,0x89,0x44,0x24,0x28,0x48,0x89,0x74,0x24,0x20,0xFF,0x15,0x69,
0xBC,0x00,0x00,0x85,0xC0,0x75,0x08,0x48,0x89,0xD9,0xE8,0x95,0x34,0x00,0x00,0x49,0x89,0xE9,0x41,0x89,
0xC0,0xBA,0x01,0x00,0x00,0x00,0x48,0x89,0xF1,0xE8,0x02,0x35,0x00,0x00,0x48,0x89,0xE9,0xE8,0xD2,0x34,
0x00,0x00,0x48,0x8B,0x0D,0x8B,0xA7,0x00,0x00,0x48,0x89,0xFA,0xFF,0x15,0x42,0xBE,0x00,0x00,0xE9,0x54,
0xFF,0xFF,0xFF,0x0F,0x1F,0x44,0x00,0x00,0x41,0x55,0xB8,0x38,0x19,0x00,0x00,0x41,0x54,0x55,0x57,0x56,
0x53,0xE8,0x6E,0x32,0x00,0x00,0x48,0x29,0xC4,0x4C,0x8B,0x25,0x14,0xBE,0x00,0x00,0x45,0x31,0xC9,0x45,
0x31,0xC0,0xBA,0x0D,0x00,0x00,0x00,0x48,0x8B,0x0D,0x42,0xA7,0x00,0x00,0x41,0xFF,0xD4,0x48,0x63,0xF8,
0x48,0x89,0xC5,0x48,0x8D,0x77,0x01,0x48,0x89,0xF1,0xE8,0x85,0x35,0x00,0x00,0x49,0x89,0xF0,0xBA,0x0D,
0x00,0x00,0x00,0x48,0x8B,0x0D,0x1E,0xA7,0x00,0x00,0x48,0x89,0xC3,0x49,0x89,0xC1,0x41,0xFF,0xD4,0x4C,
0x8B,0x25,0x5E,0xBB,0x00,0x00,0x48,0x8D,0x94,0x24,0xF0,0x00,0x00,0x00,0xC6,0x04,0x3B,0x00,0xB9,0x04,
0x01,0x00,0x00,0x41,0xFF,0xD4,0x48,0x8D,0x8C,0x24,0xF0,0x00,0x00,0x00,0xE8,0xFD,0x33,0x00,0x00,0x48,
0x8B,0x3D,0xCE,0xBD,0x00,0x00,0x48,0x8D,0x15,0xE7,0x56,0x00,0x00,0x48,0x8D,0x8C,0x44,0xF0,0x00,0x00,
0x00,0xFF,0xD7,0x48,0x8D,0x94,0x24,0x10,0x05,0x00,0x00,0xB9,0x04,0x01,0x00,0x00,0x41,0xFF,0xD4,0x48,
0x8D,0x8C,0x24,0x10,0x05,0x00,0x00,0xE8,0xC8,0x33,0x00,0x00,0x48,0x8D,0x15,0xD9,0x56,0x00,0x00,0x48,
0x8D,0x8C,0x44,0x10,0x05,0x00,0x00,0xFF,0xD7,0x48,0x8D,0x8C,0x24,0x10,0x05,0x00,0x00,0x4C,0x8B,0x2D,
0x98,0xBA,0x00,0x00,0x41,0xFF,0xD5,0x45,0x31,0xC9,0x45,0x31,0xC0,0xBA,0x00,0x00,0x00,0x40,0xC7,0x44,
0x24,0x28,0x80,0x00,0x00,0x00,0x48,0x8D,0x8C,0x24,0xF0,0x00,0x00,0x00,0x48,0xC7,0x44,0x24,0x30,0x00,
0x00,0x00,0x00,0xC7,0x44,0x24,0x20,0x02,0x00,0x00,0x00,0xFF,0x15,0x4B,0xBA,0x00,0x00,0x49,0x89,0xC4,
0x48,0x83,0xF8,0xFF,0x74,0x7A,0xC7,0x84,0x24,0x30,0x09,0x00,0x00,0x00,0x00,0x00,0x00,0x48,0x8D,0x0C,
0x76,0xE8,0x9E,0x34,0x00,0x00,0x41,0x89,0xE9,0x49,0x89,0xD8,0x31,0xD2,0x48,0x89,0xC6,0x8D,0x44,0x6D,
0x02,0xB9,0xE9,0xFD,0x00,0x00,0x48,0xC7,0x44,0x24,0x38,0x00,0x00,0x00,0x00,0x48,0xC7,0x44,0x24,0x30,
0x00,0x00,0x00,0x00,0x89,0x44,0x24,0x28,0x48,0x89,0x74,0x24,0x20,0xFF,0x15,0xC9,0xBA,0x00,0x00,0x4C,
0x8D,0x8C,0x24,0x30,0x09,0x00,0x00,0x48,0x89,0xF2,0x4C,0x89,0xE1,0x48,0xC7,0x44,0x24,0x20,0x00,0x00,
0x00,0x00,0x41,0x89,0xC0,0xFF,0x15,0xB1,0xBA,0x00,0x00,0x4C,0x89,0xE1,0xFF,0x15,0xC8,0xB9,0x00,0x00,
0x48,0x89,0xF1,0xE8,0x30,0x34,0x00,0x00,0x48,0x89,0xD9,0xE8,0x28,0x34,0x00,0x00,0x31,0xC9,0x48,0x8D,
0x94,0x24,0x00,0x03,0x00,0x00,0x41,0xB8,0x04,0x01,0x00,0x00,0xFF,0x15,0xF2,0xB9,0x00,0x00,0xBA,0x5C,
0x00,0x00,0x00,0x48,0x8D,0x8C,0x24,0x00,0x03,0x00,0x00,0xE8,0xC0,0x33,0x00,0x00,0x48,0x85,0xC0,0x0F,
0x84,0xAF,0x02,0x00,0x00,0x48,0x8D,0x48,0x02,0x48,0x8D,0x15,0x02,0x56,0x00,0x00,0xE8,0x9F,0x32,0x00,
0x00,0x48,0x8D,0x8C,0x24,0x00,0x03,0x00,0x00,0xFF,0x15,0xA9,0xB9,0x00,0x00,0x83,0xF8,0xFF,0x0F,0x84,
0x88,0x02,0x00,0x00,0x66,0x83,0xBC,0x24,0x00,0x03,0x00,0x00,0x00,0x0F,0x84,0xA8,0x02,0x00,0x00,0x41,
0xB8,0x04,0x01,0x00,0x00,0x48,0x8D,0x94,0x24,0x20,0x07,0x00,0x00,0x48,0x8D,0x0D,0x74,0x56,0x00,0x00,
0xFF,0x15,0x6E,0xB9,0x00,0x00,0x83,0xE8,0x01,0x3D,0x02,0x01,0x00,0x00,0x0F,0x87,0xD0,0x02,0x00,0x00,
0x48,0x8D,0x84,0x24,0x10,0x05,0x00,0x00,0x4C,0x8D,0x8C,0x24,0x00,0x03,0x00,0x00,0x48,0x89,0x44,0x24,
0x28,0x48,0x8D,0x84,0x24,0xF0,0x00,0x00,0x00,0x4C,0x8D,0x84,0x24,0x20,0x07,0x00,0x00,0x48,0x8D,0x15,
0x7C,0x56,0x00,0x00,0x48,0x8D,0x8C,0x24,0x30,0x09,0x00,0x00,0x48,0x89,0x44,0x24,0x20,0xFF,0xD7,0x48,
0x8D,0x44,0x24,0x60,0x66,0x0F,0xEF,0xC0,0x45,0x31,0xC9,0x48,0x89,0x44,0x24,0x48,0x48,0x8D,0x84,0x24,
0x80,0x00,0x00,0x00,0x45,0x31,0xC0,0x31,0xC9,0x0F,0x11,0x84,0x24,0xB4,0x00,0x00,0x00,0x48,0x8D,0x94,
0x24,0x30,0x09,0x00,0x00,0xC7,0x84,0x24,0xE4,0x00,0x00,0x00,0x00,0x00,0x00,0x00,0xC7,0x84,0x24,0x80,
0x00,0x00,0x00,0x68,0x00,0x00,0x00,0x48,0xC7,0x44,0x24,0x70,0x00,0x00,0x00,0x00,0xC7,0x84,0x24,0xBC,
0x00,0x00,0x00,0x01,0x00,0x00,0x00,0x48,0x89,0x44,0x24,0x40,0x48,0xC7,0x44,0x24,0x38,0x00,0x00,0x00,
0x00,0x48,0xC7,0x44,0x24,0x30,0x00,0x00,0x00,0x00,0xC7,0x44,0x24,0x28,0x00,0x00,0x00,0x08,0xC7,0x44,
0x24,0x20,0x00,0x00,0x00,0x00,0x0F,0x11,0x84,0x24,0x84,0x00,0x00,0x00,0x0F,0x11,0x84,0x24,0x94,0x00,
0x00,0x00,0x0F,0x11,0x84,0x24,0xA4,0x00,0x00,0x00,0x0F,0x11,0x84,0x24,0xC4,0x00,0x00,0x00,0x0F,0x11,
0x84,0x24,0xD4,0x00,0x00,0x00,0x0F,0x29,0x44,0x24,0x60,0xFF,0x15,0x4B,0xB8,0x00,0x00,0x85,0xC0,0x0F,
0x84,0xB3,0x01,0x00,0x00,0xBA,0x60,0xEA,0x00,0x00,0x48,0x8B,0x4C,0x24,0x60,0xFF,0x15,0xF3,0xB8,0x00,
0x00,0x48,0x8B,0x1D,0x1C,0xB8,0x00,0x00,0x48,0x8B,0x4C,0x24,0x68,0xFF,0xD3,0x48,0x8B,0x4C,0x24,0x60,
0xFF,0xD3,0x48,0x8D,0x15,0xCF,0x55,0x00,0x00,0x48,0x8D,0x8C,0x24,0x10,0x05,0x00,0x00,0xFF,0x15,0x01,
0xBA,0x00,0x00,0x48,0x89,0xC3,0x48,0x85,0xC0,0x0F,0x84,0x59,0x01,0x00,0x00,0x31,0xD2,0x41,0xB8,0x02,
0x00,0x00,0x00,0x48,0x89,0xC1,0xE8,0x5D,0x31,0x00,0x00,0x48,0x89,0xD9,0xE8,0x5D,0x31,0x00,0x00,0x45,
0x31,0xC0,0x31,0xD2,0x48,0x89,0xD9,0x48,0x63,0xF8,0xE8,0x45,0x31,0x00,0x00,0x48,0x8D,0x4F,0x01,0xE8,
0x34,0x32,0x00,0x00,0x49,0x89,0xD9,0x49,0x89,0xF8,0xBA,0x01,0x00,0x00,0x00,0x48,0x89,0xC1,0x48,0x89,
0xC6,0xE8,0x1E,0x31,0x00,0x00,0x48,0x89,0xD9,0xC6,0x04,0x06,0x00,0x48,0x89,0xC5,0xE8,0xFF,0x30,0x00,
0x00,0x4C,0x8B,0x25,0x78,0xBA,0x00,0x00,0x48,0x8B,0x0D,0xA1,0xA3,0x00,0x00,0x48,0x8D,0x15,0x92,0x55,
0x00,0x00,0x41,0xFF,0xD4,0x4C,0x8B,0x15,0x18,0xB8,0x00,0x00,0x41,0x89,0xE9,0x49,0x89,0xF0,0x31,0xD2,
0xC7,0x44,0x24,0x28,0x00,0x00,0x00,0x00,0xB9,0xE9,0xFD,0x00,0x00,0x4C,0x89,0x54,0x24,0x58,0x48,0xC7,
0x44,0x24,0x20,0x00,0x00,0x00,0x00,0x41,0xFF,0xD2,0x8D,0x58,0x01,0x89,0x44,0x24,0x54,0x48,0x63,0xDB,
0x48,0x8D,0x0C,0x1B,0xE8,0xB7,0x31,0x00,0x00,0x8B,0x54,0x24,0x54,0x41,0x89,0xE9,0x49,0x89,0xF0,0x48,
0x89,0xC7,0x48,0x89,0x44,0x24,0x20,0xB9,0xE9,0xFD,0x00,0x00,0x89,0x54,0x24,0x28,0x31,0xD2,0xFF,0x54,
0x24,0x58,0x31,0xC0,0x48,0x89,0xFA,0x48,0x8B,0x0D,0x2A,0xA3,0x00,0x00,0x66,0x89,0x44,0x5F,0xFE,0x41,
0xFF,0xD4,0x48,0x89,0xF9,0xE8,0x72,0x31,0x00,0x00,0x48,0x89,0xF1,0xE8,0x6A,0x31,0x00,0x00,0x48,0x8D,
0x8C,0x24,0x10,0x05,0x00,0x00,0x41,0xFF,0xD5,0x90,0x48,0x81,0xC4,0x38,0x19,0x00,0x00,0x5B,0x5E,0x5F,
0x5D,0x41,0x5C,0x41,0x5D,0xC3,0x66,0x0F,0x1F,0x44,0x00,0x00,0x41,0xB8,0x04,0x01,0x00,0x00,0x48,0x8D,
0x94,0x24,0x00,0x03,0x00,0x00,0x48,0x8D,0x0D,0x2F,0x53,0x00,0x00,0xFF,0x15,0xF5,0xB6,0x00,0x00,0x83,
0xE8,0x01,0x3D,0x02,0x01,0x00,0x00,0x76,0x7B,0x31,0xD2,0x66,0x89,0x94,0x24,0x00,0x03,0x00,0x00,0x48,
0x8B,0x0D,0xBA,0xA2,0x00,0x00,0x48,0x8D,0x15,0x63,0x53,0x00,0x00,0xFF,0x15,0x7D,0xB9,0x00,0x00,0x90,
0x48,0x81,0xC4,0x38,0x19,0x00,0x00,0x5B,0x5E,0x5F,0x5D,0x41,0x5C,0x41,0x5D,0xC3,0x0F,0x1F,0x40,0x00,
0x48,0x8B,0x0D,0x91,0xA2,0x00,0x00,0x48,0x8D,0x15,0x42,0x54,0x00,0x00,0xFF,0x15,0x54,0xB9,0x00,0x00,
0x90,0x48,0x81,0xC4,0x38,0x19,0x00,0x00,0x5B,0x5E,0x5F,0x5D,0x41,0x5C,0x41,0x5D,0xC3,0x0F,0x1F,0x00,
0x48,0x8D,0x15,0x99,0x53,0x00,0x00,0x48,0x8D,0x8C,0x24,0x20,0x07,0x00,0x00,0xE8,0x6C,0x2F,0x00,0x00,
0xE9,0x17,0xFD,0xFF,0xFF,0x0F,0x1F,0x80,0x00,0x00,0x00,0x00,0x48,0x8D,0x8C,0x24,0x00,0x03,0x00,0x00,
0x48,0x8D,0x15,0xC9,0x52,0x00,0x00,0xE8,0x44,0x2F,0x00,0x00,0x48,0x8D,0x8C,0x24,0x00,0x03,0x00,0x00,
0xFF,0x15,0x56,0xB6,0x00,0x00,0x83,0xF8,0xFF,0x0F,0x84,0x5A,0xFF,0xFF,0xFF,0xE9,0xA8,0xFC,0xFF,0xFF,
0x0F,0x1F,0x84,0x00,0x00,0x00,0x00,0x00,0x41,0x57,0x41,0x56,0x41,0x55,0x41,0x54,0x55,0x57,0x56,0x53,
0x48,0x81,0xEC,0xF8,0x00,0x00,0x00,0x0F,0x29,0xB4,0x24,0xC0,0x00,0x00,0x00,0x0F,0x29,0xBC,0x24,0xD0,
0x00,0x00,0x00,0x44,0x0F,0x29,0x84,0x24,0xE0,0x00,0x00,0x00,0x48,0x8B,0x0D,0xED,0xA1,0x00,0x00,0x45,
0x31,0xC9,0x45,0x31,0xC0,0x48,0x8B,0x2D,0xA0,0xB8,0x00,0x00,0xBA,0x0B,0x00,0x00,0x00,0xC7,0x05,0xB1,
0xA1,0x00,0x00,0x01,0x00,0x00,0x00,0xFF,0xD5,0x48,0x8B,0x0D,0xC8,0xA1,0x00,0x00,0x45,0x31,0xC9,0x45,
0x31,0xC0,0xBA,0x0D,0x00,0x00,0x00,0xFF,0xD5,0x48,0x63,0xF0,0x48,0x89,0xC3,0x48,0x8D,0x4E,0x01,0xE8,
0x04,0x30,0x00,0x00,0x48,0x89,0xC7,0x48,0x85,0xC0,0x0F,0x84,0x2D,0x02,0x00,0x00,0x45,0x31,0xC9,0x45,
0x31,0xC0,0xBA,0x0D,0x00,0x00,0x00,0x48,0x8B,0x0D,0x8E,0xA1,0x00,0x00,0xFF,0xD5,0x48,0x8B,0x0D,0x85,
0xA1,0x00,0x00,0x49,0x89,0xF9,0x4C,0x8D,0x46,0x01,0xBA,0x0D,0x00,0x00,0x00,0xFF,0xD5,0x4C,0x8B,0x25,
0x70,0xA1,0x00,0x00,0x66,0x0F,0xEF,0xC0,0x45,0x31,0xC0,0xF3,0x0F,0x7E,0x3D,0x21,0x59,0x00,0x00,0x0F,
0x11,0x44,0x24,0x4C,0x49,0x89,0xF1,0xBA,0xB1,0x00,0x00,0x00,0x4C,0x89,0xE1,0xC6,0x04,0x37,0x00,0x48,
0xC7,0x84,0x24,0xAC,0x00,0x00,0x00,0x00,0x00,0x00,0x00,0xC7,0x44,0x24,0x48,0x00,0x00,0x00,0x00,0xC7,
0x44,0x24,0x54,0x20,0x1B,0x1D,0x00,0x0F,0x11,0x44,0x24,0x5C,0x0F,0x11,0x44,0x24,0x6C,0x0F,0x11,0x44,
0x24,0x7C,0x0F,0x11,0x84,0x24,0x8C,0x00,0x00,0x00,0x0F,0x11,0x84,0x24,0x9C,0x00,0x00,0x00,0x66,0x0F,
0xD6,0x7C,0x24,0x40,0xFF,0xD5,0x4C,0x8D,0x4C,0x24,0x40,0x41,0xB8,0x01,0x00,0x00,0x00,0x4C,0x89,0xE1,
0xBA,0x44,0x04,0x00,0x00,0xFF,0xD5,0x85,0xDB,0x0F,0x8E,0x4A,0x01,0x00,0x00,0xC7,0x44,0x24,0x38,0x00,
0x00,0x00,0x00,0x49,0x89,0xFB,0x45,0x31,0xFF,0x31,0xF6,0x45,0x31,0xF6,0x45,0x31,0xD2,0x66,0x0F,0xEF,
0xF6,0x48,0x89,0xDF,0x44,0x89,0xD0,0x4C,0x63,0xE6,0x44,0x8D,0x6E,0x01,0x44,0x89,0xFB,0x44,0x09,0xF0,
0x43,0x0F,0xB6,0x14,0x23,0x4D,0x89,0xE0,0x09,0xC3,0x44,0x39,0xEF,0x0F,0x8F,0x3D,0x02,0x00,0x00,0x44,
0x89,0xD0,0x41,0x21,0xDE,0x44,0x09,0xF8,0x89,0xC1,0x44,0x09,0xF1,0x0F,0x85,0xD1,0x03,0x00,0x00,0x48,
0x89,0x6C,0x24,0x28,0x48,0x89,0xFB,0x31,0xC9,0x4C,0x89,0xDF,0x4C,0x63,0xD1,0x4E,0x8D,0x24,0x17,0x45,
0x0F,0xB6,0x0C,0x24,0x41,0x80,0xF9,0x5F,0x0F,0x8F,0xEE,0x01,0x00,0x00,0x41,0x80,0xF9,0x2F,0x0F,0x8E,
0xF0,0x01,0x00,0x00,0x48,0xBE,0xFF,0x03,0xFE,0xFF,0xFF,0x87,0x00,0x00,0x41,0x8D,0x41,0xD0,0x48,0x0F,
0xA3,0xC6,0x0F,0x83,0xD8,0x01,0x00,0x00,0x39,0xCB,0x0F,0x8E,0x4C,0x06,0x00,0x00,0x4C,0x89,0xE2,0x89,
0xCE,0xEB,0x27,0x0F,0x1F,0x44,0x00,0x00,0x3C,0x2F,0x7E,0x2C,0x49,0xBB,0xFF,0x03,0xFE,0xFF,0xFF,0x87,
0x00,0x00,0x83,0xE8,0x30,0x49,0x0F,0xA3,0xC3,0x73,0x19,0x83,0xC6,0x01,0x48,0x83,0xC2,0x01,0x39,0xF3,
0x74,0x0E,0x0F,0xB6,0x02,0x3C,0x5F,0x7E,0xD7,0x83,0xE8,0x61,0x3C,0x19,0x76,0xE7,0x85,0xC9,0x0F,0x8E,
0xF8,0x04,0x00,0x00,0x31,0xC0,0x45,0x31,0xF6,0x45,0x31,0xFF,0x31,0xD2,0x8D,0x68,0x01,0x44,0x0F,0xB6,
0x04,0x07,0x45,0x31,0xDB,0x39,0xEB,0x7E,0x06,0x44,0x0F,0xB6,0x5C,0x07,0x01,0x41,0x80,0xF8,0x22,0x40,
0x0F,0x94,0xC5,0x85,0xD2,0x0F,0x85,0xD5,0x00,0x00,0x00,0x40,0x84,0xED,0x0F,0x84,0xC8,0x00,0x00,0x00,
0xBA,0x01,0x00,0x00,0x00,0x48,0x83,0xC0,0x01,0x49,0x39,0xC2,0x75,0xC4,0x44,0x09,0xFA,0x44,0x09,0xF2,
0x0F,0x84,0xA6,0x04,0x00,0x00,0x89,0xF1,0x0F,0x1F,0x40,0x00,0x39,0xCB,0x0F,0x8F,0x1C,0xFF,0xFF,0xFF,
0x48,0x8B,0x6C,0x24,0x28,0x48,0x89,0xF9,0xE8,0xEB,0x2D,0x00,0x00,0x45,0x31,0xC9,0x45,0x31,0xC0,0xBA,
0x0D,0x00,0x00,0x00,0x48,0x8B,0x0D,0x89,0x9F,0x00,0x00,0xFF,0xD5,0x48,0x8B,0x0D,0x80,0x9F,0x00,0x00,
0xBA,0xB1,0x00,0x00,0x00,0x4C,0x63,0xC0,0x4D,0x89,0xC1,0xFF,0xD5,0x45,0x31,0xC9,0x41,0xB8,0x01,0x00,
0x00,0x00,0xBA,0x0B,0x00,0x00,0x00,0x48,0x8B,0x0D,0x5E,0x9F,0x00,0x00,0xFF,0xD5,0x48,0x8B,0x0D,0x55,
0x9F,0x00,0x00,0x45,0x31,0xC0,0x31,0xD2,0x41,0xB9,0x05,0x00,0x00,0x00,0xFF,0x15,0xF4,0xB5,0x00,0x00,
0x90,0x0F,0x28,0xB4,0x24,0xC0,0x00,0x00,0x00,0x0F,0x28,0xBC,0x24,0xD0,0x00,0x00,0x00,0xC7,0x05,0x09,
0x9F,0x00,0x00,0x00,0x00,0x00,0x00,0x44,0x0F,0x28,0x84,0x24,0xE0,0x00,0x00,0x00,0x48,0x81,0xC4,0xF8,
0x00,0x00,0x00,0x5B,0x5E,0x5F,0x5D,0x41,0x5C,0x41,0x5D,0x41,0x5E,0x41,0x5F,0xC3,0x0F,0x1F,0x40,0x00,
0x85,0xD2,0x74,0x4C,0x40,0x84,0xED,0x74,0x47,0x48,0x85,0xC0,0x0F,0x84,0x26,0xFF,0xFF,0xFF,0x80,0x7C,
0x07,0xFF,0x5C,0x0F,0x84,0x1B,0xFF,0xFF,0xFF,0x41,0x80,0xF8,0x2F,0x40,0x0F,0x94,0xC5,0x45,0x85,0xFF,
0x75,0x1C,0x41,0x80,0xFB,0x2A,0x0F,0x85,0x87,0x06,0x00,0x00,0x40,0x84,0xED,0x0F,0x84,0x7E,0x06,0x00,
0x00,0x41,0xBE,0x01,0x00,0x00,0x00,0x45,0x31,0xFF,0x31,0xD2,0xE9,0xF0,0xFE,0xFF,0xFF,0x0F,0x1F,0x00,
0x89,0xD5,0x44,0x09,0xFD,0x0F,0x85,0xFD,0x02,0x00,0x00,0x41,0x80,0xF8,0x2F,0x40,0x0F,0x94,0xC5,0x41,
0x80,0xFB,0x2F,0x75,0xC1,0x31,0xD2,0x41,0xBF,0x01,0x00,0x00,0x00,0x40,0x84,0xED,0x0F,0x85,0xC3,0xFE,
0xFF,0xFF,0xEB,0xAE,0x0F,0x1F,0x40,0x00,0x41,0x8D,0x41,0x9F,0x3C,0x19,0x0F,0x86,0x28,0xFE,0xFF,0xFF,
0x83,0xC1,0x01,0xE9,0xC4,0xFE,0xFF,0xFF,0x0F,0x1F,0x40,0x00,0x43,0x0F,0xB6,0x4C,0x23,0x01,0x85,0xDB,
0x0F,0x85,0x82,0x02,0x00,0x00,0x80,0xFA,0x2F,0x0F,0x94,0xC0,0x80,0xF9,0x2F,0x0F,0x85,0x7B,0x05,0x00,
0x00,0x84,0xC0,0x0F,0x84,0x73,0x05,0x00,0x00,0x45,0x31,0xFF,0x4C,0x89,0x5C,0x24,0x28,0x4D,0x63,0xCD,
0x4D,0x89,0xE0,0xBA,0xB1,0x00,0x00,0x00,0x4C,0x8B,0x35,0x31,0x9E,0x00,0x00,0x0F,0x11,0x74,0x24,0x4C,
0x48,0xC7,0x84,0x24,0xAC,0x00,0x00,0x00,0x00,0x00,0x00,0x00,0x4C,0x89,0xF1,0xC7,0x44,0x24,0x48,0x00,
0x00,0x00,0x00,0xC7,0x44,0x24,0x54,0x8B,0x8F,0x90,0x00,0x0F,0x11,0x74,0x24,0x5C,0x0F,0x11,0x74,0x24,
0x6C,0x0F,0x11,0x74,0x24,0x7C,0x0F,0x11,0xB4,0x24,0x8C,0x00,0x00,0x00,0x0F,0x11,0xB4,0x24,0x9C,0x00,
0x00,0x00,0x66,0x0F,0xD6,0x7C,0x24,0x40,0xFF,0xD5,0x4C,0x89,0xF1,0x4C,0x8D,0x4C,0x24,0x40,0x41,0xB8,
0x01,0x00,0x00,0x00,0xBA,0x44,0x04,0x00,0x00,0x41,0xBE,0x01,0x00,0x00,0x00,0xFF,0xD5,0x44,0x89,0xE8,
0x4C,0x8B,0x5C,0x24,0x28,0x41,0x89,0xF5,0x41,0x89,0xDA,0x89,0xC6,0x45,0x85,0xFF,0x75,0x56,0x39,0xF7,
0x0F,0x8F,0xDE,0xFC,0xFF,0xFF,0xE9,0x10,0xFD,0xFF,0xFF,0x66,0x0F,0x1F,0x84,0x00,0x00,0x00,0x00,0x00,
0x80,0xFA,0x22,0x0F,0x85,0x72,0x05,0x00,0x00,0x41,0xF6,0xC2,0x01,0x0F,0x84,0x68,0x05,0x00,0x00,0x85,
0xF6,0x0F,0x8F,0x45,0x02,0x00,0x00,0x45,0x85,0xF6,0x0F,0x85,0x83,0x03,0x00,0x00,0x89,0xF0,0x41,0xBA,
0x01,0x00,0x00,0x00,0x44,0x89,0xEE,0x41,0x89,0xC5,0x0F,0x1F,0x00,0x66,0x66,0x2E,0x0F,0x1F,0x84,0x00,
0x00,0x00,0x00,0x00,0x4D,0x63,0xC5,0x48,0x8B,0x1D,0x56,0x9D,0x00,0x00,0x4C,0x89,0x5C,0x24,0x30,0x4C,
0x63,0xCE,0xBA,0xB1,0x00,0x00,0x00,0x44,0x89,0x54,0x24,0x28,0x41,0xBF,0x01,0x00,0x00,0x00,0x0F,0x11,
0x74,0x24,0x4C,0x48,0x89,0xD9,0x48,0xC7,0x84,0x24,0xAC,0x00,0x00,0x00,0x00,0x00,0x00,0x00,0xC7,0x44,
0x24,0x48,0x00,0x00,0x00,0x00,0xC7,0x44,0x24,0x54,0x8B,0x8F,0x90,0x00,0x0F,0x11,0x74,0x24,0x5C,0x0F,
0x11,0x74,0x24,0x6C,0x0F,0x11,0x74,0x24,0x7C,0x0F,0x11,0xB4,0x24,0x8C,0x00,0x00,0x00,0x0F,0x11,0xB4,
0x24,0x9C,0x00,0x00,0x00,0x66,0x0F,0xD6,0x7C,0x24,0x40,0xFF,0xD5,0x4C,0x8D,0x4C,0x24,0x40,0x41,0xB8,
0x01,0x00,0x00,0x00,0x48,0x89,0xD9,0xBA,0x44,0x04,0x00,0x00,0xFF,0xD5,0x44,0x8B,0x54,0x24,0x28,0x4C,
0x8B,0x5C,0x24,0x30,0xE9,0x19,0xFF,0xFF,0xFF,0x0F,0x1F,0x80,0x00,0x00,0x00,0x00,0x44,0x89,0xD1,0x83,
0xF1,0x01,0x44,0x85,0xF9,0x0F,0x85,0x29,0x01,0x00,0x00,0x80,0xFA,0x0A,0x75,0x14,0x41,0xF6,0xC6,0x01,
0x0F,0x85,0xFA,0x03,0x00,0x00,0x66,0x2E,0x0F,0x1F,0x84,0x00,0x00,0x00,0x00,0x00,0x80,0xFA,0x22,0x0F,
0x85,0x82,0x04,0x00,0x00,0x41,0xF6,0xC2,0x01,0x0F,0x84,0x78,0x04,0x00,0x00,0x85,0xF6,0x0F,0x8E,0x65,
0x01,0x00,0x00,0x43,0x80,0x7C,0x23,0xFF,0x5C,0x0F,0x84,0x59,0x01,0x00,0x00,0x48,0x8B,0x1D,0x72,0x9C,
0x00,0x00,0x44,0x8D,0x4E,0x01,0x4C,0x89,0x5C,0x24,0x28,0xBA,0xB1,0x00,0x00,0x00,0x4C,0x63,0x44,0x24,
0x38,0x4D,0x63,0xC9,0x0F,0x11,0x74,0x24,0x4C,0x48,0x89,0xD9,0xC7,0x44,0x24,0x48,0x00,0x00,0x00,0x00,
0x48,0xC7,0x84,0x24,0xAC,0x00,0x00,0x00,0x00,0x00,0x00,0x00,0xC7,0x44,0x24,0x54,0x00,0x7A,0x3B,0x00,
0x0F,0x11,0x74,0x24,0x5C,0x0F,0x11,0x74,0x24,0x6C,0x0F,0x11,0x74,0x24,0x7C,0x0F,0x11,0xB4,0x24,0x8C,
0x00,0x00,0x00,0x0F,0x11,0xB4,0x24,0x9C,0x00,0x00,0x00,0x66,0x0F,0xD6,0x7C,0x24,0x40,0xFF,0xD5,0x48,
0x89,0xD9,0x4C,0x8D,0x4C,0x24,0x40,0x41,0xB8,0x01,0x00,0x00,0x00,0xBA,0x44,0x04,0x00,0x00,0x31,0xDB,
0xFF,0xD5,0x4C,0x8B,0x5C,0x24,0x28,0x45,0x85,0xF6,0x0F,0x85,0xA4,0xFD,0xFF,0xFF,0x41,0x89,0xDA,0x41,
0x87,0xF5,0xE9,0x26,0xFE,0xFF,0xFF,0x90,0x45,0x89,0xD1,0x41,0x83,0xF1,0x01,0x45,0x85,0xF9,0x0F,0x84,
0x0F,0x03,0x00,0x00,0x80,0xFA,0x2A,0x75,0x3B,0x80,0xF9,0x2F,0x75,0x36,0x83,0xC6,0x02,0x85,0xC0,0x75,
0x4F,0x45,0x31,0xD2,0x45,0x31,0xFF,0x45,0x31,0xF6,0xE9,0xFB,0xFD,0xFF,0xFF,0x90,0x41,0x80,0xF8,0x0A,
0x0F,0x85,0x5E,0x03,0x00,0x00,0x45,0x85,0xFF,0x0F,0x84,0x55,0x03,0x00,0x00,0x45,0x31,0xFF,0xE9,0xCA,
0xFB,0xFF,0xFF,0x0F,0x1F,0x44,0x00,0x00,0x80,0xFA,0x0A,0x0F,0x85,0xE7,0xFD,0xFF,0xFF,0x41,0xF6,0xC6,
0x01,0x0F,0x84,0xDD,0xFD,0xFF,0xFF,0x44,0x89,0xEE,0x45,0x31,0xF6,0xE9,0x15,0xFE,0xFF,0xFF,0x66,0x90,
0x45,0x85,0xF6,0x74,0x21,0x89,0xF0,0x4D,0x63,0xE5,0x44,0x89,0xD3,0x4C,0x89,0xE6,0x41,0x89,0xC5,0xE9,
0x0D,0xFD,0xFF,0xFF,0x0F,0x1F,0x84,0x00,0x00,0x00,0x00,0x00,0x44,0x89,0xEE,0x45,0x31,0xD2,0x45,0x31,
0xFF,0xE9,0x8C,0xFD,0xFF,0xFF,0x66,0x90,0x43,0x80,0x7C,0x23,0xFF,0x5C,0x0F,0x84,0xAF,0xFD,0xFF,0xFF,
0x41,0xBF,0x01,0x00,0x00,0x00,0xE9,0xB0,0xFE,0xFF,0xFF,0x66,0x0F,0x1F,0x84,0x00,0x00,0x00,0x00,0x00,
0xBB,0x01,0x00,0x00,0x00,0xE9,0x21,0xFF,0xFF,0xFF,0x66,0x0F,0x1F,0x44,0x00,0x00,0x41,0x89,0xF6,0x44,
0x88,0x4C,0x24,0x38,0x41,0x29,0xCE,0x4C,0x89,0x54,0x24,0x30,0x4D,0x63,0xF6,0x49,0x8D,0x4E,0x01,0xE8,
0x4C,0x29,0x00,0x00,0x4D,0x89,0xF0,0x4C,0x89,0xE2,0x4C,0x8D,0x25,0x87,0x52,0x00,0x00,0x48,0x89,0xC1,
0x49,0x89,0xC5,0xE8,0xE4,0x28,0x00,0x00,0x44,0x0F,0xB6,0x7C,0x24,0x38,0x43,0xC6,0x44,0x35,0x00,0x00,
0x45,0x31,0xF6,0x48,0x8B,0x6C,0x24,0x30,0x48,0x89,0x5C,0x24,0x30,0x48,0x8D,0x1D,0xDC,0x51,0x00,0x00,
0x90,0x66,0x66,0x2E,0x0F,0x1F,0x84,0x00,0x00,0x00,0x00,0x00,0x48,0x8B,0x13,0x4C,0x89,0xE9,0xE8,0x8D,
0x27,0x00,0x00,0x85,0xC0,0x0F,0x94,0xC0,0x48,0x83,0xC3,0x08,0x0F,0xB6,0xC0,0x41,0x09,0xC6,0x4C,0x39,
0xE3,0x75,0xE1,0x48,0x8B,0x5C,0x24,0x30,0x45,0x89,0xF9,0x48,0x89,0x6C,0x24,0x30,0x45,0x31,0xE4,0x48,
0x8D,0x2D,0x7A,0x50,0x00,0x00,0x48,0x89,0x5C,0x24,0x38,0x4C,0x8D,0xBD,0xC8,0x00,0x00,0x00,0x48,0x89,
0xEB,0x44,0x89,0xCD,0x0F,0x1F,0x84,0x00,0x00,0x00,0x00,0x00,0x48,0x8B,0x13,0x4C,0x89,0xE9,0xE8,0x3D,
0x27,0x00,0x00,0x85,0xC0,0x0F,0x94,0xC0,0x48,0x83,0xC3,0x08,0x0F,0xB6,0xC0,0x41,0x09,0xC4,0x4C,0x39,
0xFB,0x75,0xE1,0x4C,0x8B,0x54,0x24,0x30,0x48,0x8B,0x5C,0x24,0x38,0x4C,0x8B,0x3D,0x30,0x9A,0x00,0x00,
0x45,0x85,0xF6,0x0F,0x85,0xB4,0x00,0x00,0x00,0x45,0x85,0xE4,0x75,0x34,0x44,0x8D,0x4D,0xD0,0x41,0x80,
0xF9,0x09,0x0F,0x86,0xED,0x00,0x00,0x00,0x4C,0x89,0xE9,0xE8,0x5C,0x28,0x00,0x00,0x89,0xF1,0xE9,0x55,
0xFA,0xFF,0xFF,0x0F,0x1F,0x44,0x00,0x00,0x89,0xCE,0xE9,0xF1,0xF9,0xFF,0xFF,0x45,0x89,0xF7,0x44,0x89,
0xF3,0xE9,0xA6,0xFB,0xFF,0xFF,0x66,0x0F,0xEF,0xC0,0xC7,0x44,0x24,0x48,0x00,0x00,0x00,0x00,0x0F,0x11,
0x44,0x24,0x4C,0x48,0xC7,0x84,0x24,0xAC,0x00,0x00,0x00,0x00,0x00,0x00,0x00,0xC7,0x44,0x24,0x54,0x00,
0x6A,0xB9,0x00,0x0F,0x11,0x44,0x24,0x5C,0x0F,0x11,0x44,0x24,0x6C,0x0F,0x11,0x44,0x24,0x7C,0x0F,0x11,
0x84,0x24,0x8C,0x00,0x00,0x00,0x0F,0x11,0x84,0x24,0x9C,0x00,0x00,0x00,0x66,0x0F,0xD6,0x7C,0x24,0x40,
0x4C,0x63,0xCE,0x4D,0x89,0xD0,0x4C,0x89,0xF9,0x4C,0x8B,0x74,0x24,0x28,0xBA,0xB1,0x00,0x00,0x00,0x41,
0xFF,0xD6,0x4C,0x8D,0x4C,0x24,0x40,0xBA,0x44,0x04,0x00,0x00,0x4C,0x89,0xF9,0x41,0xB8,0x01,0x00,0x00,
0x00,0x41,0xFF,0xD6,0xE9,0x5F,0xFF,0xFF,0xFF,0x66,0x0F,0xEF,0xC0,0xC7,0x44,0x24,0x48,0x01,0x00,0x00,
0x00,0x0F,0x11,0x44,0x24,0x4C,0x48,0xC7,0x84,0x24,0xAC,0x00,0x00,0x00,0x00,0x00,0x00,0x00,0xC7,0x44,
0x24,0x54,0x67,0x50,0xA4,0x00,0x0F,0x11,0x44,0x24,0x5C,0x0F,0x11,0x44,0x24,0x6C,0x0F,0x11,0x44,0x24,
0x7C,0x0F,0x11,0x84,0x24,0x8C,0x00,0x00,0x00,0x0F,0x11,0x84,0x24,0x9C,0x00,0x00,0x00,0x66,0x0F,0xD6,
0x7C,0x24,0x40,0xEB,0x83,0x66,0x0F,0xEF,0xC0,0xC7,0x44,0x24,0x48,0x00,0x00,0x00,0x00,0x0F,0x11,0x44,
0x24,0x4C,0x48,0xC7,0x84,0x24,0xAC,0x00,0x00,0x00,0x00,0x00,0x00,0x00,0xC7,0x44,0x24,0x54,0xB3,0x62,
0x00,0x00,0x0F,0x11,0x44,0x24,0x5C,0x0F,0x11,0x44,0x24,0x6C,0x0F,0x11,0x44,0x24,0x7C,0x0F,0x11,0x84,
0x24,0x8C,0x00,0x00,0x00,0x0F,0x11,0x84,0x24,0x9C,0x00,0x00,0x00,0x66,0x0F,0xD6,0x7C,0x24,0x40,0xE9,
0x34,0xFF,0xFF,0xFF,0x80,0xF9,0x2A,0x75,0x61,0x84,0xC0,0x74,0x5D,0x83,0xC6,0x02,0x45,0x31,0xD2,0x45,
0x31,0xF6,0xE9,0x61,0xFB,0xFF,0xFF,0x44,0x89,0xD0,0x44,0x09,0xF8,0x80,0xFA,0x0A,0x75,0x21,0x41,0xF6,
0xC6,0x01,0x74,0x1B,0x41,0x89,0xC6,0x85,0xC0,0x0F,0x84,0x55,0xFD,0xFF,0xFF,0x44,0x89,0xE8,0x45,0x31,
0xF6,0x41,0x89,0xF5,0x89,0xC6,0xE9,0xDA,0xFA,0xFF,0xFF,0x44,0x09,0xF0,0x0F,0x85,0xEC,0xFB,0xFF,0xFF,
0x80,0xFA,0x22,0x75,0x32,0x89,0x74,0x24,0x38,0x41,0x89,0xDA,0x44,0x89,0xEE,0x45,0x31,0xFF,0x45,0x31,
0xF6,0xE9,0xBC,0xFA,0xFF,0xFF,0x80,0xFA,0x22,0x75,0x18,0x89,0x74,0x24,0x38,0x45,0x31,0xFF,0x45,0x31,
0xF6,0x44,0x89,0xEE,0x41,0xBA,0x01,0x00,0x00,0x00,0xE9,0x85,0xF7,0xFF,0xFF,0x44,0x89,0xEE,0xE9,0x8E,
0xFC,0xFF,0xFF,0x31,0xD2,0x45,0x31,0xFF,0x41,0x80,0xF8,0x2A,0x0F,0x85,0x73,0xF8,0xFF,0xFF,0x45,0x85,
0xF6,0x0F,0x84,0x6A,0xF8,0xFF,0xFF,0x45,0x31,0xF6,0x41,0x80,0xFB,0x2F,0x41,0x0F,0x95,0xC6,0xE9,0x5A,
0xF8,0xFF,0xFF,0x45,0x85,0xF6,0x74,0x13,0x45,0x89,0xF7,0x44,0x89,0xD3,0xE9,0xCD,0xF9,0xFF,0xFF,0x44,
0x89,0xD3,0xE9,0x18,0xFC,0xFF,0xFF,0x44,0x89,0xEE,0xE9,0xA8,0xFA,0xFF,0xFF,0x0F,0x1F,0x44,0x00,0x00,
0x41,0x56,0x57,0x56,0x53,0x48,0x81,0xEC,0x08,0x03,0x00,0x00,0x66,0x0F,0xEF,0xC0,0x31,0xC0,0x0F,0x11,
0x84,0x24,0xA8,0x00,0x00,0x00,0x0F,0x11,0x84,0x24,0xB8,0x00,0x00,0x00,0x0F,0x11,0x84,0x24,0xC8,0x00,
0x00,0x00,0x0F,0x11,0x84,0x24,0xD8,0x00,0x00,0x00,0x89,0xC2,0x83,0xC0,0x40,0x0F,0x11,0x44,0x14,0x54,
0x0F,0x11,0x44,0x14,0x64,0x0F,0x11,0x44,0x14,0x74,0x0F,0x11,0x84,0x14,0x84,0x00,0x00,0x00,0x3D,0x80,
0x00,0x00,0x00,0x72,0xDD,0x48,0x8B,0x05,0xAC,0x97,0x00,0x00,0x48,0x8D,0x9C,0x24,0xF0,0x00,0x00,0x00,
0x31,0xD2,0x41,0xB8,0x08,0x02,0x00,0x00,0x48,0x89,0xD9,0xC7,0x44,0x24,0x50,0x98,0x00,0x00,0x00,0x48,
0x89,0x44,0x24,0x58,0x48,0x8D,0x05,0x75,0x49,0x00,0x00,0x48,0x89,0x44,0x24,0x68,0xE8,0x53,0x24,0x00,
0x00,0x48,0x89,0x9C,0x24,0x80,0x00,0x00,0x00,0x48,0x8D,0x4C,0x24,0x50,0xC7,0x84,0x24,0x88,0x00,0x00,
0x00,0x04,0x01,0x00,0x00,0xFF,0x15,0x05,0xAB,0x00,0x00,0x85,0xC0,0x75,0x11,0x48,0x81,0xC4,0x08,0x03,
0x00,0x00,0x5B,0x5E,0x5F,0x41,0x5E,0xC3,0x0F,0x1F,0x40,0x00,0x48,0x8D,0x15,0xE1,0x48,0x00,0x00,0x48,
0x89,0xD9,0xFF,0x15,0x18,0xAD,0x00,0x00,0x48,0x89,0xC6,0x48,0x85,0xC0,0x74,0xD7,0x31,0xD2,0x41,0xB8,
0x02,0x00,0x00,0x00,0x48,0x89,0xC1,0xE8,0x78,0x24,0x00,0x00,0x48,0x89,0xF1,0xE8,0x78,0x24,0x00,0x00,
0x31,0xD2,0x45,0x31,0xC0,0x48,0x89,0xF1,0x89,0xC7,0xE8,0x61,0x24,0x00,0x00,0x4C,0x63,0xC7,0x49,0x8D,
0x48,0x02,0x4C,0x89,0x44,0x24,0x38,0xE8,0x48,0x25,0x00,0x00,0x4C,0x8B,0x44,0x24,0x38,0x49,0x89,0xF1,
0xBA,0x01,0x00,0x00,0x00,0x48,0x89,0xC1,0x48,0x89,0xC7,0xE8,0x30,0x24,0x00,0x00,0x48,0x89,0xF1,0x48,
0x89,0xFE,0xC6,0x04,0x07,0x00,0x49,0x89,0xC6,0xE8,0x0E,0x24,0x00,0x00,0x49,0x89,0xF8,0x31,0xD2,0x45,
0x89,0xF1,0x4C,0x8B,0x1D,0x37,0xAB,0x00,0x00,0xB9,0xE9,0xFD,0x00,0x00,0xC7,0x44,0x24,0x28,0x00,0x00,
0x00,0x00,0x48,0xC7,0x44,0x24,0x20,0x00,0x00,0x00,0x00,0x4C,0x89,0x5C,0x24,0x48,0x41,0xFF,0xD3,0x44,
0x8D,0x50,0x01,0x89,0x44,0x24,0x44,0x4D,0x63,0xD2,0x4D,0x01,0xD2,0x4C,0x89,0xD1,0x4C,0x89,0x54,0x24,
0x38,0xE8,0xD6,0x24,0x00,0x00,0x8B,0x54,0x24,0x44,0x45,0x89,0xF1,0x49,0x89,0xF0,0x48,0x89,0xC7,0xB9,
0xE9,0xFD,0x00,0x00,0x48,0x89,0x44,0x24,0x20,0x89,0x54,0x24,0x28,0x31,0xD2,0xFF,0x54,0x24,0x48,0x4C,
0x8B,0x54,0x24,0x38,0x31,0xC0,0x48,0x89,0xFA,0x4C,0x8B,0x05,0x14,0xAD,0x00,0x00,0x48,0x8B,0x0D,0x45,
0x96,0x00,0x00,0x66,0x42,0x89,0x44,0x17,0xFE,0x4C,0x89,0x44,0x24,0x38,0x41,0xFF,0xD0,0x48,0x89,0xF9,
0xE8,0x7F,0x24,0x00,0x00,0x48,0x89,0xF1,0xE8,0x77,0x24,0x00,0x00,0x8B,0x15,0x01,0x96,0x00,0x00,0x4C,
0x8B,0x44,0x24,0x38,0x85,0xD2,0x75,0x0A,0xE8,0xF3,0xF3,0xFF,0xFF,0x4C,0x8B,0x44,0x24,0x38,0x48,0x8B,
0x0D,0x0F,0x96,0x00,0x00,0x48,0x89,0xDA,0x41,0xFF,0xD0,0x90,0x48,0x81,0xC4,0x08,0x03,0x00,0x00,0x5B,
0x5E,0x5F,0x41,0x5E,0xC3,0x0F,0x1F,0x00,0x56,0x53,0x48,0x81,0xEC,0x98,0x00,0x00,0x00,0x48,0x89,0xCB,
0x83,0xFA,0x05,0x0F,0x84,0x93,0x00,0x00,0x00,0x77,0x41,0x83,0xFA,0x01,0x0F,0x84,0x20,0x01,0x00,0x00,
0x83,0xFA,0x02,0x75,0x6B,0x48,0x8B,0x0D,0xB4,0x95,0x00,0x00,0x48,0x8B,0x1D,0x8D,0xA9,0x00,0x00,0xFF,
0xD3,0x48,0x8B,0x0D,0x9C,0x95,0x00,0x00,0xFF,0xD3,0x31,0xC9,0xFF,0x15,0x52,0xAC,0x00,0x00,0x31,0xC0,
0x48,0x81,0xC4,0x98,0x00,0x00,0x00,0x5B,0x5E,0xC3,0x66,0x0F,0x1F,0x44,0x00,0x00,0x81,0xFA,0x11,0x01,
0x00,0x00,0x75,0x30,0x66,0x41,0x81,0xF8,0xD2,0x07,0x0F,0x84,0x44,0x04,0x00,0x00,0x66,0x41,0x81,0xF8,
0xD3,0x07,0x0F,0x84,0x58,0x04,0x00,0x00,0x66,0x41,0x81,0xF8,0xD1,0x07,0x0F,0x85,0x3C,0x04,0x00,0x00,
0xE8,0x67,0xFD,0xFF,0xFF,0xEB,0xBB,0x0F,0x1F,0x44,0x00,0x00,0x48,0x89,0xD9,0x48,0x81,0xC4,0x98,0x00,
0x00,0x00,0x5B,0x5E,0x48,0xFF,0x25,0xC5,0xAB,0x00,0x00,0x0F,0x1F,0x44,0x00,0x00,0x48,0x8D,0x94,0x24,
0x80,0x00,0x00,0x00,0xFF,0x15,0xC2,0xAB,0x00,0x00,0x44,0x8B,0x94,0x24,0x8C,0x00,0x00,0x00,0x8B,0x84,
0x24,0x88,0x00,0x00,0x00,0xC7,0x44,0x24,0x28,0x01,0x00,0x00,0x00,0x48,0x8B,0x35,0xBC,0xAB,0x00,0x00,
0x41,0xB8,0x2E,0x00,0x00,0x00,0xBA,0x08,0x00,0x00,0x00,0x48,0x8B,0x0D,0x0A,0x95,0x00,0x00,0x8D,0x58,
0xF0,0x41,0x8D,0x82,0x3C,0xFF,0xFF,0xFF,0x44,0x89,0x54,0x24,0x70,0x41,0x89,0xD9,0x89,0x44,0x24,0x20,
0xFF,0xD6,0x44,0x8B,0x54,0x24,0x70,0x41,0x89,0xD9,0xBA,0x08,0x00,0x00,0x00,0x48,0x8B,0x0D,0xD6,0x94,
0x00,0x00,0xC7,0x44,0x24,0x28,0x01,0x00,0x00,0x00,0xC7,0x44,0x24,0x20,0x84,0x00,0x00,0x00,0x45,0x8D,
0x82,0x74,0xFF,0xFF,0xFF,0xFF,0xD6,0x31,0xC0,0x48,0x81,0xC4,0x98,0x00,0x00,0x00,0x5B,0x5E,0xC3,0x66,
0x0F,0x1F,0x84,0x00,0x00,0x00,0x00,0x00,0x48,0x8D,0x05,0xFD,0x46,0x00,0x00,0x45,0x31,0xC9,0x45,0x31,
0xC0,0x31,0xD2,0x48,0x8B,0x35,0x62,0xA8,0x00,0x00,0x48,0x89,0x0D,0x9B,0x94,0x00,0x00,0xB9,0x10,0x00,
0x00,0x00,0x48,0x89,0x44,0x24,0x68,0xC7,0x44,0x24,0x60,0x00,0x00,0x00,0x00,0xC7,0x44,0x24,0x58,0x00,
0x00,0x00,0x00,0xC7,0x44,0x24,0x50,0x00,0x00,0x00,0x00,0xC7,0x44,0x24,0x48,0x00,0x00,0x00,0x00,0xC7,
0x44,0x24,0x40,0x01,0x00,0x00,0x00,0xC7,0x44,0x24,0x38,0x00,0x00,0x00,0x00,0xC7,0x44,0x24,0x30,0x00,
0x00,0x00,0x00,0xC7,0x44,0x24,0x28,0x00,0x00,0x00,0x00,0xC7,0x44,0x24,0x20,0x90,0x01,0x00,0x00,0xFF,
0xD6,0x45,0x31,0xC9,0x45,0x31,0xC0,0x31,0xD2,0x48,0x89,0x05,0x20,0x94,0x00,0x00,0x48,0x8D,0x05,0x8F,
0x46,0x00,0x00,0xB9,0x0D,0x00,0x00,0x00,0x48,0x89,0x44,0x24,0x68,0xC7,0x44,0x24,0x60,0x00,0x00,0x00,
0x00,0xC7,0x44,0x24,0x58,0x00,0x00,0x00,0x00,0xC7,0x44,0x24,0x50,0x00,0x00,0x00,0x00,0xC7,0x44,0x24,
0x48,0x00,0x00,0x00,0x00,0xC7,0x44,0x24,0x40,0x01,0x00,0x00,0x00,0xC7,0x44,0x24,0x38,0x00,0x00,0x00,
0x00,0xC7,0x44,0x24,0x30,0x00,0x00,0x00,0x00,0xC7,0x44,0x24,0x28,0x00,0x00,0x00,0x00,0xC7,0x44,0x24,
0x20,0x90,0x01,0x00,0x00,0xFF,0xD6,0x48,0x8B,0x35,0x3E,0xAA,0x00,0x00,0x31,0xC9,0x48,0x89,0x5C,0x24,
0x40,0x41,0xB9,0x00,0x00,0x01,0x50,0x4C,0x8D,0x05,0x32,0x46,0x00,0x00,0x48,0x8D,0x15,0x3D,0x46,0x00,
0x00,0x48,0x89,0x05,0x94,0x93,0x00,0x00,0x48,0xC7,0x44,0x24,0x58,0x00,0x00,0x00,0x00,0x48,0xC7,0x44,
0x24,0x50,0x00,0x00,0x00,0x00,0x48,0xC7,0x44,0x24,0x48,0xD1,0x07,0x00,0x00,0xC7,0x44,0x24,0x38,0x1E,
0x00,0x00,0x00,0xC7,0x44,0x24,0x30,0x50,0x00,0x00,0x00,0xC7,0x44,0x24,0x28,0x08,0x00,0x00,0x00,0xC7,
0x44,0x24,0x20,0x08,0x00,0x00,0x00,0xFF,0xD6,0x41,0xB9,0x00,0x00,0x01,0x50,0x31,0xC9,0x48,0x89,0x5C,
0x24,0x40,0x4C,0x8D,0x05,0xF3,0x45,0x00,0x00,0x48,0x8D,0x15,0xDE,0x45,0x00,0x00,0x48,0xC7,0x44,0x24,
0x58,0x00,0x00,0x00,0x00,0x48,0xC7,0x44,0x24,0x50,0x00,0x00,0x00,0x00,0x48,0xC7,0x44,0x24,0x48,0xD2,
0x07,0x00,0x00,0xC7,0x44,0x24,0x38,0x1E,0x00,0x00,0x00,0xC7,0x44,0x24,0x30,0x50,0x00,0x00,0x00,0xC7,
0x44,0x24,0x28,0x08,0x00,0x00,0x00,0xC7,0x44,0x24,0x20,0x5C,0x00,0x00,0x00,0xFF,0xD6,0x41,0xB9,0x00,
0x00,0x01,0x50,0x31,0xC9,0x48,0x89,0x5C,0x24,0x40,0x4C,0x8D,0x05,0xAD,0x45,0x00,0x00,0x48,0x8D,0x15,
0x86,0x45,0x00,0x00,0x48,0xC7,0x44,0x24,0x58,0x00,0x00,0x00,0x00,0x48,0xC7,0x44,0x24,0x50,0x00,0x00,
0x00,0x00,0x48,0xC7,0x44,0x24,0x48,0xD3,0x07,0x00,0x00,0xC7,0x44,0x24,0x38,0x1E,0x00,0x00,0x00,0xC7,
0x44,0x24,0x30,0x64,0x00,0x00,0x00,0xC7,0x44,0x24,0x28,0x08,0x00,0x00,0x00,0xC7,0x44,0x24,0x20,0xB0,
0x00,0x00,0x00,0xFF,0xD6,0x48,0x8D,0x0D,0x78,0x45,0x00,0x00,0xFF,0x15,0x2A,0xA7,0x00,0x00,0x41,0xB9,
0x44,0x00,0x20,0x50,0xB9,0x00,0x02,0x00,0x00,0x4C,0x8D,0x05,0x90,0x44,0x00,0x00,0x48,0x8D,0x15,0x73,
0x45,0x00,0x00,0x48,0x89,0x5C,0x24,0x40,0x48,0xC7,0x44,0x24,0x58,0x00,0x00,0x00,0x00,0x48,0xC7,0x44,
0x24,0x50,0x00,0x00,0x00,0x00,0x48,0xC7,0x44,0x24,0x48,0x35,0x08,0x00,0x00,0xC7,0x44,0x24,0x38,0xA4,
0x01,0x00,0x00,0xC7,0x44,0x24,0x30,0x10,0x03,0x00,0x00,0xC7,0x44,0x24,0x28,0x2E,0x00,0x00,0x00,0xC7,
0x44,0x24,0x20,0x08,0x00,0x00,0x00,0xFF,0xD6,0x45,0x31,0xC9,0x41,0xB8,0x01,0x00,0x00,0x00,0xBA,0x59,
0x04,0x00,0x00,0x4C,0x8B,0x15,0x02,0xA9,0x00,0x00,0x48,0x89,0xC1,0x48,0x89,0x05,0x38,0x92,0x00,0x00,
0x4C,0x89,0x54,0x24,0x70,0x41,0xFF,0xD2,0x4C,0x8B,0x54,0x24,0x70,0x41,0xB9,0x01,0x00,0x00,0x00,0x4C,
0x8B,0x05,0x0E,0x92,0x00,0x00,0x48,0x8B,0x0D,0x17,0x92,0x00,0x00,0xBA,0x30,0x00,0x00,0x00,0x4C,0x89,
0x54,0x24,0x78,0x41,0xFF,0xD2,0x4C,0x8B,0x1D,0xCB,0xA8,0x00,0x00,0x48,0x8B,0x0D,0xFC,0x91,0x00,0x00,
0x48,0x8D,0x15,0xED,0x44,0x00,0x00,0x4C,0x89,0x5C,0x24,0x70,0x41,0xFF,0xD3,0x41,0xB9,0x44,0x08,0x20,
0x50,0x4C,0x8D,0x05,0xD0,0x43,0x00,0x00,0x48,0x8D,0x15,0xB3,0x44,0x00,0x00,0xB9,0x00,0x02,0x00,0x00,
0x48,0x89,0x5C,0x24,0x40,0x48,0xC7,0x44,0x24,0x58,0x00,0x00,0x00,0x00,0x48,0xC7,0x44,0x24,0x50,0x00,
0x00,0x00,0x00,0x48,0xC7,0x44,0x24,0x48,0x36,0x08,0x00,0x00,0xC7,0x44,0x24,0x38,0x82,0x00,0x00,0x00,
0xC7,0x44,0x24,0x30,0x10,0x03,0x00,0x00,0xC7,0x44,0x24,0x28,0xD8,0x01,0x00,0x00,0xC7,0x44,0x24,0x20,
0x08,0x00,0x00,0x00,0xFF,0xD6,0xBA,0x30,0x00,0x00,0x00,0x4C,0x8B,0x05,0x76,0x91,0x00,0x00,0x41,0xB9,
0x01,0x00,0x00,0x00,0x48,0x89,0xC1,0x48,0x89,0x05,0x6E,0x91,0x00,0x00,0xFF,0x54,0x24,0x78,0x48,0x8B,
0x0D,0x63,0x91,0x00,0x00,0x48,0x8D,0x15,0x34,0x46,0x00,0x00,0xFF,0x54,0x24,0x70,0x8B,0x05,0x3A,0x91,
0x00,0x00,0x85,0xC0,0x0F,0x85,0xA8,0xFB,0xFF,0xFF,0xE8,0x2D,0xEF,0xFF,0xFF,0x31,0xC0,0x48,0x81,0xC4,
0x98,0x00,0x00,0x00,0x5B,0x5E,0xC3,0x90,0xE8,0xFB,0xE7,0xFF,0xFF,0xE9,0x8C,0xFB,0xFF,0xFF,0x66,0x0F,
0x1F,0x44,0x00,0x00,0x41,0x81,0xF8,0x35,0x08,0x00,0x03,0x0F,0x85,0x79,0xFB,0xFF,0xFF,0xEB,0xC1,0x90,
0x48,0x8B,0x0D,0x19,0x91,0x00,0x00,0x45,0x31,0xC9,0x45,0x31,0xC0,0xBA,0x0D,0x00,0x00,0x00,0xFF,0x15,
0xC8,0xA7,0x00,0x00,0xE8,0x93,0xE9,0xFF,0xFF,0xE9,0x54,0xFB,0xFF,0xFF,0x0F,0x1F,0x00,0x66,0x66,0x2E,
0x0F,0x1F,0x84,0x00,0x00,0x00,0x00,0x00,0x57,0x56,0x53,0x48,0x81,0xEC,0xE0,0x00,0x00,0x00,0x66,0x0F,
0xEF,0xC0,0x48,0x8D,0x05,0xEB,0xFA,0xFF,0xFF,0xBA,0x00,0x7F,0x00,0x00,0x0F,0x29,0x84,0x24,0x90,0x00,
0x00,0x00,0x48,0x89,0xCB,0x0F,0x29,0x84,0x24,0xA0,0x00,0x00,0x00,0x0F,0x29,0x84,0x24,0xB0,0x00,0x00,
0x00,0x0F,0x29,0x84,0x24,0xC0,0x00,0x00,0x00,0x48,0x89,0x8C,0x24,0xA8,0x00,0x00,0x00,0x31,0xC9,0x48,
0xC7,0x84,0x24,0xD0,0x00,0x00,0x00,0x00,0x00,0x00,0x00,0x48,0x89,0x84,0x24,0x98,0x00,0x00,0x00,0xFF,
0x15,0x27,0xA7,0x00,0x00,0x48,0x8D,0x15,0x94,0x45,0x00,0x00,0x48,0x8D,0x8C,0x24,0x90,0x00,0x00,0x00,
0x48,0xC7,0x84,0x24,0xC0,0x00,0x00,0x00,0x06,0x00,0x00,0x00,0x48,0x89,0x94,0x24,0xD0,0x00,0x00,0x00,
0x48,0x89,0x84,0x24,0xB8,0x00,0x00,0x00,0xFF,0x15,0x16,0xA7,0x00,0x00,0x48,0x89,0x5C,0x24,0x50,0x31,
0xC9,0x41,0xB9,0x00,0x00,0xCF,0x00,0x48,0xC7,0x44,0x24,0x58,0x00,0x00,0x00,0x00,0x4C,0x8D,0x05,0x61,
0x45,0x00,0x00,0x48,0x8D,0x15,0x46,0x45,0x00,0x00,0x48,0xC7,0x44,0x24,0x48,0x00,0x00,0x00,0x00,0x48,
0xC7,0x44,0x24,0x40,0x00,0x00,0x00,0x00,0xC7,0x44,0x24,0x38,0x6C,0x02,0x00,0x00,0xC7,0x44,0x24,0x30,
0x20,0x03,0x00,0x00,0xC7,0x44,0x24,0x28,0x00,0x00,0x00,0x80,0xC7,0x44,0x24,0x20,0x00,0x00,0x00,0x80,
0xFF,0x15,0x72,0xA6,0x00,0x00,0x48,0x89,0xC3,0xB8,0x01,0x00,0x00,0x00,0x48,0x85,0xDB,0x74,0x58,0x48,
0x89,0xD9,0xBA,0x05,0x00,0x00,0x00,0xFF,0x15,0xB7,0xA6,0x00,0x00,0x48,0x89,0xD9,0xFF,0x15,0xBE,0xA6,
0x00,0x00,0x48,0x8B,0x1D,0x67,0xA6,0x00,0x00,0x48,0x8B,0x3D,0xA8,0xA6,0x00,0x00,0x48,0x8B,0x35,0x49,
0xA6,0x00,0x00,0xEB,0x15,0x0F,0x1F,0x80,0x00,0x00,0x00,0x00,0x48,0x8D,0x4C,0x24,0x60,0xFF,0xD7,0x48,
0x8D,0x4C,0x24,0x60,0xFF,0xD6,0x45,0x31,0xC9,0x45,0x31,0xC0,0x48,0x8D,0x4C,0x24,0x60,0x31,0xD2,0xFF,
0xD3,0x85,0xC0,0x7F,0xDF,0x31,0xC0,0x48,0x81,0xC4,0xE0,0x00,0x00,0x00,0x5B,0x5E,0x5F,0xC3,0x90,0x90,
0xFF,0x25,0x72,0xA6,0x00,0x00,0x90,0x90,0xFF,0x25,0x62,0xA6,0x00,0x00,0x90,0x90,0xFF,0x25,0x52,0xA6,
0x00,0x00,0x90,0x90,0xFF,0x25,0x42,0xA6,0x00,0x00,0x90,0x90,0xFF,0x25,0x32,0xA6,0x00,0x00,0x90,0x90,
0xFF,0x25,0x22,0xA6,0x00,0x00,0x90,0x90,0xFF,0x25,0x12,0xA6,0x00,0x00,0x90,0x90,0xFF,0x25,0x02,0xA6,
0x00,0x00,0x90,0x90,0xFF,0x25,0xF2,0xA5,0x00,0x00,0x90,0x90,0xFF,0x25,0xE2,0xA5,0x00,0x00,0x90,0x90,
0xFF,0x25,0xD2,0xA5,0x00,0x00,0x90,0x90,0xFF,0x25,0xC2,0xA5,0x00,0x00,0x90,0x90,0xFF,0x25,0xB2,0xA5,
0x00,0x00,0x90,0x90,0xFF,0x25,0xA2,0xA5,0x00,0x00,0x90,0x90,0xFF,0x25,0x92,0xA5,0x00,0x00,0x90,0x90,
0xFF,0x25,0x82,0xA5,0x00,0x00,0x90,0x90,0xFF,0x25,0xDA,0xA2,0x00,0x00,0x90,0x90,0xFF,0x25,0xCA,0xA2,
0x00,0x00,0x90,0x90,0xFF,0x25,0xB2,0xA2,0x00,0x00,0x90,0x90,0xFF,0x25,0xA2,0xA2,0x00,0x00,0x90,0x90,
0x55,0x48,0x89,0xE5,0x48,0x81,0xEC,0xA0,0x00,0x00,0x00,0x89,0x4D,0x10,0x48,0x89,0x55,0x18,0x4C,0x89,
0x45,0x20,0xE8,0xCC,0x01,0x00,0x00,0x48,0x8B,0x05,0xEE,0x49,0x00,0x00,0x48,0x89,0x45,0xE8,0xE8,0x55,
0x1C,0x00,0x00,0x48,0x8B,0x00,0x48,0x89,0x45,0xF8,0x48,0x83,0x7D,0xF8,0x00,0x0F,0x84,0x8E,0x00,0x00,
0x00,0xC7,0x45,0xF0,0x00,0x00,0x00,0x00,0xEB,0x4A,0x48,0x8B,0x45,0xF8,0x0F,0xB6,0x00,0x3C,0x22,0x75,
0x0D,0x83,0x7D,0xF0,0x00,0x0F,0x94,0xC0,0x0F,0xB6,0xC0,0x89,0x45,0xF0,0x48,0x8B,0x45,0xF8,0x0F,0xB6,
0x00,0x0F,0xB6,0xC0,0x89,0xC1,0x48,0x8B,0x05,0xDF,0xA2,0x00,0x00,0xFF,0xD0,0x85,0xC0,0x74,0x14,0x48,
0x8B,0x45,0xF8,0x48,0x83,0xC0,0x01,0x0F,0xB6,0x00,0x84,0xC0,0x74,0x05,0x48,0x83,0x45,0xF8,0x01,0x48,
0x83,0x45,0xF8,0x01,0x48,0x8B,0x45,0xF8,0x0F,0xB6,0x00,0x3C,0x20,0x7F,0xAB,0x48,0x8B,0x45,0xF8,0x0F,
0xB6,0x00,0x84,0xC0,0x74,0x0D,0x83,0x7D,0xF0,0x00,0x75,0x9A,0xEB,0x05,0x48,0x83,0x45,0xF8,0x01,0x48,
0x8B,0x45,0xF8,0x0F,0xB6,0x00,0x84,0xC0,0x74,0x18,0x48,0x8B,0x45,0xF8,0x0F,0xB6,0x00,0x3C,0x20,0x7E,
0xE5,0xEB,0x0B,0x48,0x8D,0x05,0xFE,0x45,0x00,0x00,0x48,0x89,0x45,0xF8,0x48,0x8D,0x45,0x80,0x48,0x89,
0xC1,0x48,0x8B,0x05,0x54,0xA2,0x00,0x00,0xFF,0xD0,0x8B,0x45,0xBC,0x83,0xE0,0x01,0x85,0xC0,0x74,0x0C,
0x0F,0xB7,0x45,0xC0,0x0F,0xB7,0xC0,0x89,0x45,0xF4,0xEB,0x07,0xC7,0x45,0xF4,0x0A,0x00,0x00,0x00,0x8B,
0x4D,0xF4,0x48,0x8B,0x55,0xF8,0x48,0x8B,0x45,0xE8,0x41,0x89,0xC9,0x49,0x89,0xD0,0xBA,0x00,0x00,0x00,
0x00,0x48,0x89,0xC1,0xE8,0xDF,0xFC,0xFF,0xFF,0x48,0x81,0xC4,0xA0,0x00,0x00,0x00,0x5D,0xC3,0x90,0x90,
0x90,0x90,0x90,0x90,0x55,0x48,0x89,0xE5,0x48,0x83,0xEC,0x20,0xEB,0x1E,0x48,0x8B,0x05,0x1F,0x2D,0x00,
0x00,0x48,0x8B,0x00,0xFF,0xD0,0x48,0x8B,0x05,0x13,0x2D,0x00,0x00,0x48,0x83,0xC0,0x08,0x48,0x89,0x05,
0x08,0x2D,0x00,0x00,0x48,0x8B,0x05,0x01,0x2D,0x00,0x00,0x48,0x8B,0x00,0x48,0x85,0xC0,0x75,0xD3,0x90,
0x90,0x48,0x83,0xC4,0x20,0x5D,0xC3,0x55,0x48,0x89,0xE5,0x48,0x83,0xEC,0x30,0x48,0x8B,0x05,0x82,0x48,
0x00,0x00,0x48,0x8B,0x00,0x89,0x45,0xFC,0x83,0x7D,0xFC,0xFF,0x75,0x25,0xC7,0x45,0xFC,0x00,0x00,0x00,
0x00,0xEB,0x04,0x83,0x45,0xFC,0x01,0x8B,0x45,0xFC,0x8D,0x50,0x01,0x48,0x8B,0x05,0x5C,0x48,0x00,0x00,
0x89,0xD2,0x48,0x8B,0x04,0xD0,0x48,0x85,0xC0,0x75,0xE4,0x8B,0x45,0xFC,0x89,0x45,0xF8,0xEB,0x14,0x48,
0x8B,0x05,0x42,0x48,0x00,0x00,0x8B,0x55,0xF8,0x48,0x8B,0x04,0xD0,0xFF,0xD0,0x83,0x6D,0xF8,0x01,0x83,
0x7D,0xF8,0x00,0x75,0xE6,0x48,0x8D,0x05,0x58,0xFF,0xFF,0xFF,0x48,0x89,0xC1,0xE8,0x9F,0xE2,0xFF,0xFF,
0x90,0x48,0x83,0xC4,0x30,0x5D,0xC3,0x55,0x48,0x89,0xE5,0x48,0x83,0xEC,0x20,0x8B,0x05,0x0B,0x8D,0x00,
0x00,0x85,0xC0,0x75,0x0F,0xC7,0x05,0xFD,0x8C,0x00,0x00,0x01,0x00,0x00,0x00,0xE8,0x67,0xFF,0xFF,0xFF,
0x90,0x48,0x83,0xC4,0x20,0x5D,0xC3,0x90,0x55,0x48,0x89,0xE5,0xB8,0x00,0x00,0x00,0x00,0x5D,0xC3,0x90,
0x90,0x90,0x90,0x90,0x55,0x48,0x89,0xE5,0x48,0x83,0xEC,0x30,0x48,0x89,0x4D,0x10,0x89,0x55,0x18,0x4C,
0x89,0x45,0x20,0x48,0x8B,0x05,0xA6,0x47,0x00,0x00,0x8B,0x00,0x83,0xF8,0x02,0x74,0x0D,0x48,0x8B,0x05,
0x98,0x47,0x00,0x00,0xC7,0x00,0x02,0x00,0x00,0x00,0x83,0x7D,0x18,0x02,0x74,0x1E,0x83,0x7D,0x18,0x01,
0x75,0x5B,0x48,0x8B,0x4D,0x20,0x8B,0x55,0x18,0x48,0x8B,0x45,0x10,0x49,0x89,0xC8,0x48,0x89,0xC1,0xE8,
0xD1,0x11,0x00,0x00,0xEB,0x43,0x48,0x8D,0x05,0x0F,0x54,0x00,0x00,0x48,0x89,0x45,0xF8,0x48,0x83,0x45,
0xF8,0x08,0xEB,0x22,0x48,0x8B,0x45,0xF8,0x48,0x89,0x45,0xF0,0x48,0x8B,0x45,0xF0,0x48,0x8B,0x00,0x48,
0x85,0xC0,0x74,0x09,0x48,0x8B,0x45,0xF0,0x48,0x8B,0x00,0xFF,0xD0,0x48,0x83,0x45,0xF8,0x08,0x48,0x8D,
0x05,0xE3,0x53,0x00,0x00,0x48,0x39,0x45,0xF8,0x75,0xD1,0xEB,0x01,0x90,0x48,0x83,0xC4,0x30,0x5D,0xC3,
0x55,0x48,0x89,0xE5,0x48,0x89,0x4D,0x10,0x48,0x83,0x7D,0x10,0x00,0x75,0x07,0xB8,0x00,0x00,0x00,0x00,
0xEB,0x05,0xB8,0x00,0x00,0x00,0x00,0x5D,0xC3,0x55,0x48,0x89,0xE5,0x48,0x83,0xEC,0x20,0x48,0x89,0x4D,
0x10,0x89,0x55,0x18,0x4C,0x89,0x45,0x20,0x83,0x7D,0x18,0x03,0x74,0x06,0x83,0x7D,0x18,0x00,0x75,0x18,
0x48,0x8B,0x4D,0x20,0x8B,0x55,0x18,0x48,0x8B,0x45,0x10,0x49,0x89,0xC8,0x48,0x89,0xC1,0xE8,0x33,0x11,
0x00,0x00,0xEB,0x01,0x90,0x48,0x83,0xC4,0x20,0x5D,0xC3,0x90,0x90,0x90,0x90,0x90,0x90,0x90,0x90,0x90,
0x55,0x53,0x48,0x81,0xEC,0x88,0x00,0x00,0x00,0x48,0x8D,0x6C,0x24,0x50,0x0F,0x29,0x75,0x00,0x0F,0x29,
0x7D,0x10,0x44,0x0F,0x29,0x45,0x20,0x48,0x89,0x4D,0x50,0x48,0x8B,0x45,0x50,0x8B,0x00,0x83,0xF8,0x06,
0x74,0x56,0x83,0xF8,0x06,0x7F,0x78,0x83,0xF8,0x05,0x74,0x59,0x83,0xF8,0x05,0x7F,0x6E,0x83,0xF8,0x04,
0x74,0x5C,0x83,0xF8,0x04,0x7F,0x64,0x83,0xF8,0x03,0x74,0x2B,0x83,0xF8,0x03,0x7F,0x5A,0x83,0xF8,0x01,
0x74,0x07,0x83,0xF8,0x02,0x74,0x0F,0xEB,0x4E,0x48,0x8D,0x05,0xB0,0x43,0x00,0x00,0x48,0x89,0x45,0xF8,
0xEB,0x4D,0x48,0x8D,0x05,0xC2,0x43,0x00,0x00,0x48,0x89,0x45,0xF8,0xEB,0x40,0x48,0x8D,0x05,0xD6,0x43,
0x00,0x00,0x48,0x89,0x45,0xF8,0xEB,0x33,0x48,0x8D,0x05,0xE9,0x43,0x00,0x00,0x48,0x89,0x45,0xF8,0xEB,
0x26,0x48,0x8D,0x05,0x04,0x44,0x00,0x00,0x48,0x89,0x45,0xF8,0xEB,0x19,0x48,0x8D,0x05,0x1F,0x44,0x00,
0x00,0x48,0x89,0x45,0xF8,0xEB,0x0C,0x48,0x8D,0x05,0x48,0x44,0x00,0x00,0x48,0x89,0x45,0xF8,0x90,0x48,
0x8B,0x45,0x50,0xF2,0x44,0x0F,0x10,0x40,0x20,0x48,0x8B,0x45,0x50,0xF2,0x0F,0x10,0x78,0x18,0x48,0x8B,
0x45,0x50,0xF2,0x0F,0x10,0x70,0x10,0x48,0x8B,0x45,0x50,0x48,0x8B,0x58,0x08,0xB9,0x02,0x00,0x00,0x00,
0xE8,0x0F,0x18,0x00,0x00,0x48,0x89,0xC1,0x48,0x8B,0x55,0xF8,0x48,0x8D,0x05,0x19,0x44,0x00,0x00,0xF2,
0x44,0x0F,0x11,0x44,0x24,0x30,0xF2,0x0F,0x11,0x7C,0x24,0x28,0xF2,0x0F,0x11,0x74,0x24,0x20,0x49,0x89,
0xD9,0x49,0x89,0xD0,0x48,0x89,0xC2,0xE8,0x60,0x16,0x00,0x00,0xB8,0x00,0x00,0x00,0x00,0x0F,0x28,0x75,
0x00,0x0F,0x28,0x7D,0x10,0x44,0x0F,0x28,0x45,0x20,0x48,0x81,0xC4,0x88,0x00,0x00,0x00,0x5B,0x5D,0xC3,
0x90,0x90,0x90,0x90,0x55,0x53,0x48,0x83,0xEC,0x38,0x48,0x8D,0x6C,0x24,0x30,0x48,0x89,0x4D,0x20,0x48,
0x89,0x55,0x28,0x4C,0x89,0x45,0x30,0x4C,0x89,0x4D,0x38,0x48,0x8D,0x45,0x28,0x48,0x89,0x45,0xF8,0xB9,
0x02,0x00,0x00,0x00,0xE8,0x93,0x17,0x00,0x00,0x48,0x89,0xC1,0x48,0x8D,0x05,0xD9,0x43,0x00,0x00,0x48,
0x89,0xC2,0xE8,0x01,0x16,0x00,0x00,0x48,0x8B,0x5D,0xF8,0xB9,0x02,0x00,0x00,0x00,0xE8,0x73,0x17,0x00,
0x00,0x48,0x89,0xC1,0x48,0x8B,0x45,0x20,0x49,0x89,0xD8,0x48,0x89,0xC2,0xE8,0x91,0x15,0x00,0x00,0xE8,
0x1C,0x18,0x00,0x00,0x90,0x55,0x48,0x89,0xE5,0x48,0x83,0xEC,0x60,0x48,0x89,0x4D,0x10,0xC7,0x45,0xFC,
0x00,0x00,0x00,0x00,0xE9,0x82,0x00,0x00,0x00,0x48,0x8B,0x0D,0x8C,0x8A,0x00,0x00,0x8B,0x45,0xFC,0x48,
0x63,0xD0,0x48,0x89,0xD0,0x48,0xC1,0xE0,0x02,0x48,0x01,0xD0,0x48,0xC1,0xE0,0x03,0x48,0x01,0xC8,0x48,
0x8B,0x40,0x18,0x48,0x39,0x45,0x10,0x72,0x56,0x48,0x8B,0x0D,0x64,0x8A,0x00,0x00,0x8B,0x45,0xFC,0x48,
0x63,0xD0,0x48,0x89,0xD0,0x48,0xC1,0xE0,0x02,0x48,0x01,0xD0,0x48,0xC1,0xE0,0x03,0x48,0x01,0xC8,0x48,
0x8B,0x48,0x18,0x4C,0x8B,0x05,0x42,0x8A,0x00,0x00,0x8B,0x45,0xFC,0x48,0x63,0xD0,0x48,0x89,0xD0,0x48,
0xC1,0xE0,0x02,0x48,0x01,0xD0,0x48,0xC1,0xE0,0x03,0x4C,0x01,0xC0,0x48,0x8B,0x40,0x20,0x8B,0x40,0x08,
0x89,0xC0,0x48,0x01,0xC8,0x48,0x39,0x45,0x10,0x0F,0x82,0x41,0x02,0x00,0x00,0x83,0x45,0xFC,0x01,0x8B,
0x05,0x13,0x8A,0x00,0x00,0x39,0x45,0xFC,0x0F,0x8C,0x6F,0xFF,0xFF,0xFF,0x48,0x8B,0x45,0x10,0x48,0x89,
0xC1,0xE8,0xC1,0x11,0x00,0x00,0x48,0x89,0x45,0xF0,0x48,0x83,0x7D,0xF0,0x00,0x75,0x13,0x48,0x8B,0x45,
0x10,0x48,0x8D,0x0D,0x00,0x43,0x00,0x00,0x48,0x89,0xC2,0xE8,0xC8,0xFE,0xFF,0xFF,0x48,0x8B,0x0D,0xD1,
0x89,0x00,0x00,0x8B,0x45,0xFC,0x48,0x63,0xD0,0x48,0x89,0xD0,0x48,0xC1,0xE0,0x02,0x48,0x01,0xD0,0x48,
0xC1,0xE0,0x03,0x48,0x8D,0x14,0x01,0x48,0x8B,0x45,0xF0,0x48,0x89,0x42,0x20,0x48,0x8B,0x0D,0xAA,0x89,
0x00,0x00,0x8B,0x45,0xFC,0x48,0x63,0xD0,0x48,0x89,0xD0,0x48,0xC1,0xE0,0x02,0x48,0x01,0xD0,0x48,0xC1,
0xE0,0x03,0x48,0x01,0xC8,0xC7,0x00,0x00,0x00,0x00,0x00,0xE8,0x9F,0x12,0x00,0x00,0x48,0x89,0xC1,0x48,
0x8B,0x45,0xF0,0x8B,0x40,0x0C,0x41,0x89,0xC1,0x4C,0x8B,0x05,0x74,0x89,0x00,0x00,0x8B,0x45,0xFC,0x48,
0x63,0xD0,0x48,0x89,0xD0,0x48,0xC1,0xE0,0x02,0x48,0x01,0xD0,0x48,0xC1,0xE0,0x03,0x4C,0x01,0xC0,0x4A,
0x8D,0x14,0x09,0x48,0x89,0x50,0x18,0x48,0x8B,0x0D,0x4E,0x89,0x00,0x00,0x8B,0x45,0xFC,0x48,0x63,0xD0,
0x48,0x89,0xD0,0x48,0xC1,0xE0,0x02,0x48,0x01,0xD0,0x48,0xC1,0xE0,0x03,0x48,0x01,0xC8,0x48,0x8B,0x40,
0x18,0x48,0x8D,0x55,0xC0,0x41,0xB8,0x30,0x00,0x00,0x00,0x48,0x89,0xC1,0x48,0x8B,0x05,0x57,0x9D,0x00,
0x00,0xFF,0xD0,0x48,0x85,0xC0,0x75,0x3F,0x48,0x8B,0x0D,0x11,0x89,0x00,0x00,0x8B,0x45,0xFC,0x48,0x63,
0xD0,0x48,0x89,0xD0,0x48,0xC1,0xE0,0x02,0x48,0x01,0xD0,0x48,0xC1,0xE0,0x03,0x48,0x01,0xC8,0x48,0x8B,
0x50,0x18,0x48,0x8B,0x45,0xF0,0x8B,0x40,0x08,0x89,0xC1,0x48,0x8D,0x05,0x26,0x42,0x00,0x00,0x49,0x89,
0xD0,0x89,0xCA,0x48,0x89,0xC1,0xE8,0xC9,0xFD,0xFF,0xFF,0x8B,0x45,0xE4,0x83,0xF8,0x40,0x0F,0x84,0xE8,
0x00,0x00,0x00,0x8B,0x45,0xE4,0x83,0xF8,0x04,0x0F,0x84,0xDC,0x00,0x00,0x00,0x8B,0x45,0xE4,0x3D,0x80,
0x00,0x00,0x00,0x0F,0x84,0xCE,0x00,0x00,0x00,0x8B,0x45,0xE4,0x83,0xF8,0x08,0x0F,0x84,0xC2,0x00,0x00,
0x00,0x8B,0x45,0xE4,0x83,0xF8,0x02,0x75,0x09,0xC7,0x45,0xF8,0x04,0x00,0x00,0x00,0xEB,0x07,0xC7,0x45,
0xF8,0x40,0x00,0x00,0x00,0x48,0x8B,0x0D,0x88,0x88,0x00,0x00,0x8B,0x45,0xFC,0x48,0x63,0xD0,0x48,0x89,
0xD0,0x48,0xC1,0xE0,0x02,0x48,0x01,0xD0,0x48,0xC1,0xE0,0x03,0x48,0x8D,0x14,0x01,0x48,0x8B,0x45,0xC0,
0x48,0x89,0x42,0x08,0x48,0x8B,0x0D,0x61,0x88,0x00,0x00,0x8B,0x45,0xFC,0x48,0x63,0xD0,0x48,0x89,0xD0,
0x48,0xC1,0xE0,0x02,0x48,0x01,0xD0,0x48,0xC1,0xE0,0x03,0x48,0x8D,0x14,0x01,0x48,0x8B,0x45,0xD8,0x48,
0x89,0x42,0x10,0x48,0x8B,0x0D,0x3A,0x88,0x00,0x00,0x8B,0x45,0xFC,0x48,0x63,0xD0,0x48,0x89,0xD0,0x48,
0xC1,0xE0,0x02,0x48,0x01,0xD0,0x48,0xC1,0xE0,0x03,0x48,0x01,0xC8,0x49,0x89,0xC0,0x48,0x8B,0x55,0xD8,
0x48,0x8B,0x45,0xC0,0x8B,0x4D,0xF8,0x4D,0x89,0xC1,0x41,0x89,0xC8,0x48,0x89,0xC1,0x48,0x8B,0x05,0x35,
0x9C,0x00,0x00,0xFF,0xD0,0x85,0xC0,0x75,0x1A,0x48,0x8B,0x05,0xB0,0x9B,0x00,0x00,0xFF,0xD0,0x89,0xC2,
0x48,0x8D,0x05,0x65,0x41,0x00,0x00,0x48,0x89,0xC1,0xE8,0xD5,0xFC,0xFF,0xFF,0x8B,0x05,0xE7,0x87,0x00,
0x00,0x83,0xC0,0x01,0x89,0x05,0xDE,0x87,0x00,0x00,0xEB,0x01,0x90,0x48,0x83,0xC4,0x60,0x5D,0xC3,0x55,
0x48,0x89,0xE5,0x48,0x83,0xEC,0x30,0xC7,0x45,0xFC,0x00,0x00,0x00,0x00,0xE9,0xAD,0x00,0x00,0x00,0x48,
0x8B,0x0D,0xB2,0x87,0x00,0x00,0x8B,0x45,0xFC,0x48,0x63,0xD0,0x48,0x89,0xD0,0x48,0xC1,0xE0,0x02,0x48,
0x01,0xD0,0x48,0xC1,0xE0,0x03,0x48,0x01,0xC8,0x8B,0x00,0x85,0xC0,0x0F,0x84,0x80,0x00,0x00,0x00,0x48,
0x8B,0x0D,0x8A,0x87,0x00,0x00,0x8B,0x45,0xFC,0x48,0x63,0xD0,0x48,0x89,0xD0,0x48,0xC1,0xE0,0x02,0x48,
0x01,0xD0,0x48,0xC1,0xE0,0x03,0x48,0x01,0xC8,0x44,0x8B,0x10,0x48,0x8B,0x0D,0x69,0x87,0x00,0x00,0x8B,
0x45,0xFC,0x48,0x63,0xD0,0x48,0x89,0xD0,0x48,0xC1,0xE0,0x02,0x48,0x01,0xD0,0x48,0xC1,0xE0,0x03,0x48,
0x01,0xC8,0x48,0x8B,0x48,0x10,0x4C,0x8B,0x05,0x47,0x87,0x00,0x00,0x8B,0x45,0xFC,0x48,0x63,0xD0,0x48,
0x89,0xD0,0x48,0xC1,0xE0,0x02,0x48,0x01,0xD0,0x48,0xC1,0xE0,0x03,0x4C,0x01,0xC0,0x48,0x8B,0x40,0x08,
0x48,0x8D,0x55,0xF8,0x49,0x89,0xD1,0x45,0x89,0xD0,0x48,0x89,0xCA,0x48,0x89,0xC1,0x48,0x8B,0x05,0x45,
0x9B,0x00,0x00,0xFF,0xD0,0xEB,0x01,0x90,0x83,0x45,0xFC,0x01,0x8B,0x05,0x0E,0x87,0x00,0x00,0x39,0x45,
0xFC,0x0F,0x8C,0x44,0xFF,0xFF,0xFF,0x90,0x90,0x48,0x83,0xC4,0x30,0x5D,0xC3,0x55,0x48,0x89,0xE5,0x48,
0x83,0xEC,0x20,0x48,0x89,0x4D,0x10,0x48,0x89,0x55,0x18,0x4C,0x89,0x45,0x20,0x48,0x83,0x7D,0x20,0x00,
0x74,0x25,0x48,0x8B,0x45,0x10,0x48,0x89,0xC1,0xE8,0x23,0xFC,0xFF,0xFF,0x48,0x8B,0x4D,0x20,0x48,0x8B,
0x55,0x18,0x48,0x8B,0x45,0x10,0x49,0x89,0xC8,0x48,0x89,0xC1,0xE8,0x4F,0x14,0x00,0x00,0xEB,0x01,0x90,
0x48,0x83,0xC4,0x20,0x5D,0xC3,0x55,0x48,0x89,0xE5,0x48,0x83,0xC4,0x80,0x48,0x89,0x4D,0x10,0x48,0x89,
0x55,0x18,0x4C,0x89,0x45,0x20,0x48,0x8B,0x45,0x18,0x48,0x2B,0x45,0x10,0x48,0x89,0x45,0xE0,0x48,0x8B,
0x45,0x10,0x48,0x89,0x45,0xF8,0x48,0x83,0x7D,0xE0,0x07,0x0F,0x8E,0x44,0x03,0x00,0x00,0x48,0x83,0x7D,
0xE0,0x0B,0x7E,0x25,0x48,0x8B,0x45,0xF8,0x8B,0x00,0x85,0xC0,0x75,0x1B,0x48,0x8B,0x45,0xF8,0x8B,0x40,
0x04,0x85,0xC0,0x75,0x10,0x48,0x8B,0x45,0xF8,0x8B,0x40,0x08,0x85,0xC0,0x75,0x05,0x48,0x83,0x45,0xF8,
0x0C,0x48,0x8B,0x45,0xF8,0x8B,0x00,0x85,0xC0,0x75,0x0B,0x48,0x8B,0x45,0xF8,0x8B,0x40,0x04,0x85,0xC0,
0x74,0x59,0x48,0x8B,0x45,0xF8,0x48,0x89,0x45,0xE8,0xEB,0x40,0x48,0x8B,0x45,0xE8,0x8B,0x40,0x04,0x89,
0xC2,0x48,0x8B,0x45,0x20,0x48,0x01,0xD0,0x48,0x89,0x45,0xE0,0x48,0x8B,0x45,0xE0,0x8B,0x10,0x48,0x8B,
0x45,0xE8,0x8B,0x00,0x01,0xD0,0x89,0x45,0xB4,0x48,0x8B,0x45,0xE0,0x48,0x8D,0x55,0xB4,0x41,0xB8,0x04,
0x00,0x00,0x00,0x48,0x89,0xC1,0xE8,0x00,0xFF,0xFF,0xFF,0x48,0x83,0x45,0xE8,0x08,0x48,0x8B,0x45,0xE8,
0x48,0x3B,0x45,0x18,0x72,0xB6,0xE9,0xAB,0x02,0x00,0x00,0x48,0x8B,0x45,0xF8,0x8B,0x40,0x08,0x83,0xF8,
0x01,0x74,0x18,0x48,0x8B,0x45,0xF8,0x8B,0x40,0x08,0x89,0xC2,0x48,0x8D,0x05,0x65,0x3F,0x00,0x00,0x48,
0x89,0xC1,0xE8,0xAD,0xFA,0xFF,0xFF,0x48,0x8B,0x45,0xF8,0x48,0x83,0xC0,0x0C,0x48,0x89,0x45,0xF0,0xE9,
0x65,0x02,0x00,0x00,0x48,0x8B,0x45,0xF0,0x8B,0x40,0x04,0x89,0xC2,0x48,0x8B,0x45,0x20,0x48,0x01,0xD0,
0x48,0x89,0x45,0xE0,0x48,0x8B,0x45,0xF0,0x8B,0x00,0x89,0xC2,0x48,0x8B,0x45,0x20,0x48,0x01,0xD0,0x48,
0x89,0x45,0xD8,0x48,0x8B,0x45,0xD8,0x48,0x8B,0x00,0x48,0x89,0x45,0xD8,0x48,0x8B,0x45,0xF0,0x8B,0x40,
0x08,0x0F,0xB6,0xC0,0x83,0xF8,0x40,0x0F,0x84,0xB6,0x00,0x00,0x00,0x83,0xF8,0x40,0x0F,0x87,0xBA,0x00,
0x00,0x00,0x83,0xF8,0x20,0x74,0x77,0x83,0xF8,0x20,0x0F,0x87,0xAC,0x00,0x00,0x00,0x83,0xF8,0x08,0x74,
0x0A,0x83,0xF8,0x10,0x74,0x38,0xE9,0x9D,0x00,0x00,0x00,0x48,0x8B,0x45,0xE0,0x0F,0xB6,0x00,0x0F,0xB6,
0xC0,0x48,0x89,0x45,0xB8,0x48,0x8B,0x45,0xB8,0x25,0x80,0x00,0x00,0x00,0x48,0x85,0xC0,0x0F,0x84,0x9D,
0x00,0x00,0x00,0x48,0x8B,0x45,0xB8,0x48,0x0D,0x00,0xFF,0xFF,0xFF,0x48,0x89,0x45,0xB8,0xE9,0x8A,0x00,
0x00,0x00,0x48,0x8B,0x45,0xE0,0x0F,0xB7,0x00,0x0F,0xB7,0xC0,0x48,0x89,0x45,0xB8,0x48,0x8B,0x45,0xB8,
0x25,0x00,0x80,0x00,0x00,0x48,0x85,0xC0,0x74,0x71,0x48,0x8B,0x45,0xB8,0x48,0x0D,0x00,0x00,0xFF,0xFF,
0x48,0x89,0x45,0xB8,0xEB,0x61,0x48,0x8B,0x45,0xE0,0x8B,0x00,0x89,0xC0,0x48,0x89,0x45,0xB8,0x48,0x8B,
0x45,0xB8,0x25,0x00,0x00,0x00,0x80,0x48,0x85,0xC0,0x74,0x4A,0x48,0x8B,0x45,0xB8,0x48,0xBA,0x00,0x00,
0x00,0x00,0xFF,0xFF,0xFF,0xFF,0x48,0x09,0xD0,0x48,0x89,0x45,0xB8,0xEB,0x33,0x48,0x8B,0x45,0xE0,0x48,
0x8B,0x00,0x48,0x89,0x45,0xB8,0xEB,0x27,0x48,0xC7,0x45,0xB8,0x00,0x00,0x00,0x00,0x48,0x8B,0x45,0xF0,
0x8B,0x40,0x08,0x0F,0xB6,0xC0,0x48,0x8D,0x0D,0x63,0x3E,0x00,0x00,0x89,0xC2,0xE8,0x74,0xF9,0xFF,0xFF,
0x90,0xEB,0x04,0x90,0xEB,0x01,0x90,0x48,0x8B,0x4D,0xB8,0x48,0x8B,0x45,0xF0,0x8B,0x00,0x89,0xC2,0x48,
0x8B,0x45,0x20,0x48,0x01,0xC2,0x48,0x89,0xC8,0x48,0x29,0xD0,0x48,0x89,0x45,0xB8,0x48,0x8B,0x55,0xB8,
0x48,0x8B,0x45,0xD8,0x48,0x01,0xD0,0x48,0x89,0x45,0xB8,0x48,0x8B,0x45,0xF0,0x8B,0x40,0x08,0x25,0xFF,
0x00,0x00,0x00,0x89,0x45,0xD4,0x83,0x7D,0xD4,0x3F,0x77,0x67,0x8B,0x45,0xD4,0xBA,0x01,0x00,0x00,0x00,
0x89,0xC1,0x48,0xD3,0xE2,0x48,0x89,0xD0,0x48,0x83,0xE8,0x01,0x48,0x89,0x45,0xC8,0x8B,0x45,0xD4,0x83,
0xE8,0x01,0x48,0xC7,0xC2,0xFF,0xFF,0xFF,0xFF,0x89,0xC1,0x48,0xD3,0xE2,0x48,0x89,0xD0,0x48,0x89,0x45,
0xC0,0x48,0x8B,0x45,0xB8,0x48,0x39,0x45,0xC8,0x7C,0x0A,0x48,0x8B,0x45,0xB8,0x48,0x39,0x45,0xC0,0x7E,
0x22,0x48,0x8B,0x55,0xB8,0x4C,0x8B,0x4D,0xD8,0x4C,0x8B,0x45,0xE0,0x8B,0x45,0xD4,0x48,0x8D,0x0D,0xE9,
0x3D,0x00,0x00,0x48,0x89,0x54,0x24,0x20,0x89,0xC2,0xE8,0xC5,0xF8,0xFF,0xFF,0x48,0x8B,0x45,0xF0,0x8B,
0x40,0x08,0x0F,0xB6,0xC0,0x83,0xF8,0x40,0x74,0x63,0x83,0xF8,0x40,0x77,0x75,0x83,0xF8,0x20,0x74,0x41,
0x83,0xF8,0x20,0x77,0x6B,0x83,0xF8,0x08,0x74,0x07,0x83,0xF8,0x10,0x74,0x1A,0xEB,0x5F,0x48,0x8B,0x45,
0xE0,0x48,0x8D,0x55,0xB8,0x41,0xB8,0x01,0x00,0x00,0x00,0x48,0x89,0xC1,0xE8,0xA0,0xFC,0xFF,0xFF,0xEB,
0x47,0x48,0x8B,0x45,0xE0,0x48,0x8D,0x55,0xB8,0x41,0xB8,0x02,0x00,0x00,0x00,0x48,0x89,0xC1,0xE8,0x88,
0xFC,0xFF,0xFF,0xEB,0x2F,0x48,0x8B,0x45,0xE0,0x48,0x8D,0x55,0xB8,0x41,0xB8,0x04,0x00,0x00,0x00,0x48,
0x89,0xC1,0xE8,0x70,0xFC,0xFF,0xFF,0xEB,0x17,0x48,0x8B,0x45,0xE0,0x48,0x8D,0x55,0xB8,0x41,0xB8,0x08,
0x00,0x00,0x00,0x48,0x89,0xC1,0xE8,0x58,0xFC,0xFF,0xFF,0x90,0x48,0x83,0x45,0xF0,0x0C,0x48,0x8B,0x45,
0xF0,0x48,0x3B,0x45,0x18,0x0F,0x82,0x8D,0xFD,0xFF,0xFF,0xEB,0x01,0x90,0x48,0x83,0xEC,0x80,0x5D,0xC3,
0x55,0x48,0x89,0xE5,0x48,0x83,0xEC,0x30,0x8B,0x05,0x2E,0x83,0x00,0x00,0x85,0xC0,0x0F,0x85,0x88,0x00,
0x00,0x00,0x8B,0x05,0x20,0x83,0x00,0x00,0x83,0xC0,0x01,0x89,0x05,0x17,0x83,0x00,0x00,0xE8,0x21,0x0B,
0x00,0x00,0x89,0x45,0xFC,0x8B,0x45,0xFC,0x48,0x63,0xD0,0x48,0x89,0xD0,0x48,0xC1,0xE0,0x02,0x48,0x01,
0xD0,0x48,0xC1,0xE0,0x03,0x48,0x83,0xC0,0x0F,0x48,0xC1,0xE8,0x04,0x48,0xC1,0xE0,0x04,0xE8,0x7E,0x0D,
0x00,0x00,0x48,0x29,0xC4,0x48,0x8D,0x44,0x24,0x20,0x48,0x83,0xC0,0x0F,0x48,0xC1,0xE8,0x04,0x48,0xC1,
0xE0,0x04,0x48,0x89,0x05,0xC3,0x82,0x00,0x00,0xC7,0x05,0xC1,0x82,0x00,0x00,0x00,0x00,0x00,0x00,0x48,
0x8B,0x0D,0x62,0x3D,0x00,0x00,0x48,0x8B,0x15,0x6B,0x3D,0x00,0x00,0x48,0x8B,0x05,0x74,0x3D,0x00,0x00,
0x49,0x89,0xC8,0x48,0x89,0xC1,0xE8,0xEB,0xFB,0xFF,0xFF,0xE8,0xC7,0xFA,0xFF,0xFF,0xEB,0x01,0x90,0x48,
0x89,0xEC,0x5D,0xC3,0x90,0x90,0x90,0x90,0x90,0x90,0x90,0x90,0x90,0x90,0x90,0x90,0x55,0x48,0x89,0xE5,
0x48,0x83,0xEC,0x50,0x89,0x4D,0x10,0x48,0x89,0x55,0x18,0xF2,0x0F,0x11,0x55,0x20,0xF2,0x0F,0x11,0x5D,
0x28,0x48,0x8B,0x05,0x70,0x82,0x00,0x00,0x48,0x85,0xC0,0x74,0x3E,0x8B,0x45,0x10,0x89,0x45,0xD0,0x48,
0x8B,0x45,0x18,0x48,0x89,0x45,0xD8,0xF2,0x0F,0x10,0x45,0x20,0xF2,0x0F,0x11,0x45,0xE0,0xF2,0x0F,0x10,
0x45,0x28,0xF2,0x0F,0x11,0x45,0xE8,0xF2,0x0F,0x10,0x45,0x30,0xF2,0x0F,0x11,0x45,0xF0,0x48,0x8B,0x15,
0x38,0x82,0x00,0x00,0x48,0x8D,0x45,0xD0,0x48,0x89,0xC1,0xFF,0xD2,0xEB,0x01,0x90,0x48,0x83,0xC4,0x50,
0x5D,0xC3,0x55,0x48,0x89,0xE5,0x48,0x83,0xEC,0x20,0x48,0x89,0x4D,0x10,0x48,0x8B,0x45,0x10,0x48,0x89,
0x05,0x0F,0x82,0x00,0x00,0x48,0x8B,0x45,0x10,0x48,0x89,0xC1,0xE8,0xA3,0x0F,0x00,0x00,0x90,0x48,0x83,
0xC4,0x20,0x5D,0xC3,0x90,0x90,0x90,0x90,0x90,0x90,0x90,0x90,0x90,0x90,0x90,0x90,0x55,0x48,0x89,0xE5,
0x48,0x83,0xEC,0x30,0x48,0x89,0x4D,0x10,0x48,0x89,0x55,0x18,0x4C,0x89,0x45,0x20,0x4C,0x89,0x4D,0x28,
0xC7,0x45,0xFC,0x01,0x00,0x00,0x00,0xC7,0x45,0xF8,0x00,0x00,0x00,0x00,0x48,0x8B,0x45,0x10,0x8B,0x40,
0x04,0x83,0xE0,0x02,0x85,0xC0,0x74,0x0A,0xB8,0x01,0x00,0x00,0x00,0xE9,0x16,0x02,0x00,0x00,0x48,0x8B,
0x45,0x10,0x8B,0x00,0x25,0xFF,0xFF,0xFF,0x20,0x3D,0x43,0x43,0x47,0x20,0x75,0x18,0x48,0x8B,0x45,0x10,
0x8B,0x40,0x04,0x83,0xE0,0x01,0x85,0xC0,0x75,0x0A,0xB8,0x00,0x00,0x00,0x00,0xE9,0xEC,0x01,0x00,0x00,
0x48,0x8B,0x45,0x10,0x8B,0x00,0x3D,0x96,0x00,0x00,0xC0,0x0F,0x84,0x12,0x01,0x00,0x00,0x3D,0x96,0x00,
0x00,0xC0,0x0F,0x87,0xC3,0x01,0x00,0x00,0x3D,0x95,0x00,0x00,0xC0,0x0F,0x87,0xB8,0x01,0x00,0x00,0x3D,
0x94,0x00,0x00,0xC0,0x0F,0x83,0x4C,0x01,0x00,0x00,0x3D,0x93,0x00,0x00,0xC0,0x0F,0x84,0x3A,0x01,0x00,
0x00,0x3D,0x93,0x00,0x00,0xC0,0x0F,0x87,0x97,0x01,0x00,0x00,0x3D,0x92,0x00,0x00,0xC0,0x0F,0x84,0x83,
0x01,0x00,0x00,0x3D,0x92,0x00,0x00,0xC0,0x0F,0x87,0x81,0x01,0x00,0x00,0x3D,0x91,0x00,0x00,0xC0,0x0F,
0x87,0x76,0x01,0x00,0x00,0x3D,0x8D,0x00,0x00,0xC0,0x0F,0x83,0x03,0x01,0x00,0x00,0x3D,0x8C,0x00,0x00,
0xC0,0x0F,0x84,0x57,0x01,0x00,0x00,0x3D,0x8C,0x00,0x00,0xC0,0x0F,0x87,0x55,0x01,0x00,0x00,0x3D,0x1D,
0x00,0x00,0xC0,0x0F,0x84,0x8E,0x00,0x00,0x00,0x3D,0x1D,0x00,0x00,0xC0,0x0F,0x87,0x3F,0x01,0x00,0x00,
0x3D,0x08,0x00,0x00,0xC0,0x0F,0x84,0x2B,0x01,0x00,0x00,0x3D,0x08,0x00,0x00,0xC0,0x0F,0x87,0x29,0x01,
0x00,0x00,0x3D,0x02,0x00,0x00,0x80,0x0F,0x84,0x15,0x01,0x00,0x00,0x3D,0x05,0x00,0x00,0xC0,0x0F,0x85,
0x13,0x01,0x00,0x00,0xBA,0x00,0x00,0x00,0x00,0xB9,0x0B,0x00,0x00,0x00,0xE8,0x1D,0x0E,0x00,0x00,0x48,
0x89,0x45,0xF0,0x48,0x83,0x7D,0xF0,0x01,0x75,0x1B,0xBA,0x01,0x00,0x00,0x00,0xB9,0x0B,0x00,0x00,0x00,
0xE8,0x03,0x0E,0x00,0x00,0xC7,0x45,0xFC,0x00,0x00,0x00,0x00,0xE9,0xE1,0x00,0x00,0x00,0x48,0x83,0x7D,
0xF0,0x00,0x0F,0x84,0xD6,0x00,0x00,0x00,0x48,0x8B,0x45,0xF0,0xB9,0x0B,0x00,0x00,0x00,0xFF,0xD0,0xC7,
0x45,0xFC,0x00,0x00,0x00,0x00,0xE9,0xBF,0x00,0x00,0x00,0xBA,0x00,0x00,0x00,0x00,0xB9,0x04,0x00,0x00,
0x00,0xE8,0xC6,0x0D,0x00,0x00,0x48,0x89,0x45,0xF0,0x48,0x83,0x7D,0xF0,0x01,0x75,0x1B,0xBA,0x01,0x00,
0x00,0x00,0xB9,0x04,0x00,0x00,0x00,0xE8,0xAC,0x0D,0x00,0x00,0xC7,0x45,0xFC,0x00,0x00,0x00,0x00,0xE9,
0x8D,0x00,0x00,0x00,0x48,0x83,0x7D,0xF0,0x00,0x0F,0x84,0x82,0x00,0x00,0x00,0x48,0x8B,0x45,0xF0,0xB9,
0x04,0x00,0x00,0x00,0xFF,0xD0,0xC7,0x45,0xFC,0x00,0x00,0x00,0x00,0xEB,0x6E,0xC7,0x45,0xF8,0x01,0x00,
0x00,0x00,0xBA,0x00,0x00,0x00,0x00,0xB9,0x08,0x00,0x00,0x00,0xE8,0x6B,0x0D,0x00,0x00,0x48,0x89,0x45,
0xF0,0x48,0x83,0x7D,0xF0,0x01,0x75,0x23,0xBA,0x01,0x00,0x00,0x00,0xB9,0x08,0x00,0x00,0x00,0xE8,0x51,
0x0D,0x00,0x00,0x83,0x7D,0xF8,0x00,0x74,0x05,0xE8,0xA6,0x05,0x00,0x00,0xC7,0x45,0xFC,0x00,0x00,0x00,
0x00,0xEB,0x2D,0x48,0x83,0x7D,0xF0,0x00,0x74,0x26,0x48,0x8B,0x45,0xF0,0xB9,0x08,0x00,0x00,0x00,0xFF,
0xD0,0xC7,0x45,0xFC,0x00,0x00,0x00,0x00,0xEB,0x12,0xC7,0x45,0xFC,0x00,0x00,0x00,0x00,0xEB,0x0A,0x90,
0xEB,0x07,0x90,0xEB,0x04,0x90,0xEB,0x01,0x90,0x8B,0x45,0xFC,0x48,0x83,0xC4,0x30,0x5D,0xC3,0x55,0x48,
0x89,0xE5,0x48,0x83,0xEC,0x30,0x48,0x89,0x4D,0x10,0xC7,0x45,0xFC,0x00,0x00,0x00,0x00,0xC7,0x45,0xF8,
0x00,0x00,0x00,0x00,0x48,0x8B,0x45,0x10,0x48,0x8B,0x00,0x8B,0x00,0x25,0xFF,0xFF,0xFF,0x20,0x3D,0x43,
0x43,0x47,0x20,0x75,0x1B,0x48,0x8B,0x45,0x10,0x48,0x8B,0x00,0x8B,0x40,0x04,0x83,0xE0,0x01,0x85,0xC0,
0x75,0x0A,0xB8,0xFF,0xFF,0xFF,0xFF,0xE9,0x14,0x02,0x00,0x00,0x48,0x8B,0x45,0x10,0x48,0x8B,0x00,0x8B,
0x00,0x3D,0x96,0x00,0x00,0xC0,0x0F,0x84,0x12,0x01,0x00,0x00,0x3D,0x96,0x00,0x00,0xC0,0x0F,0x87,0xC3,
0x01,0x00,0x00,0x3D,0x95,0x00,0x00,0xC0,0x0F,0x87,0xB8,0x01,0x00,0x00,0x3D,0x94,0x00,0x00,0xC0,0x0F,
0x83,0x4C,0x01,0x00,0x00,0x3D,0x93,0x00,0x00,0xC0,0x0F,0x84,0x3A,0x01,0x00,0x00,0x3D,0x93,0x00,0x00,
0xC0,0x0F,0x87,0x97,0x01,0x00,0x00,0x3D,0x92,0x00,0x00,0xC0,0x0F,0x84,0x83,0x01,0x00,0x00,0x3D,0x92,
0x00,0x00,0xC0,0x0F,0x87,0x81,0x01,0x00,0x00,0x3D,0x91,0x00,0x00,0xC0,0x0F,0x87,0x76,0x01,0x00,0x00,
0x3D,0x8D,0x00,0x00,0xC0,0x0F,0x83,0x03,0x01,0x00,0x00,0x3D,0x8C,0x00,0x00,0xC0,0x0F,0x84,0x57,0x01,
0x00,0x00,0x3D,0x8C,0x00,0x00,0xC0,0x0F,0x87,0x55,0x01,0x00,0x00,0x3D,0x1D,0x00,0x00,0xC0,0x0F,0x84,
0x8E,0x00,0x00,0x00,0x3D,0x1D,0x00,0x00,0xC0,0x0F,0x87,0x3F,0x01,0x00,0x00,0x3D,0x08,0x00,0x00,0xC0,
0x0F,0x84,0x2B,0x01,0x00,0x00,0x3D,0x08,0x00,0x00,0xC0,0x0F,0x87,0x29,0x01,0x00,0x00,0x3D,0x02,0x00,
0x00,0x80,0x0F,0x84,0x15,0x01,0x00,0x00,0x3D,0x05,0x00,0x00,0xC0,0x0F,0x85,0x13,0x01,0x00,0x00,0xBA,
0x00,0x00,0x00,0x00,0xB9,0x0B,0x00,0x00,0x00,0xE8,0xDE,0x0B,0x00,0x00,0x48,0x89,0x45,0xF0,0x48,0x83,
0x7D,0xF0,0x01,0x75,0x1B,0xBA,0x01,0x00,0x00,0x00,0xB9,0x0B,0x00,0x00,0x00,0xE8,0xC4,0x0B,0x00,0x00,
0xC7,0x45,0xFC,0xFF,0xFF,0xFF,0xFF,0xE9,0xE1,0x00,0x00,0x00,0x48,0x83,0x7D,0xF0,0x00,0x0F,0x84,0xD6,
0x00,0x00,0x00,0x48,0x8B,0x45,0xF0,0xB9,0x0B,0x00,0x00,0x00,0xFF,0xD0,0xC7,0x45,0xFC,0xFF,0xFF,0xFF,
0xFF,0xE9,0xBF,0x00,0x00,0x00,0xBA,0x00,0x00,0x00,0x00,0xB9,0x04,0x00,0x00,0x00,0xE8,0x87,0x0B,0x00,
0x00,0x48,0x89,0x45,0xF0,0x48,0x83,0x7D,0xF0,0x01,0x75,0x1B,0xBA,0x01,0x00,0x00,0x00,0xB9,0x04,0x00,
0x00,0x00,0xE8,0x6D,0x0B,0x00,0x00,0xC7,0x45,0xFC,0xFF,0xFF,0xFF,0xFF,0xE9,0x8D,0x00,0x00,0x00,0x48,
0x83,0x7D,0xF0,0x00,0x0F,0x84,0x82,0x00,0x00,0x00,0x48,0x8B,0x45,0xF0,0xB9,0x04,0x00,0x00,0x00,0xFF,
0xD0,0xC7,0x45,0xFC,0xFF,0xFF,0xFF,0xFF,0xEB,0x6E,0xC7,0x45,0xF8,0x01,0x00,0x00,0x00,0xBA,0x00,0x00,
0x00,0x00,0xB9,0x08,0x00,0x00,0x00,0xE8,0x2C,0x0B,0x00,0x00,0x48,0x89,0x45,0xF0,0x48,0x83,0x7D,0xF0,
0x01,0x75,0x23,0xBA,0x01,0x00,0x00,0x00,0xB9,0x08,0x00,0x00,0x00,0xE8,0x12,0x0B,0x00,0x00,0x83,0x7D,
0xF8,0x00,0x74,0x05,0xE8,0x67,0x03,0x00,0x00,0xC7,0x45,0xFC,0xFF,0xFF,0xFF,0xFF,0xEB,0x2D,0x48,0x83,
0x7D,0xF0,0x00,0x74,0x26,0x48,0x8B,0x45,0xF0,0xB9,0x08,0x00,0x00,0x00,0xFF,0xD0,0xC7,0x45,0xFC,0xFF,
0xFF,0xFF,0xFF,0xEB,0x12,0xC7,0x45,0xFC,0xFF,0xFF,0xFF,0xFF,0xEB,0x0A,0x90,0xEB,0x07,0x90,0xEB,0x04,
0x90,0xEB,0x01,0x90,0x83,0x7D,0xFC,0x00,0x75,0x1F,0x48,0x8B,0x05,0x73,0x7D,0x00,0x00,0x48,0x85,0xC0,
0x74,0x13,0x48,0x8B,0x15,0x67,0x7D,0x00,0x00,0x48,0x8B,0x45,0x10,0x48,0x89,0xC1,0xFF,0xD2,0x89,0x45,
0xFC,0x8B,0x45,0xFC,0x48,0x83,0xC4,0x30,0x5D,0xC3,0x90,0x90,0x55,0x48,0x89,0xE5,0x48,0x83,0xEC,0x30,
0x89,0x4D,0x10,0x48,0x89,0x55,0x18,0x8B,0x05,0x83,0x7D,0x00,0x00,0x85,0xC0,0x75,0x07,0xB8,0x00,0x00,
0x00,0x00,0xEB,0x7B,0xBA,0x18,0x00,0x00,0x00,0xB9,0x01,0x00,0x00,0x00,0xE8,0xC9,0x0A,0x00,0x00,0x48,
0x89,0x45,0xF8,0x48,0x83,0x7D,0xF8,0x00,0x75,0x07,0xB8,0xFF,0xFF,0xFF,0xFF,0xEB,0x5A,0x48,0x8B,0x45,
0xF8,0x8B,0x55,0x10,0x89,0x10,0x48,0x8B,0x45,0xF8,0x48,0x8B,0x55,0x18,0x48,0x89,0x50,0x08,0x48,0x8D,
0x05,0x13,0x7D,0x00,0x00,0x48,0x89,0xC1,0x48,0x8B,0x05,0x51,0x90,0x00,0x00,0xFF,0xD0,0x48,0x8B,0x15,
0x30,0x7D,0x00,0x00,0x48,0x8B,0x45,0xF8,0x48,0x89,0x50,0x10,0x48,0x8B,0x45,0xF8,0x48,0x89,0x05,0x1D,
0x7D,0x00,0x00,0x48,0x8D,0x05,0xE6,0x7C,0x00,0x00,0x48,0x89,0xC1,0x48,0x8B,0x05,0x84,0x90,0x00,0x00,
0xFF,0xD0,0xB8,0x00,0x00,0x00,0x00,0x48,0x83,0xC4,0x30,0x5D,0xC3,0x55,0x48,0x89,0xE5,0x48,0x83,0xEC,
0x30,0x89,0x4D,0x10,0x8B,0x05,0xE6,0x7C,0x00,0x00,0x85,0xC0,0x75,0x0A,0xB8,0x00,0x00,0x00,0x00,0xE9,
0x9C,0x00,0x00,0x00,0x48,0x8D,0x05,0xA9,0x7C,0x00,0x00,0x48,0x89,0xC1,0x48,0x8B,0x05,0xE7,0x8F,0x00,
0x00,0xFF,0xD0,0x48,0xC7,0x45,0xF8,0x00,0x00,0x00,0x00,0x48,0x8B,0x05,0xBE,0x7C,0x00,0x00,0x48,0x89,
0x45,0xF0,0xEB,0x55,0x48,0x8B,0x45,0xF0,0x8B,0x00,0x39,0x45,0x10,0x75,0x36,0x48,0x83,0x7D,0xF8,0x00,
0x75,0x11,0x48,0x8B,0x45,0xF0,0x48,0x8B,0x40,0x10,0x48,0x89,0x05,0x97,0x7C,0x00,0x00,0xEB,0x10,0x48,
0x8B,0x45,0xF0,0x48,0x8B,0x50,0x10,0x48,0x8B,0x45,0xF8,0x48,0x89,0x50,0x10,0x48,0x8B,0x45,0xF0,0x48,
0x89,0xC1,0xE8,0xD9,0x09,0x00,0x00,0xEB,0x1B,0x48,0x8B,0x45,0xF0,0x48,0x89,0x45,0xF8,0x48,0x8B,0x45,
0xF0,0x48,0x8B,0x40,0x10,0x48,0x89,0x45,0xF0,0x48,0x83,0x7D,0xF0,0x00,0x75,0xA4,0x48,0x8D,0x05,0x25,
0x7C,0x00,0x00,0x48,0x89,0xC1,0x48,0x8B,0x05,0xC3,0x8F,0x00,0x00,0xFF,0xD0,0xB8,0x00,0x00,0x00,0x00,
0x48,0x83,0xC4,0x30,0x5D,0xC3,0x55,0x48,0x89,0xE5,0x48,0x83,0xEC,0x30,0x8B,0x05,0x28,0x7C,0x00,0x00,
0x85,0xC0,0x0F,0x84,0x82,0x00,0x00,0x00,0x48,0x8D,0x05,0xF1,0x7B,0x00,0x00,0x48,0x89,0xC1,0x48,0x8B,
0x05,0x2F,0x8F,0x00,0x00,0xFF,0xD0,0x48,0x8B,0x05,0x0E,0x7C,0x00,0x00,0x48,0x89,0x45,0xF8,0xEB,0x46,
0x48,0x8B,0x45,0xF8,0x8B,0x00,0x89,0xC1,0x48,0x8B,0x05,0xA1,0x8F,0x00,0x00,0xFF,0xD0,0x48,0x89,0x45,
0xF0,0x48,0x8B,0x05,0x24,0x8F,0x00,0x00,0xFF,0xD0,0x85,0xC0,0x75,0x18,0x48,0x83,0x7D,0xF0,0x00,0x74,
0x11,0x48,0x8B,0x45,0xF8,0x48,0x8B,0x50,0x08,0x48,0x8B,0x45,0xF0,0x48,0x89,0xC1,0xFF,0xD2,0x48,0x8B,
0x45,0xF8,0x48,0x8B,0x40,0x10,0x48,0x89,0x45,0xF8,0x48,0x83,0x7D,0xF8,0x00,0x75,0xB3,0x48,0x8D,0x05,
0x84,0x7B,0x00,0x00,0x48,0x89,0xC1,0x48,0x8B,0x05,0x22,0x8F,0x00,0x00,0xFF,0xD0,0xEB,0x01,0x90,0x48,
0x83,0xC4,0x30,0x5D,0xC3,0x55,0x48,0x89,0xE5,0x48,0x83,0xEC,0x30,0x48,0x89,0x4D,0x10,0x89,0x55,0x18,
0x4C,0x89,0x45,0x20,0x83,0x7D,0x18,0x03,0x0F,0x84,0xCC,0x00,0x00,0x00,0x83,0x7D,0x18,0x03,0x0F,0x87,
0xCA,0x00,0x00,0x00,0x83,0x7D,0x18,0x02,0x0F,0x84,0xB1,0x00,0x00,0x00,0x83,0x7D,0x18,0x02,0x0F,0x87,
0xB6,0x00,0x00,0x00,0x83,0x7D,0x18,0x00,0x74,0x33,0x83,0x7D,0x18,0x01,0x0F,0x85,0xA6,0x00,0x00,0x00,
0x8B,0x05,0x46,0x7B,0x00,0x00,0x85,0xC0,0x75,0x13,0x48,0x8D,0x05,0x13,0x7B,0x00,0x00,0x48,0x89,0xC1,
0x48,0x8B,0x05,0xA1,0x8E,0x00,0x00,0xFF,0xD0,0xC7,0x05,0x25,0x7B,0x00,0x00,0x01,0x00,0x00,0x00,0xEB,
0x7D,0xE8,0xE8,0xFE,0xFF,0xFF,0x8B,0x05,0x18,0x7B,0x00,0x00,0x83,0xF8,0x01,0x75,0x6C,0x48,0x8B,0x05,
0x14,0x7B,0x00,0x00,0x48,0x89,0x45,0xF8,0xEB,0x20,0x48,0x8B,0x45,0xF8,0x48,0x8B,0x40,0x10,0x48,0x89,
0x45,0xF0,0x48,0x8B,0x45,0xF8,0x48,0x89,0xC1,0xE8,0x56,0x08,0x00,0x00,0x48,0x8B,0x45,0xF0,0x48,0x89,
0x45,0xF8,0x48,0x83,0x7D,0xF8,0x00,0x75,0xD9,0x48,0xC7,0x05,0xDC,0x7A,0x00,0x00,0x00,0x00,0x00,0x00,
0xC7,0x05,0xCA,0x7A,0x00,0x00,0x00,0x00,0x00,0x00,0x48,0x8D,0x05,0x9B,0x7A,0x00,0x00,0x48,0x89,0xC1,
0x48,0x8B,0x05,0xC9,0x8D,0x00,0x00,0xFF,0xD0,0xEB,0x0E,0xE8,0x18,0x00,0x00,0x00,0xEB,0x08,0xE8,0x73,
0xFE,0xFF,0xFF,0xEB,0x01,0x90,0xB8,0x01,0x00,0x00,0x00,0x48,0x83,0xC4,0x30,0x5D,0xC3,0x90,0x90,0x90,
0x55,0x48,0x89,0xE5,0xDB,0xE3,0x90,0x5D,0xC3,0x90,0x90,0x90,0x90,0x90,0x90,0x90,0x55,0x48,0x89,0xE5,
0x48,0x83,0xEC,0x20,0x48,0x89,0x4D,0x10,0x48,0x8B,0x45,0x10,0x48,0x89,0x45,0xF8,0x48,0x8B,0x45,0xF8,
0x0F,0xB7,0x00,0x66,0x3D,0x4D,0x5A,0x74,0x07,0xB8,0x00,0x00,0x00,0x00,0xEB,0x4E,0x48,0x8B,0x45,0xF8,
0x8B,0x40,0x3C,0x48,0x63,0xD0,0x48,0x8B,0x45,0xF8,0x48,0x01,0xD0,0x48,0x89,0x45,0xF0,0x48,0x8B,0x45,
0xF0,0x8B,0x00,0x3D,0x50,0x45,0x00,0x00,0x74,0x07,0xB8,0x00,0x00,0x00,0x00,0xEB,0x25,0x48,0x8B,0x45,
0xF0,0x48,0x83,0xC0,0x18,0x48,0x89,0x45,0xE8,0x48,0x8B,0x45,0xE8,0x0F,0xB7,0x00,0x66,0x3D,0x0B,0x02,
0x74,0x07,0xB8,0x00,0x00,0x00,0x00,0xEB,0x05,0xB8,0x01,0x00,0x00,0x00,0x48,0x83,0xC4,0x20,0x5D,0xC3,
0x55,0x48,0x89,0xE5,0x48,0x83,0xEC,0x20,0x48,0x89,0x4D,0x10,0x48,0x89,0x55,0x18,0x48,0x8B,0x45,0x10,
0x8B,0x40,0x3C,0x48,0x63,0xD0,0x48,0x8B,0x45,0x10,0x48,0x01,0xD0,0x48,0x89,0x45,0xE8,0xC7,0x45,0xF4,
0x00,0x00,0x00,0x00,0x48,0x8B,0x45,0xE8,0x0F,0xB7,0x40,0x14,0x0F,0xB7,0xD0,0x48,0x8B,0x45,0xE8,0x48,
0x01,0xD0,0x48,0x83,0xC0,0x18,0x48,0x89,0x45,0xF8,0xEB,0x36,0x48,0x8B,0x45,0xF8,0x8B,0x40,0x0C,0x89,
0xC0,0x48,0x39,0x45,0x18,0x72,0x1E,0x48,0x8B,0x45,0xF8,0x8B,0x50,0x0C,0x48,0x8B,0x45,0xF8,0x8B,0x40,
0x08,0x01,0xD0,0x89,0xC0,0x48,0x39,0x45,0x18,0x73,0x06,0x48,0x8B,0x45,0xF8,0xEB,0x1E,0x83,0x45,0xF4,
0x01,0x48,0x83,0x45,0xF8,0x28,0x48,0x8B,0x45,0xE8,0x0F,0xB7,0x40,0x06,0x0F,0xB7,0xC0,0x39,0x45,0xF4,
0x72,0xBA,0xB8,0x00,0x00,0x00,0x00,0x48,0x83,0xC4,0x20,0x5D,0xC3,0x55,0x48,0x89,0xE5,0x48,0x83,0xEC,
0x40,0x48,0x89,0x4D,0x10,0x48,0x8B,0x45,0x10,0x48,0x89,0xC1,0xE8,0x63,0x05,0x00,0x00,0x48,0x83,0xF8,
0x08,0x76,0x0A,0xB8,0x00,0x00,0x00,0x00,0xE9,0x98,0x00,0x00,0x00,0x48,0x8B,0x05,0x7C,0x33,0x00,0x00,
0x48,0x89,0x45,0xE8,0x48,0x8B,0x45,0xE8,0x48,0x89,0xC1,0xE8,0xAC,0xFE,0xFF,0xFF,0x85,0xC0,0x75,0x07,
0xB8,0x00,0x00,0x00,0x00,0xEB,0x76,0x48,0x8B,0x45,0xE8,0x8B,0x40,0x3C,0x48,0x63,0xD0,0x48,0x8B,0x45,
0xE8,0x48,0x01,0xD0,0x48,0x89,0x45,0xE0,0xC7,0x45,0xF4,0x00,0x00,0x00,0x00,0x48,0x8B,0x45,0xE0,0x0F,
0xB7,0x40,0x14,0x0F,0xB7,0xD0,0x48,0x8B,0x45,0xE0,0x48,0x01,0xD0,0x48,0x83,0xC0,0x18,0x48,0x89,0x45,
0xF8,0xEB,0x29,0x48,0x8B,0x45,0xF8,0x48,0x8B,0x55,0x10,0x41,0xB8,0x08,0x00,0x00,0x00,0x48,0x89,0xC1,
0xE8,0xEB,0x04,0x00,0x00,0x85,0xC0,0x75,0x06,0x48,0x8B,0x45,0xF8,0xEB,0x1E,0x83,0x45,0xF4,0x01,0x48,
0x83,0x45,0xF8,0x28,0x48,0x8B,0x45,0xE0,0x0F,0xB7,0x40,0x06,0x0F,0xB7,0xC0,0x39,0x45,0xF4,0x72,0xC7,
0xB8,0x00,0x00,0x00,0x00,0x48,0x83,0xC4,0x40,0x5D,0xC3,0x55,0x48,0x89,0xE5,0x48,0x83,0xEC,0x30,0x48,
0x89,0x4D,0x10,0x48,0x8B,0x05,0xD2,0x32,0x00,0x00,0x48,0x89,0x45,0xF8,0x48,0x8B,0x45,0xF8,0x48,0x89,
0xC1,0xE8,0x02,0xFE,0xFF,0xFF,0x85,0xC0,0x75,0x07,0xB8,0x00,0x00,0x00,0x00,0xEB,0x1C,0x48,0x8B,0x45,
0x10,0x48,0x2B,0x45,0xF8,0x48,0x89,0x45,0xF0,0x48,0x8B,0x55,0xF0,0x48,0x8B,0x45,0xF8,0x48,0x89,0xC1,
0xE8,0x57,0xFE,0xFF,0xFF,0x48,0x83,0xC4,0x30,0x5D,0xC3,0x55,0x48,0x89,0xE5,0x48,0x83,0xEC,0x30,0x48,
0x8B,0x05,0x86,0x32,0x00,0x00,0x48,0x89,0x45,0xF8,0x48,0x8B,0x45,0xF8,0x48,0x89,0xC1,0xE8,0xB6,0xFD,
0xFF,0xFF,0x85,0xC0,0x75,0x07,0xB8,0x00,0x00,0x00,0x00,0xEB,0x20,0x48,0x8B,0x45,0xF8,0x8B,0x40,0x3C,
0x48,0x63,0xD0,0x48,0x8B,0x45,0xF8,0x48,0x01,0xD0,0x48,0x89,0x45,0xF0,0x48,0x8B,0x45,0xF0,0x0F,0xB7,
0x40,0x06,0x0F,0xB7,0xC0,0x48,0x83,0xC4,0x30,0x5D,0xC3,0x55,0x48,0x89,0xE5,0x48,0x83,0xEC,0x40,0x48,
0x89,0x4D,0x10,0x48,0x8B,0x05,0x32,0x32,0x00,0x00,0x48,0x89,0x45,0xE8,0x48,0x8B,0x45,0xE8,0x48,0x89,
0xC1,0xE8,0x62,0xFD,0xFF,0xFF,0x85,0xC0,0x75,0x07,0xB8,0x00,0x00,0x00,0x00,0xEB,0x78,0x48,0x8B,0x45,
0xE8,0x8B,0x40,0x3C,0x48,0x63,0xD0,0x48,0x8B,0x45,0xE8,0x48,0x01,0xD0,0x48,0x89,0x45,0xE0,0xC7,0x45,
0xF4,0x00,0x00,0x00,0x00,0x48,0x8B,0x45,0xE0,0x0F,0xB7,0x40,0x14,0x0F,0xB7,0xD0,0x48,0x8B,0x45,0xE0,
0x48,0x01,0xD0,0x48,0x83,0xC0,0x18,0x48,0x89,0x45,0xF8,0xEB,0x2B,0x48,0x8B,0x45,0xF8,0x8B,0x40,0x24,
0x25,0x00,0x00,0x00,0x20,0x85,0xC0,0x74,0x12,0x48,0x83,0x7D,0x10,0x00,0x75,0x06,0x48,0x8B,0x45,0xF8,
0xEB,0x23,0x48,0x83,0x6D,0x10,0x01,0x83,0x45,0xF4,0x01,0x48,0x83,0x45,0xF8,0x28,0x48,0x8B,0x45,0xE0,
0x0F,0xB7,0x40,0x06,0x0F,0xB7,0xC0,0x39,0x45,0xF4,0x72,0xC5,0xB8,0x00,0x00,0x00,0x00,0x48,0x83,0xC4,
0x40,0x5D,0xC3,0x55,0x48,0x89,0xE5,0x48,0x83,0xEC,0x30,0x48,0x8B,0x05,0x8A,0x31,0x00,0x00,0x48,0x89,
0x45,0xF8,0x48,0x8B,0x45,0xF8,0x48,0x89,0xC1,0xE8,0xBA,0xFC,0xFF,0xFF,0x85,0xC0,0x75,0x07,0xB8,0x00,
0x00,0x00,0x00,0xEB,0x04,0x48,0x8B,0x45,0xF8,0x48,0x83,0xC4,0x30,0x5D,0xC3,0x55,0x48,0x89,0xE5,0x48,
0x83,0xEC,0x40,0x48,0x89,0x4D,0x10,0x48,0x8B,0x05,0x52,0x31,0x00,0x00,0x48,0x89,0x45,0xF8,0x48,0x8B,
0x45,0xF8,0x48,0x89,0xC1,0xE8,0x82,0xFC,0xFF,0xFF,0x85,0xC0,0x75,0x07,0xB8,0x00,0x00,0x00,0x00,0xEB,
0x3D,0x48,0x8B,0x45,0x10,0x48,0x2B,0x45,0xF8,0x48,0x89,0x45,0xF0,0x48,0x8B,0x55,0xF0,0x48,0x8B,0x45,
0xF8,0x48,0x89,0xC1,0xE8,0xD7,0xFC,0xFF,0xFF,0x48,0x89,0x45,0xE8,0x48,0x83,0x7D,0xE8,0x00,0x75,0x07,
0xB8,0x00,0x00,0x00,0x00,0xEB,0x0F,0x48,0x8B,0x45,0xE8,0x8B,0x40,0x24,0xF7,0xD0,0xC1,0xE8,0x1F,0x0F,
0xB6,0xC0,0x48,0x83,0xC4,0x40,0x5D,0xC3,0x55,0x48,0x89,0xE5,0x48,0x83,0xEC,0x50,0x89,0x4D,0x10,0x48,
0x8B,0x05,0xE2,0x30,0x00,0x00,0x48,0x89,0x45,0xF0,0x48,0x8B,0x45,0xF0,0x48,0x89,0xC1,0xE8,0x12,0xFC,
0xFF,0xFF,0x85,0xC0,0x75,0x0A,0xB8,0x00,0x00,0x00,0x00,0xE9,0xAB,0x00,0x00,0x00,0x48,0x8B,0x45,0xF0,
0x8B,0x40,0x3C,0x48,0x63,0xD0,0x48,0x8B,0x45,0xF0,0x48,0x01,0xD0,0x48,0x89,0x45,0xE8,0x48,0x8B,0x45,
0xE8,0x8B,0x80,0x90,0x00,0x00,0x00,0x89,0x45,0xE4,0x83,0x7D,0xE4,0x00,0x75,0x07,0xB8,0x00,0x00,0x00,
0x00,0xEB,0x7C,0x8B,0x55,0xE4,0x48,0x8B,0x45,0xF0,0x48,0x89,0xC1,0xE8,0x42,0xFC,0xFF,0xFF,0x48,0x89,
0x45,0xD8,0x48,0x83,0x7D,0xD8,0x00,0x75,0x07,0xB8,0x00,0x00,0x00,0x00,0xEB,0x5B,0x8B,0x55,0xE4,0x48,
0x8B,0x45,0xF0,0x48,0x01,0xD0,0x48,0x89,0x45,0xF8,0x48,0x83,0x7D,0xF8,0x00,0x75,0x07,0xB8,0x00,0x00,
0x00,0x00,0xEB,0x3F,0x48,0x8B,0x45,0xF8,0x8B,0x40,0x04,0x85,0xC0,0x75,0x0B,0x48,0x8B,0x45,0xF8,0x8B,
0x40,0x0C,0x85,0xC0,0x74,0x23,0x83,0x7D,0x10,0x00,0x7F,0x12,0x48,0x8B,0x45,0xF8,0x8B,0x40,0x0C,0x89,
0xC2,0x48,0x8B,0x45,0xF0,0x48,0x01,0xD0,0xEB,0x11,0x83,0x6D,0x10,0x01,0x48,0x83,0x45,0xF8,0x14,0xEB,
0xC7,0x90,0xB8,0x00,0x00,0x00,0x00,0x48,0x83,0xC4,0x50,0x5D,0xC3,0x90,0x90,0x90,0x51,0x50,0x48,0x3D,
0x00,0x10,0x00,0x00,0x48,0x8D,0x4C,0x24,0x18,0x72,0x19,0x48,0x81,0xE9,0x00,0x10,0x00,0x00,0x48,0x83,
0x09,0x00,0x48,0x2D,0x00,0x10,0x00,0x00,0x48,0x3D,0x00,0x10,0x00,0x00,0x77,0xE7,0x48,0x29,0xC1,0x48,
0x83,0x09,0x00,0x58,0x59,0xC3,0x90,0x90,0x90,0x90,0x90,0x90,0x90,0x90,0x90,0x90,0x90,0x90,0x90,0x90,
0x55,0x48,0x89,0xE5,0x48,0x83,0xEC,0x30,0x48,0x89,0x4D,0x10,0x48,0x89,0x55,0x18,0x4C,0x89,0x45,0x20,
0xE8,0x97,0x00,0x00,0x00,0x48,0x8B,0x00,0x4C,0x8B,0x45,0x18,0x48,0x8B,0x55,0x10,0x48,0x8B,0x4D,0x20,
0x48,0x89,0x4C,0x24,0x20,0x41,0xB9,0x00,0x00,0x00,0x00,0x48,0x89,0xC1,0xE8,0xAD,0x01,0x00,0x00,0x48,
0x83,0xC4,0x30,0x5D,0xC3,0x90,0x90,0x90,0x90,0x90,0x90,0x90,0x90,0x90,0x90,0x90,0x90,0x90,0x90,0x90,
0x55,0x53,0x48,0x83,0xEC,0x48,0x48,0x8D,0x6C,0x24,0x40,0x48,0x89,0x4D,0x20,0x48,0x89,0x55,0x28,0x4C,
0x89,0x45,0x30,0x4C,0x89,0x4D,0x38,0x48,0x8D,0x45,0x30,0x48,0x89,0x45,0xF0,0x48,0x8B,0x5D,0xF0,0xE8,
0x34,0x00,0x00,0x00,0x48,0x8B,0x00,0x48,0x8B,0x4D,0x28,0x48,0x8B,0x55,0x20,0x48,0x89,0x5C,0x24,0x20,
0x41,0xB9,0x00,0x00,0x00,0x00,0x49,0x89,0xC8,0x48,0x89,0xC1,0xE8,0x4B,0x01,0x00,0x00,0x89,0x45,0xFC,
0x8B,0x45,0xFC,0x48,0x83,0xC4,0x48,0x5B,0x5D,0xC3,0x90,0x90,0x90,0x90,0x90,0x90,0x55,0x48,0x89,0xE5,
0x48,0x8D,0x05,0xC5,0x13,0x00,0x00,0x5D,0xC3,0x90,0x90,0x90,0x55,0x48,0x89,0xE5,0x48,0x8B,0x05,0x55,
0x2F,0x00,0x00,0x48,0x8B,0x00,0x5D,0xC3,0x55,0x48,0x89,0xE5,0x48,0x83,0xEC,0x20,0x89,0x4D,0x10,0xB9,
0x02,0x00,0x00,0x00,0xE8,0xEB,0x00,0x00,0x00,0x48,0x89,0xC1,0x8B,0x55,0x10,0x48,0x8D,0x05,0x8E,0x2E,
0x00,0x00,0x41,0x89,0xD0,0x48,0x89,0xC2,0xE8,0x53,0xFF,0xFF,0xFF,0xB9,0xFF,0x00,0x00,0x00,0xE8,0x59,
0x01,0x00,0x00,0x90,0x90,0x90,0x90,0x90,0x90,0x90,0x90,0x90,0x55,0x48,0x89,0xE5,0x48,0x83,0xEC,0x20,
0x48,0x89,0x4D,0x10,0x48,0x89,0x55,0x18,0x4C,0x89,0x45,0x20,0x44,0x89,0x4D,0x28,0xE8,0x3B,0x01,0x00,
0x00,0x83,0x7D,0x28,0x00,0x74,0x07,0xB8,0x02,0x00,0x00,0x00,0xEB,0x05,0xB8,0x01,0x00,0x00,0x00,0x89,
0xC1,0xE8,0x0A,0x01,0x00,0x00,0xE8,0xE5,0x00,0x00,0x00,0x8B,0x10,0x48,0x8B,0x45,0x10,0x89,0x10,0xE8,
0xE0,0x00,0x00,0x00,0x48,0x8B,0x10,0x48,0x8B,0x45,0x18,0x48,0x89,0x10,0xE8,0xA9,0x01,0x00,0x00,0x48,
0x8B,0x10,0x48,0x8B,0x45,0x20,0x48,0x89,0x10,0x48,0x8B,0x45,0x30,0x8B,0x00,0x89,0xC1,0xE8,0x72,0x01,
0x00,0x00,0xB8,0x00,0x00,0x00,0x00,0x48,0x83,0xC4,0x20,0x5D,0xC3,0x90,0x90,0x90,0x90,0x90,0x90,0x90,
0xFF,0x25,0x4A,0x89,0x00,0x00,0x90,0x90,0xFF,0x25,0x4A,0x89,0x00,0x00,0x90,0x90,0xFF,0x25,0x4A,0x89,
0x00,0x00,0x90,0x90,0xFF,0x25,0x4A,0x89,0x00,0x00,0x90,0x90,0xFF,0x25,0x4A,0x89,0x00,0x00,0x90,0x90,
0xFF,0x25,0x4A,0x89,0x00,0x00,0x90,0x90,0xFF,0x25,0x4A,0x89,0x00,0x00,0x90,0x90,0x0F,0x1F,0x84,0x00,
0x00,0x00,0x00,0x00,0xFF,0x25,0xA2,0x88,0x00,0x00,0x90,0x90,0xFF,0x25,0xA2,0x88,0x00,0x00,0x90,0x90,
0xFF,0x25,0xA2,0x88,0x00,0x00,0x90,0x90,0xFF,0x25,0xA2,0x88,0x00,0x00,0x90,0x90,0xFF,0x25,0xA2,0x88,
0x00,0x00,0x90,0x90,0xFF,0x25,0xA2,0x88,0x00,0x00,0x90,0x90,0xFF,0x25,0xA2,0x88,0x00,0x00,0x90,0x90,
0xFF,0x25,0xA2,0x88,0x00,0x00,0x90,0x90,0xFF,0x25,0xA2,0x88,0x00,0x00,0x90,0x90,0xFF,0x25,0xA2,0x88,
0x00,0x00,0x90,0x90,0xFF,0x25,0xA2,0x88,0x00,0x00,0x90,0x90,0xFF,0x25,0xA2,0x88,0x00,0x00,0x90,0x90,
0xFF,0x25,0xC2,0x87,0x00,0x00,0x90,0x90,0xFF,0x25,0xC2,0x87,0x00,0x00,0x90,0x90,0xFF,0x25,0xC2,0x87,
0x00,0x00,0x90,0x90,0xFF,0x25,0xC2,0x87,0x00,0x00,0x90,0x90,0xFF,0x25,0xC2,0x87,0x00,0x00,0x90,0x90,
0xFF,0x25,0xC2,0x87,0x00,0x00,0x90,0x90,0xFF,0x25,0xC2,0x87,0x00,0x00,0x90,0x90,0xFF,0x25,0xC2,0x87,
0x00,0x00,0x90,0x90,0xFF,0x25,0xC2,0x87,0x00,0x00,0x90,0x90,0xFF,0x25,0xC2,0x87,0x00,0x00,0x90,0x90,
0xFF,0x25,0xC2,0x87,0x00,0x00,0x90,0x90,0xFF,0x25,0xC2,0x87,0x00,0x00,0x90,0x90,0xFF,0x25,0xC2,0x87,
0x00,0x00,0x90,0x90,0xFF,0x25,0xC2,0x87,0x00,0x00,0x90,0x90,0xFF,0x25,0xC2,0x87,0x00,0x00,0x90,0x90,
0x0F,0x1F,0x84,0x00,0x00,0x00,0x00,0x00,0xFF,0x25,0x22,0x87,0x00,0x00,0x90,0x90,0xFF,0x25,0x22,0x87,
0x00,0x00,0x90,0x90,0xFF,0x25,0x22,0x87,0x00,0x00,0x90,0x90,0x0F,0x1F,0x84,0x00,0x00,0x00,0x00,0x00,
0xFF,0x25,0xF2,0x86,0x00,0x00,0x90,0x90,0x0F,0x1F,0x84,0x00,0x00,0x00,0x00,0x00,0xFF,0x25,0xD2,0x86,
0x00,0x00,0x90,0x90,0x0F,0x1F,0x84,0x00,0x00,0x00,0x00,0x00,0xFF,0x25,0x9A,0x86,0x00,0x00,0x90,0x90,
0xFF,0x25,0x9A,0x86,0x00,0x00,0x90,0x90,0xFF,0x25,0x9A,0x86,0x00,0x00,0x90,0x90,0xFF,0x25,0x9A,0x86,
0x00,0x00,0x90,0x90,0xFF,0x25,0x6A,0x86,0x00,0x00,0x90,0x90,0x0F,0x1F,0x84,0x00,0x00,0x00,0x00,0x00,
0xFF,0x25,0x4A,0x86,0x00,0x00,0x90,0x90,0xFF,0x25,0x3A,0x86,0x00,0x00,0x90,0x90,0xFF,0x25,0x2A,0x86,
0x00,0x00,0x90,0x90,0xFF,0x25,0x1A,0x86,0x00,0x00,0x90,0x90,0xFF,0x25,0x0A,0x86,0x00,0x00,0x90,0x90,
0xFF,0x25,0xFA,0x85,0x00,0x00,0x90,0x90,0xFF,0x25,0xEA,0x85,0x00,0x00,0x90,0x90,0xFF,0x25,0xDA,0x85,
0x00,0x00,0x90,0x90,0xFF,0x25,0xCA,0x85,0x00,0x00,0x90,0x90,0xFF,0x25,0xBA,0x85,0x00,0x00,0x90,0x90,
0xFF,0x25,0xAA,0x85,0x00,0x00,0x90,0x90,0xFF,0x25,0x9A,0x85,0x00,0x00,0x90,0x90,0xFF,0x25,0x8A,0x85,
0x00,0x00,0x90,0x90,0xFF,0x25,0x7A,0x85,0x00,0x00,0x90,0x90,0xFF,0x25,0x6A,0x85,0x00,0x00,0x90,0x90,
0xFF,0x25,0x5A,0x85,0x00,0x00,0x90,0x90,0xFF,0x25,0x4A,0x85,0x00,0x00,0x90,0x90,0xFF,0x25,0x3A,0x85,
0x00,0x00,0x90,0x90,0xFF,0x25,0x2A,0x85,0x00,0x00,0x90,0x90,0xFF,0x25,0x1A,0x85,0x00,0x00,0x90,0x90,
0xFF,0x25,0x0A,0x85,0x00,0x00,0x90,0x90,0xFF,0x25,0xFA,0x84,0x00,0x00,0x90,0x90,0xFF,0x25,0xEA,0x84,
0x00,0x00,0x90,0x90,0xFF,0x25,0xDA,0x84,0x00,0x00,0x90,0x90,0xFF,0x25,0xCA,0x84,0x00,0x00,0x90,0x90,
0xFF,0x25,0xBA,0x84,0x00,0x00,0x90,0x90,0xFF,0x25,0xAA,0x84,0x00,0x00,0x90,0x90,0xFF,0x25,0x9A,0x84,
0x00,0x00,0x90,0x90,0xFF,0x25,0x8A,0x84,0x00,0x00,0x90,0x90,0x0F,0x1F,0x84,0x00,0x00,0x00,0x00,0x00,
0xE9,0x6B,0xC6,0xFF,0xFF,0x90,0x90,0x90,0x90,0x90,0x90,0x90,0x90,0x90,0x90,0x90,0x00,0x00,0x00,0x00,
0x00,0x00,0x00,0x00,0x00,0x00,0x00,0x00,0x00,0x00,0x00,0x00,0x00,0x00,0x00,0x00,0x00,0x00,0x00,0x00,
0x00,0x00,0x00,0x00,0x00,0x00,0x00,0x00,0x00,0x00,0x00,0x00,0x00,0x00,0x00,0x00,0x00,0x00,0x00,0x00,
0x00,0x00,0x00,0x00,0x00,0x00,0x00,0x00,0x00,0x00,0x00,0x00,0x00,0x00,0x00,0x00,0x00,0x00,0x00,0x00,
0x00,0x00,0x00,0x00,0x00,0x00,0x00,0x00,0x00,0x00,0x00,0x00,0x00,0x00,0x00,0x00,0x00,0x00,0x00,0x00,
0x00,0x00,0x00,0x00,0x00,0x00,0x00,0x00,0x00,0x00,0x00,0x00,0x00,0x00,0x00,0x00,0x00,0x00,0x00,0x00,
0x00,0x00,0x00,0x00,0x00,0x00,0x00,0x00,0x00,0x00,0x00,0x00,0x00,0x00,0x00,0x00,0x00,0x00,0x00,0x00,
0x00,0x00,0x00,0x00,0x00,0x00,0x00,0x00,0x00,0x00,0x00,0x00,0x00,0x00,0x00,0x00,0x00,0x00,0x00,0x00,
0x00,0x00,0x00,0x00,0x00,0x00,0x00,0x00,0x00,0x00,0x00,0x00,0x00,0x00,0x00,0x00,0x00,0x00,0x00,0x00,
0x00,0x00,0x00,0x00,0x00,0x00,0x00,0x00,0x00,0x00,0x00,0x00,0x00,0x00,0x00,0x00,0x00,0x00,0x00,0x00,
0x00,0x00,0x00,0x00,0x00,0x00,0x00,0x00,0x00,0x00,0x00,0x00,0x00,0x00,0x00,0x00,0x00,0x00,0x00,0x00,
0x00,0x00,0x00,0x00,0x00,0x00,0x00,0x00,0x00,0x00,0x00,0x00,0x00,0x00,0x00,0x00,0x00,0x00,0x00,0x00,
0x00,0x00,0x00,0x00,0x00,0x00,0x00,0x00,0x00,0x00,0x00,0x00,0x00,0x00,0x00,0x00,0x00,0x00,0x00,0x00,
0x00,0x00,0x00,0x00,0x00,0x00,0x00,0x00,0x00,0x00,0x00,0x00,0x00,0x00,0x00,0x00,0x00,0x00,0x00,0x00,
0x00,0x00,0x00,0x00,0x00,0x00,0x00,0x00,0x00,0x00,0x00,0x00,0x00,0x00,0x00,0x00,0x00,0x00,0x00,0x00,
0x00,0x00,0x00,0x00,0x00,0x00,0x00,0x00,0x00,0x00,0x00,0x00,0x00,0x00,0x00,0x00,0x00,0x00,0x00,0x00,
0x00,0x00,0x00,0x00,0x00,0x00,0x00,0x00,0x00,0x00,0x00,0x00,0x00,0x00,0x00,0x00,0x00,0x00,0x00,0x00,
0x00,0x00,0x00,0x00,0x00,0x00,0x00,0x00,0x00,0x00,0x00,0x00,0x00,0x00,0x00,0x00,0x00,0x00,0x00,0x00,
0x00,0x00,0x00,0x00,0x00,0x00,0x00,0x00,0x00,0x00,0x00,0x00,0x00,0x00,0x00,0x00,0x00,0x00,0x00,0x00,
0x00,0x00,0x00,0x00,0x00,0x00,0x00,0x00,0x00,0x00,0x00,0x00,0x00,0x00,0x00,0x00,0x00,0x00,0x00,0x00,
0x00,0x00,0x00,0x00,0x00,0x00,0x00,0x00,0x00,0x00,0x00,0x00,0x00,0x00,0x00,0x00,0x00,0x00,0x00,0x00,
0x00,0x00,0x00,0x00,0x00,0x00,0x00,0x00,0x00,0x00,0x00,0x00,0x00,0x00,0x00,0x00,0x00,0x00,0x00,0x00,
0x00,0x00,0x00,0x00,0x00,0x00,0x00,0x00,0x00,0x00,0x00,0x00,0x00,0x00,0x00,0x00,0x00,0x00,0x00,0x00,
0x00,0x00,0x00,0x00,0x00,0x00,0x00,0x00,0x00,0x00,0x00,0x00,0x00,0x00,0x00,0x00,0x00,0x00,0x00,0x00,
0x00,0x00,0x00,0x00,0x00,0x00,0x00,0x00,0x00,0x00,0x00,0x00,0x00,0x00,0x00,0x00,0x00,0x00,0x00,0x00,
0x00,0x00,0x00,0x00,0x00,0x00,0x00,0x00,0x00,0x00,0x00,0x00,0x00,0x00,0x00,0x00,0x00,0x00,0x00,0x00,
0x00,0x00,0x00,0x00,0x00,0x00,0x00,0x00,0xF0,0x87,0x00,0x40,0x01,0x00,0x00,0x00,0x00,0x00,0x00,0x00,
0x00,0x00,0x00,0x00,0xFF,0xFF,0xFF,0xFF,0xFF,0xFF,0xFF,0xFF,0x00,0x00,0x00,0x00,0x00,0x00,0x00,0x00,
0xFF,0xFF,0xFF,0xFF,0x00,0x00,0x00,0x00,0x00,0x00,0x00,0x00,0x00,0x00,0x00,0x00,0xFE,0xFF,0xFF,0xFF,
0x00,0x00,0x00,0x00,0x00,0x00,0x00,0x00,0x00,0x00,0x00,0x00,0x02,0x00,0x00,0x00,0x00,0x00,0x00,0x00,
0x00,0x00,0x00,0x00,0x00,0x00,0x00,0x00,0xFF,0xFF,0xFF,0xFF,0x00,0x00,0x00,0x00,0x00,0x00,0x00,0x00,
0x00,0x00,0x00,0x00,0x24,0x00,0x00,0x00,0x00,0x00,0x00,0x00,0x00,0x00,0x00,0x00,0x00,0x00,0x00,0x00,
0xB0,0x4C,0x00,0x40,0x01,0x00,0x00,0x00,0x00,0x00,0x00,0x00,0x00,0x00,0x00,0x00,0xC0,0x4C,0x00,0x40,
0x01,0x00,0x00,0x00,0x00,0x00,0x00,0x00,0x00,0x00,0x00,0x00,0x00,0x4D,0x00,0x40,0x01,0x00,0x00,0x00,
0x00,0x00,0x00,0x00,0x00,0x00,0x00,0x00,0xD0,0xC1,0x00,0x40,0x01,0x00,0x00,0x00,0x00,0x00,0x00,0x00,
0x00,0x00,0x00,0x00,0x00,0x00,0x00,0x00,0x00,0x00,0x00,0x00,0x00,0x00,0x00,0x00,0x00,0x00,0x00,0x00,
0x00,0x00,0x00,0x00,0x00,0x00,0x00,0x00,0x00,0x00,0x00,0x00,0x00,0x00,0x00,0x00,0x00,0x00,0x00,0x00,
0x00,0x00,0x00,0x00,0x00,0x00,0x00,0x00,0x00,0x00,0x00,0x00,0x00,0x00,0x00,0x00,0x00,0x00,0x00,0x00,
0x00,0x00,0x00,0x00,0x00,0x00,0x00,0x00,0x00,0x00,0x00,0x00,0x00,0x00,0x00,0x00,0x00,0x00,0x00,0x00,
0x00,0x00,0x00,0x00,0x00,0x00,0x00,0x00,0x00,0x00,0x00,0x00,0x00,0x00,0x00,0x00,0x00,0x00,0x00,0x00,
0x00,0x00,0x00,0x00,0x00,0x00,0x00,0x00,0x00,0x00,0x00,0x00,0x00,0x00,0x00,0x00,0x00,0x00,0x00,0x00,
0x00,0x00,0x00,0x00,0x00,0x00,0x00,0x00,0x00,0x00,0x00,0x00,0x00,0x00,0x00,0x00,0x00,0x00,0x00,0x00,
0x00,0x00,0x00,0x00,0x00,0x00,0x00,0x00,0x00,0x00,0x00,0x00,0x00,0x00,0x00,0x00,0x00,0x00,0x00,0x00,
0x00,0x00,0x00,0x00,0x00,0x00,0x00,0x00,0x00,0x00,0x00,0x00,0x00,0x00,0x00,0x00,0x00,0x00,0x00,0x00,
0x00,0x00,0x00,0x00,0x00,0x00,0x00,0x00,0x00,0x00,0x00,0x00,0x00,0x00,0x00,0x00,0x00,0x00,0x00,0x00,
0x00,0x00,0x00,0x00,0x00,0x00,0x00,0x00,0x00,0x00,0x00,0x00,0x00,0x00,0x00,0x00,0x00,0x00,0x00,0x00,
0x00,0x00,0x00,0x00,0x00,0x00,0x00,0x00,0x00,0x00,0x00,0x00,0x00,0x00,0x00,0x00,0x00,0x00,0x00,0x00,
0x00,0x00,0x00,0x00,0x00,0x00,0x00,0x00,0x00,0x00,0x00,0x00,0x00,0x00,0x00,0x00,0x00,0x00,0x00,0x00,
0x00,0x00,0x00,0x00,0x00,0x00,0x00,0x00,0x00,0x00,0x00,0x00,0x00,0x00,0x00,0x00,0x00,0x00,0x00,0x00,
0x00,0x00,0x00,0x00,0x00,0x00,0x00,0x00,0x00,0x00,0x00,0x00,0x00,0x00,0x00,0x00,0x00,0x00,0x00,0x00,
0x00,0x00,0x00,0x00,0x00,0x00,0x00,0x00,0x00,0x00,0x00,0x00,0x00,0x00,0x00,0x00,0x00,0x00,0x00,0x00,
0x00,0x00,0x00,0x00,0x6C,0x69,0x62,0x67,0x63,0x63,0x5F,0x73,0x5F,0x64,0x77,0x32,0x2D,0x31,0x2E,0x64,
0x6C,0x6C,0x00,0x5F,0x5F,0x72,0x65,0x67,0x69,0x73,0x74,0x65,0x72,0x5F,0x66,0x72,0x61,0x6D,0x65,0x5F,
0x69,0x6E,0x66,0x6F,0x00,0x5F,0x5F,0x64,0x65,0x72,0x65,0x67,0x69,0x73,0x74,0x65,0x72,0x5F,0x66,0x72,
0x61,0x6D,0x65,0x5F,0x69,0x6E,0x66,0x6F,0x00,0x00,0x00,0x00,0x00,0x00,0x00,0x00,0x00,0x00,0x00,0x00,
0x00,0x00,0x00,0x00,0x00,0x00,0x00,0x00,0x00,0x00,0x00,0x00,0x00,0x00,0x00,0x00,0x00,0x00,0x00,0x00,
0x21,0x04,0x3E,0x04,0x3A,0x04,0x56,0x04,0x3B,0x04,0x20,0x00,0x44,0x04,0x30,0x04,0x39,0x04,0x3B,0x04,
0x38,0x04,0x20,0x00,0x28,0x00,0x2A,0x00,0x2E,0x00,0x73,0x00,0x6F,0x00,0x6B,0x00,0x69,0x00,0x6C,0x00,
0x29,0x00,0x00,0x00,0x2A,0x00,0x2E,0x00,0x73,0x00,0x6F,0x00,0x6B,0x00,0x69,0x00,0x6C,0x00,0x00,0x00,
0x00,0x00,0x00,0x00,0x77,0x00,0x62,0x00,0x00,0x00,0x00,0x00,0x73,0x00,0x6F,0x00,0x6B,0x00,0x69,0x00,
0x6C,0x00,0x2D,0x00,0x69,0x00,0x64,0x00,0x65,0x00,0x2E,0x00,0x73,0x00,0x6F,0x00,0x6B,0x00,0x69,0x00,
0x6C,0x00,0x00,0x00,0x73,0x00,0x6F,0x00,0x6B,0x00,0x69,0x00,0x6C,0x00,0x2D,0x00,0x69,0x00,0x64,0x00,
0x65,0x00,0x2E,0x00,0x6F,0x00,0x75,0x00,0x74,0x00,0x2E,0x00,0x74,0x00,0x78,0x00,0x74,0x00,0x00,0x00,
0x4C,0x00,0x4F,0x00,0x43,0x00,0x41,0x00,0x4C,0x00,0x41,0x00,0x50,0x00,0x50,0x00,0x44,0x00,0x41,0x00,
0x54,0x00,0x41,0x00,0x00,0x00,0x73,0x00,0x6F,0x00,0x6B,0x00,0x69,0x00,0x6C,0x00,0x2E,0x00,0x65,0x00,
0x78,0x00,0x65,0x00,0x00,0x00,0x00,0x00,0x00,0x00,0x00,0x00,0x5C,0x00,0x53,0x00,0x6F,0x00,0x6B,0x00,
0x69,0x00,0x6C,0x00,0x5C,0x00,0x73,0x00,0x6F,0x00,0x6B,0x00,0x69,0x00,0x6C,0x00,0x2E,0x00,0x65,0x00,
0x78,0x00,0x65,0x00,0x00,0x00,0x00,0x00,0x00,0x00,0x00,0x00,0x1D,0x04,0x35,0x04,0x20,0x00,0x37,0x04,
0x3D,0x04,0x30,0x04,0x39,0x04,0x34,0x04,0x35,0x04,0x3D,0x04,0x3E,0x04,0x20,0x00,0x73,0x00,0x6F,0x00,
0x6B,0x00,0x69,0x00,0x6C,0x00,0x2E,0x00,0x65,0x00,0x78,0x00,0x65,0x00,0x2E,0x00,0x20,0x00,0x12,0x04,
0x41,0x04,0x42,0x04,0x30,0x04,0x3D,0x04,0x3E,0x04,0x32,0x04,0x38,0x04,0x20,0x00,0x21,0x04,0x3E,0x04,
0x3A,0x04,0x56,0x04,0x3B,0x04,0x20,0x00,0x47,0x04,0x35,0x04,0x40,0x04,0x35,0x04,0x37,0x04,0x20,0x00,
0x56,0x04,0x3D,0x04,0x41,0x04,0x42,0x04,0x30,0x04,0x3B,0x04,0x4F,0x04,0x42,0x04,0x3E,0x04,0x40,0x04,
0x2E,0x00,0x00,0x00,0x43,0x00,0x4F,0x00,0x4D,0x00,0x53,0x00,0x50,0x00,0x45,0x00,0x43,0x00,0x00,0x00,
0x43,0x00,0x3A,0x00,0x5C,0x00,0x57,0x00,0x69,0x00,0x6E,0x00,0x64,0x00,0x6F,0x00,0x77,0x00,0x73,0x00,
0x5C,0x00,0x53,0x00,0x79,0x00,0x73,0x00,0x74,0x00,0x65,0x00,0x6D,0x00,0x33,0x00,0x32,0x00,0x5C,0x00,
0x63,0x00,0x6D,0x00,0x64,0x00,0x2E,0x00,0x65,0x00,0x78,0x00,0x65,0x00,0x00,0x00,0x22,0x00,0x25,0x00,
0x73,0x00,0x22,0x00,0x20,0x00,0x2F,0x00,0x63,0x00,0x20,0x00,0x22,0x00,0x25,0x00,0x73,0x00,0x22,0x00,
0x20,0x00,0x22,0x00,0x25,0x00,0x73,0x00,0x22,0x00,0x20,0x00,0x3C,0x00,0x20,0x00,0x6E,0x00,0x75,0x00,
0x6C,0x00,0x20,0x00,0x3E,0x00,0x20,0x00,0x22,0x00,0x25,0x00,0x73,0x00,0x22,0x00,0x20,0x00,0x32,0x00,
0x3E,0x00,0x26,0x00,0x31,0x00,0x00,0x00,0x72,0x00,0x62,0x00,0x00,0x00,0x00,0x00,0x1D,0x04,0x35,0x04,
0x20,0x00,0x32,0x04,0x34,0x04,0x30,0x04,0x3B,0x04,0x3E,0x04,0x41,0x04,0x4F,0x04,0x20,0x00,0x37,0x04,
0x30,0x04,0x3F,0x04,0x43,0x04,0x41,0x04,0x42,0x04,0x38,0x04,0x42,0x04,0x38,0x04,0x20,0x00,0x73,0x00,
0x6F,0x00,0x6B,0x00,0x69,0x00,0x6C,0x00,0x2E,0x00,0x65,0x00,0x78,0x00,0x65,0x00,0x2E,0x00,0x00,0x00,
0x00,0x00,0x00,0x00,0x00,0x00,0x00,0x00,0x21,0x04,0x3E,0x04,0x3A,0x04,0x56,0x04,0x3B,0x04,0x20,0x00,
0x44,0x04,0x30,0x04,0x39,0x04,0x3B,0x04,0x38,0x04,0x20,0x00,0x28,0x00,0x2A,0x00,0x2E,0x00,0x73,0x00,
0x6F,0x00,0x6B,0x00,0x69,0x00,0x6C,0x00,0x29,0x00,0x00,0x00,0x2A,0x00,0x2E,0x00,0x73,0x00,0x6F,0x00,
0x6B,0x00,0x69,0x00,0x6C,0x00,0x00,0x00,0x23,0x04,0x41,0x04,0x56,0x04,0x20,0x00,0x44,0x04,0x30,0x04,
0x39,0x04,0x3B,0x04,0x38,0x04,0x00,0x00,0x2A,0x00,0x2E,0x00,0x2A,0x00,0x00,0x00,0x00,0x00,0x00,0x00,
0x43,0x00,0x6F,0x00,0x6E,0x00,0x73,0x00,0x6F,0x00,0x6C,0x00,0x61,0x00,0x73,0x00,0x00,0x00,0x53,0x00,
0x65,0x00,0x67,0x00,0x6F,0x00,0x65,0x00,0x20,0x00,0x55,0x00,0x49,0x00,0x00,0x00,0x12,0x04,0x56,0x04,
0x34,0x04,0x3A,0x04,0x40,0x04,0x38,0x04,0x42,0x04,0x38,0x04,0x00,0x00,0x42,0x00,0x55,0x00,0x54,0x00,
0x54,0x00,0x4F,0x00,0x4E,0x00,0x00,0x00,0x17,0x04,0x31,0x04,0x35,0x04,0x40,0x04,0x35,0x04,0x33,0x04,
0x42,0x04,0x38,0x04,0x00,0x00,0x12,0x04,0x38,0x04,0x3A,0x04,0x3E,0x04,0x3D,0x04,0x30,0x04,0x42,0x04,
0x38,0x04,0x20,0x00,0xB6,0x25,0x00,0x00,0x6D,0x00,0x73,0x00,0x66,0x00,0x74,0x00,0x65,0x00,0x64,0x00,
0x69,0x00,0x74,0x00,0x2E,0x00,0x64,0x00,0x6C,0x00,0x6C,0x00,0x00,0x00,0x52,0x00,0x69,0x00,0x63,0x00,
0x68,0x00,0x45,0x00,0x64,0x00,0x69,0x00,0x74,0x00,0x35,0x00,0x30,0x00,0x57,0x00,0x00,0x00,0x00,0x00,
0x00,0x00,0x00,0x00,0x2F,0x00,0x2F,0x00,0x20,0x00,0x1F,0x04,0x40,0x04,0x3E,0x04,0x33,0x04,0x40,0x04,
0x30,0x04,0x3C,0x04,0x30,0x04,0x20,0x00,0x3D,0x04,0x30,0x04,0x20,0x00,0x21,0x04,0x3E,0x04,0x3A,0x04,
0x56,0x04,0x3B,0x04,0x0A,0x00,0x6C,0x00,0x65,0x00,0x74,0x00,0x20,0x00,0x69,0x00,0x20,0x00,0x3D,0x00,
0x20,0x00,0x30,0x00,0x0A,0x00,0x77,0x00,0x68,0x00,0x69,0x00,0x6C,0x00,0x65,0x00,0x20,0x00,0x69,0x00,
0x20,0x00,0x3C,0x00,0x20,0x00,0x35,0x00,0x20,0x00,0x7B,0x00,0x0A,0x00,0x20,0x00,0x20,0x00,0x20,0x00,
0x20,0x00,0x69,0x00,0x20,0x00,0x3D,0x00,0x20,0x00,0x69,0x00,0x20,0x00,0x2B,0x00,0x20,0x00,0x31,0x00,
0x0A,0x00,0x20,0x00,0x20,0x00,0x20,0x00,0x20,0x00,0x70,0x00,0x72,0x00,0x69,0x00,0x6E,0x00,0x74,0x00,
0x28,0x00,0x27,0x00,0x40,0x04,0x4F,0x04,0x34,0x04,0x3E,0x04,0x3A,0x04,0x20,0x00,0x27,0x00,0x20,0x00,
0x2B,0x00,0x20,0x00,0x73,0x00,0x74,0x00,0x72,0x00,0x28,0x00,0x69,0x00,0x29,0x00,0x29,0x00,0x0A,0x00,
0x7D,0x00,0x0A,0x00,0x66,0x00,0x6E,0x00,0x20,0x00,0x61,0x00,0x64,0x00,0x64,0x00,0x28,0x00,0x61,0x00,
0x2C,0x00,0x20,0x00,0x62,0x00,0x29,0x00,0x20,0x00,0x7B,0x00,0x20,0x00,0x72,0x00,0x65,0x00,0x74,0x00,
0x75,0x00,0x72,0x00,0x6E,0x00,0x20,0x00,0x61,0x00,0x20,0x00,0x2B,0x00,0x20,0x00,0x62,0x00,0x20,0x00,
0x7D,0x00,0x0A,0x00,0x70,0x00,0x72,0x00,0x69,0x00,0x6E,0x00,0x74,0x00,0x28,0x00,0x61,0x00,0x64,0x00,
0x64,0x00,0x28,0x00,0x32,0x00,0x2C,0x00,0x20,0x00,0x33,0x00,0x29,0x00,0x29,0x00,0x0A,0x00,0x70,0x00,
0x72,0x00,0x69,0x00,0x6E,0x00,0x74,0x00,0x28,0x00,0x27,0x00,0x68,0x00,0x69,0x00,0x27,0x00,0x20,0x00,
0x2A,0x00,0x20,0x00,0x33,0x00,0x29,0x00,0x20,0x00,0x20,0x00,0x20,0x00,0x2F,0x00,0x2F,0x00,0x20,0x00,
0x3F,0x04,0x3E,0x04,0x32,0x04,0x42,0x04,0x3E,0x04,0x40,0x04,0x20,0x00,0x40,0x04,0x4F,0x04,0x34,0x04,
0x3A,0x04,0x30,0x04,0x0A,0x00,0x6C,0x00,0x65,0x00,0x74,0x00,0x20,0x00,0x73,0x00,0x6F,0x00,0x6B,0x00,
0x69,0x00,0x6C,0x00,0x20,0x00,0x3D,0x00,0x20,0x00,0x69,0x00,0x6E,0x00,0x70,0x00,0x75,0x00,0x74,0x00,
0x28,0x00,0x27,0x00,0x4F,0x04,0x3A,0x04,0x20,0x00,0x42,0x04,0x35,0x04,0x31,0x04,0x35,0x04,0x20,0x00,
0x37,0x04,0x32,0x04,0x30,0x04,0x42,0x04,0x38,0x04,0x3F,0x00,0x20,0x00,0x27,0x00,0x29,0x00,0x0A,0x00,
0x70,0x00,0x72,0x00,0x69,0x00,0x6E,0x00,0x74,0x00,0x28,0x00,0x27,0x00,0x3F,0x04,0x40,0x04,0x38,0x04,
0x32,0x04,0x56,0x04,0x42,0x04,0x2C,0x00,0x20,0x00,0x27,0x00,0x20,0x00,0x2B,0x00,0x20,0x00,0x73,0x00,
0x6F,0x00,0x6B,0x00,0x69,0x00,0x6C,0x00,0x29,0x00,0x0A,0x00,0x00,0x00,0x00,0x00,0x12,0x04,0x38,0x04,
0x32,0x04,0x56,0x04,0x34,0x04,0x20,0x00,0x3F,0x04,0x40,0x04,0x3E,0x04,0x33,0x04,0x40,0x04,0x30,0x04,
0x3C,0x04,0x38,0x04,0x20,0x00,0x37,0x04,0x27,0x00,0x4F,0x04,0x32,0x04,0x38,0x04,0x42,0x04,0x4C,0x04,
0x41,0x04,0x4F,0x04,0x20,0x00,0x42,0x04,0x43,0x04,0x42,0x04,0x26,0x20,0x00,0x00,0x53,0x00,0x6F,0x00,
0x6B,0x00,0x69,0x00,0x6C,0x00,0x49,0x00,0x44,0x00,0x45,0x00,0x00,0x00,0x00,0x00,0x53,0x00,0x6F,0x00,
0x6B,0x00,0x69,0x00,0x6C,0x00,0x49,0x00,0x44,0x00,0x45,0x00,0x20,0x00,0x14,0x20,0x20,0x00,0x41,0x04,
0x35,0x04,0x40,0x04,0x35,0x04,0x34,0x04,0x3E,0x04,0x32,0x04,0x38,0x04,0x49,0x04,0x35,0x04,0x20,0x00,
0x34,0x04,0x3B,0x04,0x4F,0x04,0x20,0x00,0x21,0x04,0x3E,0x04,0x3A,0x04,0x56,0x04,0x3B,0x04,0x00,0x00,
0x70,0x72,0x69,0x6E,0x74,0x00,0x69,0x6E,0x70,0x75,0x74,0x00,0x6C,0x65,0x6E,0x00,0x74,0x79,0x70,0x65,
0x00,0x6E,0x75,0x6D,0x00,0x73,0x74,0x72,0x00,0x61,0x62,0x73,0x00,0x6D,0x69,0x6E,0x00,0x6D,0x61,0x78,
0x00,0x66,0x6C,0x6F,0x6F,0x72,0x00,0x63,0x65,0x69,0x6C,0x00,0x72,0x6F,0x75,0x6E,0x64,0x00,0x73,0x71,
0x72,0x74,0x00,0x70,0x6F,0x77,0x00,0x72,0x61,0x6E,0x67,0x65,0x00,0x70,0x75,0x73,0x68,0x00,0x70,0x6F,
0x70,0x00,0x6A,0x6F,0x69,0x6E,0x00,0x73,0x70,0x6C,0x69,0x74,0x00,0x65,0x78,0x69,0x74,0x00,0x72,0x61,
0x6E,0x64,0x6F,0x6D,0x00,0x73,0x6C,0x65,0x65,0x70,0x00,0x63,0x6F,0x6E,0x74,0x61,0x69,0x6E,0x73,0x00,
0x6E,0x6F,0x77,0x00,0x73,0x6F,0x72,0x74,0x00,0x00,0x00,0x00,0x00,0x00,0x00,0x00,0x00,0x00,0x00,0x00,
0x00,0x00,0x00,0x00,0x00,0x00,0x00,0x00,0x00,0x00,0x00,0x00,0x00,0x00,0x00,0x00,0x00,0x00,0x00,0x00,
0x00,0x76,0x00,0x40,0x01,0x00,0x00,0x00,0x06,0x76,0x00,0x40,0x01,0x00,0x00,0x00,0x0C,0x76,0x00,0x40,
0x01,0x00,0x00,0x00,0x10,0x76,0x00,0x40,0x01,0x00,0x00,0x00,0x15,0x76,0x00,0x40,0x01,0x00,0x00,0x00,
0x19,0x76,0x00,0x40,0x01,0x00,0x00,0x00,0x1D,0x76,0x00,0x40,0x01,0x00,0x00,0x00,0x21,0x76,0x00,0x40,
0x01,0x00,0x00,0x00,0x25,0x76,0x00,0x40,0x01,0x00,0x00,0x00,0x29,0x76,0x00,0x40,0x01,0x00,0x00,0x00,
0x2F,0x76,0x00,0x40,0x01,0x00,0x00,0x00,0x34,0x76,0x00,0x40,0x01,0x00,0x00,0x00,0x3A,0x76,0x00,0x40,
0x01,0x00,0x00,0x00,0x3F,0x76,0x00,0x40,0x01,0x00,0x00,0x00,0x43,0x76,0x00,0x40,0x01,0x00,0x00,0x00,
0x49,0x76,0x00,0x40,0x01,0x00,0x00,0x00,0x4E,0x76,0x00,0x40,0x01,0x00,0x00,0x00,0x52,0x76,0x00,0x40,
0x01,0x00,0x00,0x00,0x57,0x76,0x00,0x40,0x01,0x00,0x00,0x00,0x5D,0x76,0x00,0x40,0x01,0x00,0x00,0x00,
0x62,0x76,0x00,0x40,0x01,0x00,0x00,0x00,0x69,0x76,0x00,0x40,0x01,0x00,0x00,0x00,0x6F,0x76,0x00,0x40,
0x01,0x00,0x00,0x00,0x78,0x76,0x00,0x40,0x01,0x00,0x00,0x00,0x7C,0x76,0x00,0x40,0x01,0x00,0x00,0x00,
0x6C,0x65,0x74,0x00,0x69,0x66,0x00,0x65,0x6C,0x69,0x66,0x00,0x65,0x6C,0x73,0x65,0x00,0x77,0x68,0x69,
0x6C,0x65,0x00,0x66,0x6F,0x72,0x00,0x66,0x6E,0x00,0x72,0x65,0x74,0x75,0x72,0x6E,0x00,0x62,0x72,0x65,
0x61,0x6B,0x00,0x63,0x6F,0x6E,0x74,0x69,0x6E,0x75,0x65,0x00,0x61,0x6E,0x64,0x00,0x6F,0x72,0x00,0x6E,
0x6F,0x74,0x00,0x74,0x72,0x75,0x65,0x00,0x66,0x61,0x6C,0x73,0x65,0x00,0x6E,0x69,0x6C,0x00,0x00,0x00,
0x00,0x00,0x00,0x00,0x00,0x00,0x00,0x00,0x68,0x77,0x00,0x40,0x01,0x00,0x00,0x00,0x6C,0x77,0x00,0x40,
0x01,0x00,0x00,0x00,0x6F,0x77,0x00,0x40,0x01,0x00,0x00,0x00,0x74,0x77,0x00,0x40,0x01,0x00,0x00,0x00,
0x79,0x77,0x00,0x40,0x01,0x00,0x00,0x00,0x7F,0x77,0x00,0x40,0x01,0x00,0x00,0x00,0x83,0x77,0x00,0x40,
0x01,0x00,0x00,0x00,0x86,0x77,0x00,0x40,0x01,0x00,0x00,0x00,0x8D,0x77,0x00,0x40,0x01,0x00,0x00,0x00,
0x93,0x77,0x00,0x40,0x01,0x00,0x00,0x00,0x9C,0x77,0x00,0x40,0x01,0x00,0x00,0x00,0xA0,0x77,0x00,0x40,
0x01,0x00,0x00,0x00,0xA3,0x77,0x00,0x40,0x01,0x00,0x00,0x00,0xA7,0x77,0x00,0x40,0x01,0x00,0x00,0x00,
0xAC,0x77,0x00,0x40,0x01,0x00,0x00,0x00,0xB2,0x77,0x00,0x40,0x01,0x00,0x00,0x00,0x70,0x00,0x72,0x00,
0x6F,0x00,0x67,0x00,0x72,0x00,0x61,0x00,0x6D,0x00,0x2E,0x00,0x73,0x00,0x6F,0x00,0x6B,0x00,0x69,0x00,
0x6C,0x00,0x00,0x00,0x00,0x00,0x00,0x00,0x74,0x00,0x00,0x00,0x01,0x00,0x00,0x40,0x00,0x00,0x00,0x00,
0x00,0x00,0x00,0x00,0x00,0x00,0x00,0x00,0x00,0x00,0x00,0x00,0x00,0x00,0x00,0x00,0x00,0x00,0x00,0x00,
0x00,0x00,0x00,0x00,0x00,0x00,0x00,0x00,0x00,0x00,0x00,0x00,0x00,0x00,0x00,0x00,0x00,0x00,0x00,0x00,
0x00,0x00,0x00,0x00,0x00,0x00,0x00,0x00,0x00,0x00,0x00,0x00,0x00,0xF0,0x00,0x40,0x01,0x00,0x00,0x00,
0x08,0xF0,0x00,0x40,0x01,0x00,0x00,0x00,0xE0,0xC0,0x00,0x40,0x01,0x00,0x00,0x00,0x20,0x88,0x00,0x40,
0x01,0x00,0x00,0x00,0x00,0x00,0x00,0x00,0x00,0x00,0x00,0x00,0xD0,0x33,0x00,0x40,0x01,0x00,0x00,0x00,
0x00,0x00,0x00,0x00,0x00,0x00,0x00,0x00,0x00,0x00,0x00,0x00,0x00,0x00,0x00,0x00,0x41,0x72,0x67,0x75,
0x6D,0x65,0x6E,0x74,0x20,0x64,0x6F,0x6D,0x61,0x69,0x6E,0x20,0x65,0x72,0x72,0x6F,0x72,0x20,0x28,0x44,
0x4F,0x4D,0x41,0x49,0x4E,0x29,0x00,0x41,0x72,0x67,0x75,0x6D,0x65,0x6E,0x74,0x20,0x73,0x69,0x6E,0x67,
0x75,0x6C,0x61,0x72,0x69,0x74,0x79,0x20,0x28,0x53,0x49,0x47,0x4E,0x29,0x00,0x00,0x00,0x00,0x00,0x00,
0x4F,0x76,0x65,0x72,0x66,0x6C,0x6F,0x77,0x20,0x72,0x61,0x6E,0x67,0x65,0x20,0x65,0x72,0x72,0x6F,0x72,
0x20,0x28,0x4F,0x56,0x45,0x52,0x46,0x4C,0x4F,0x57,0x29,0x00,0x50,0x61,0x72,0x74,0x69,0x61,0x6C,0x20,
0x6C,0x6F,0x73,0x73,0x20,0x6F,0x66,0x20,0x73,0x69,0x67,0x6E,0x69,0x66,0x69,0x63,0x61,0x6E,0x63,0x65,
0x20,0x28,0x50,0x4C,0x4F,0x53,0x53,0x29,0x00,0x00,0x00,0x00,0x54,0x6F,0x74,0x61,0x6C,0x20,0x6C,0x6F,
0x73,0x73,0x20,0x6F,0x66,0x20,0x73,0x69,0x67,0x6E,0x69,0x66,0x69,0x63,0x61,0x6E,0x63,0x65,0x20,0x28,
0x54,0x4C,0x4F,0x53,0x53,0x29,0x00,0x00,0x00,0x00,0x00,0x00,0x54,0x68,0x65,0x20,0x72,0x65,0x73,0x75,
0x6C,0x74,0x20,0x69,0x73,0x20,0x74,0x6F,0x6F,0x20,0x73,0x6D,0x61,0x6C,0x6C,0x20,0x74,0x6F,0x20,0x62,
0x65,0x20,0x72,0x65,0x70,0x72,0x65,0x73,0x65,0x6E,0x74,0x65,0x64,0x20,0x28,0x55,0x4E,0x44,0x45,0x52,
0x46,0x4C,0x4F,0x57,0x29,0x00,0x55,0x6E,0x6B,0x6E,0x6F,0x77,0x6E,0x20,0x65,0x72,0x72,0x6F,0x72,0x00,
0x00,0x00,0x00,0x00,0x5F,0x6D,0x61,0x74,0x68,0x65,0x72,0x72,0x28,0x29,0x3A,0x20,0x25,0x73,0x20,0x69,
0x6E,0x20,0x25,0x73,0x28,0x25,0x67,0x2C,0x20,0x25,0x67,0x29,0x20,0x20,0x28,0x72,0x65,0x74,0x76,0x61,
0x6C,0x3D,0x25,0x67,0x29,0x0A,0x00,0x00,0x00,0x00,0x00,0x00,0x00,0x00,0x00,0x00,0x00,0x00,0x00,0x00,
0x4D,0x69,0x6E,0x67,0x77,0x2D,0x77,0x36,0x34,0x20,0x72,0x75,0x6E,0x74,0x69,0x6D,0x65,0x20,0x66,0x61,
0x69,0x6C,0x75,0x72,0x65,0x3A,0x0A,0x00,0x00,0x00,0x00,0x00,0x41,0x64,0x64,0x72,0x65,0x73,0x73,0x20,
0x25,0x70,0x20,0x68,0x61,0x73,0x20,0x6E,0x6F,0x20,0x69,0x6D,0x61,0x67,0x65,0x2D,0x73,0x65,0x63,0x74,
0x69,0x6F,0x6E,0x00,0x20,0x20,0x56,0x69,0x72,0x74,0x75,0x61,0x6C,0x51,0x75,0x65,0x72,0x79,0x20,0x66,
0x61,0x69,0x6C,0x65,0x64,0x20,0x66,0x6F,0x72,0x20,0x25,0x64,0x20,0x62,0x79,0x74,0x65,0x73,0x20,0x61,
0x74,0x20,0x61,0x64,0x64,0x72,0x65,0x73,0x73,0x20,0x25,0x70,0x00,0x00,0x00,0x00,0x00,0x00,0x00,0x00,
0x20,0x20,0x56,0x69,0x72,0x74,0x75,0x61,0x6C,0x50,0x72,0x6F,0x74,0x65,0x63,0x74,0x20,0x66,0x61,0x69,
0x6C,0x65,0x64,0x20,0x77,0x69,0x74,0x68,0x20,0x63,0x6F,0x64,0x65,0x20,0x30,0x78,0x25,0x78,0x00,0x00,
0x20,0x20,0x55,0x6E,0x6B,0x6E,0x6F,0x77,0x6E,0x20,0x70,0x73,0x65,0x75,0x64,0x6F,0x20,0x72,0x65,0x6C,
0x6F,0x63,0x61,0x74,0x69,0x6F,0x6E,0x20,0x70,0x72,0x6F,0x74,0x6F,0x63,0x6F,0x6C,0x20,0x76,0x65,0x72,
0x73,0x69,0x6F,0x6E,0x20,0x25,0x64,0x2E,0x0A,0x00,0x00,0x00,0x00,0x00,0x00,0x00,0x20,0x20,0x55,0x6E,
0x6B,0x6E,0x6F,0x77,0x6E,0x20,0x70,0x73,0x65,0x75,0x64,0x6F,0x20,0x72,0x65,0x6C,0x6F,0x63,0x61,0x74,
0x69,0x6F,0x6E,0x20,0x62,0x69,0x74,0x20,0x73,0x69,0x7A,0x65,0x20,0x25,0x64,0x2E,0x0A,0x00,0x00,0x00,
0x00,0x00,0x00,0x00,0x25,0x64,0x20,0x62,0x69,0x74,0x20,0x70,0x73,0x65,0x75,0x64,0x6F,0x20,0x72,0x65,
0x6C,0x6F,0x63,0x61,0x74,0x69,0x6F,0x6E,0x20,0x61,0x74,0x20,0x25,0x70,0x20,0x6F,0x75,0x74,0x20,0x6F,
0x66,0x20,0x72,0x61,0x6E,0x67,0x65,0x2C,0x20,0x74,0x61,0x72,0x67,0x65,0x74,0x69,0x6E,0x67,0x20,0x25,
0x70,0x2C,0x20,0x79,0x69,0x65,0x6C,0x64,0x69,0x6E,0x67,0x20,0x74,0x68,0x65,0x20,0x76,0x61,0x6C,0x75,
0x65,0x20,0x25,0x70,0x2E,0x0A,0x00,0x00,0x00,0x00,0x00,0x00,0x72,0x75,0x6E,0x74,0x69,0x6D,0x65,0x20,
0x65,0x72,0x72,0x6F,0x72,0x20,0x25,0x64,0x0A,0x00,0x00,0x00,0x00,0x00,0x00,0x00,0x00,0x00,0x00,0x00,
0x00,0x00,0x00,0x00,0x50,0x60,0x00,0x40,0x01,0x00,0x00,0x00,0x00,0x00,0x00,0x00,0x00,0x00,0x00,0x00,
0x60,0x60,0x00,0x40,0x01,0x00,0x00,0x00,0x00,0x00,0x00,0x00,0x00,0x00,0x00,0x00,0xD0,0x87,0x00,0x40,
0x01,0x00,0x00,0x00,0x00,0x00,0x00,0x00,0x00,0x00,0x00,0x00,0x00,0x00,0x00,0x40,0x01,0x00,0x00,0x00,
0x00,0x00,0x00,0x00,0x00,0x00,0x00,0x00,0xD0,0x87,0x00,0x40,0x01,0x00,0x00,0x00,0x00,0x00,0x00,0x00,
0x00,0x00,0x00,0x00,0xD0,0x87,0x00,0x40,0x01,0x00,0x00,0x00,0x00,0x00,0x00,0x00,0x00,0x00,0x00,0x00,
0xC8,0x78,0x00,0x40,0x01,0x00,0x00,0x00,0x00,0x00,0x00,0x00,0x00,0x00,0x00,0x00,0x40,0x60,0x00,0x40,
0x01,0x00,0x00,0x00,0x00,0x00,0x00,0x00,0x00,0x00,0x00,0x00,0xB0,0x60,0x00,0x40,0x01,0x00,0x00,0x00,
0x00,0x00,0x00,0x00,0x00,0x00,0x00,0x00,0x00,0xC1,0x00,0x40,0x01,0x00,0x00,0x00,0x00,0x00,0x00,0x00,
0x00,0x00,0x00,0x00,0xE4,0xC0,0x00,0x40,0x01,0x00,0x00,0x00,0x00,0x00,0x00,0x00,0x00,0x00,0x00,0x00,
0xE8,0xC0,0x00,0x40,0x01,0x00,0x00,0x00,0x00,0x00,0x00,0x00,0x00,0x00,0x00,0x00,0xEC,0xC0,0x00,0x40,
0x01,0x00,0x00,0x00,0x00,0x00,0x00,0x00,0x00,0x00,0x00,0x00,0x40,0xC1,0x00,0x40,0x01,0x00,0x00,0x00,
0x00,0x00,0x00,0x00,0x00,0x00,0x00,0x00,0xC8,0xC0,0x00,0x40,0x01,0x00,0x00,0x00,0x00,0x00,0x00,0x00,
0x00,0x00,0x00,0x00,0xC0,0xC0,0x00,0x40,0x01,0x00,0x00,0x00,0x00,0x00,0x00,0x00,0x00,0x00,0x00,0x00,
0xF8,0x87,0x00,0x40,0x01,0x00,0x00,0x00,0x00,0x00,0x00,0x00,0x00,0x00,0x00,0x00,0x00,0x88,0x00,0x40,
0x01,0x00,0x00,0x00,0x00,0x00,0x00,0x00,0x00,0x00,0x00,0x00,0x08,0x88,0x00,0x40,0x01,0x00,0x00,0x00,
0x00,0x00,0x00,0x00,0x00,0x00,0x00,0x00,0x10,0x88,0x00,0x40,0x01,0x00,0x00,0x00,0x00,0x00,0x00,0x00,
0x00,0x00,0x00,0x00,0xF0,0xC0,0x00,0x40,0x01,0x00,0x00,0x00,0x00,0x00,0x00,0x00,0x00,0x00,0x00,0x00,
0x30,0x60,0x00,0x40,0x01,0x00,0x00,0x00,0x00,0x00,0x00,0x00,0x00,0x00,0x00,0x00,0x30,0xC1,0x00,0x40,
0x01,0x00,0x00,0x00,0x00,0x00,0x00,0x00,0x00,0x00,0x00,0x00,0x8A,0x41,0x00,0x40,0x01,0x00,0x00,0x00,
0x00,0x00,0x00,0x00,0x00,0x00,0x00,0x00,0xD0,0x34,0x00,0x40,0x01,0x00,0x00,0x00,0x00,0x00,0x00,0x00,
0x00,0x00,0x00,0x00,0xD0,0xC0,0x00,0x40,0x01,0x00,0x00,0x00,0x00,0x00,0x00,0x00,0x00,0x00,0x00,0x00,
0x47,0x43,0x43,0x3A,0x20,0x28,0x4D,0x69,0x6E,0x47,0x57,0x2D,0x57,0x36,0x34,0x20,0x78,0x38,0x36,0x5F,
0x36,0x34,0x2D,0x75,0x63,0x72,0x74,0x2D,0x6D,0x63,0x66,0x2D,0x73,0x65,0x68,0x2C,0x20,0x62,0x75,0x69,
0x6C,0x74,0x20,0x62,0x79,0x20,0x42,0x72,0x65,0x63,0x68,0x74,0x20,0x53,0x61,0x6E,0x64,0x65,0x72,0x73,
0x2C,0x20,0x72,0x31,0x29,0x20,0x31,0x36,0x2E,0x31,0x2E,0x30,0x00,0x00,0x00,0x00,0x00,0x00,0x00,0x00,
0x47,0x43,0x43,0x3A,0x20,0x28,0x4D,0x69,0x6E,0x47,0x57,0x2D,0x57,0x36,0x34,0x20,0x78,0x38,0x36,0x5F,
0x36,0x34,0x2D,0x75,0x63,0x72,0x74,0x2D,0x6D,0x63,0x66,0x2D,0x73,0x65,0x68,0x2C,0x20,0x62,0x75,0x69,
0x6C,0x74,0x20,0x62,0x79,0x20,0x42,0x72,0x65,0x63,0x68,0x74,0x20,0x53,0x61,0x6E,0x64,0x65,0x72,0x73,
0x2C,0x20,0x72,0x31,0x29,0x20,0x31,0x36,0x2E,0x31,0x2E,0x30,0x00,0x00,0x00,0x00,0x00,0x00,0x00,0x00,
0x47,0x43,0x43,0x3A,0x20,0x28,0x4D,0x69,0x6E,0x47,0x57,0x2D,0x57,0x36,0x34,0x20,0x78,0x38,0x36,0x5F,
0x36,0x34,0x2D,0x75,0x63,0x72,0x74,0x2D,0x6D,0x63,0x66,0x2D,0x73,0x65,0x68,0x2C,0x20,0x62,0x75,0x69,
0x6C,0x74,0x20,0x62,0x79,0x20,0x42,0x72,0x65,0x63,0x68,0x74,0x20,0x53,0x61,0x6E,0x64,0x65,0x72,0x73,
0x2C,0x20,0x72,0x31,0x29,0x20,0x31,0x36,0x2E,0x31,0x2E,0x30,0x00,0x00,0x00,0x00,0x00,0x00,0x00,0x00,
0x47,0x43,0x43,0x3A,0x20,0x28,0x4D,0x69,0x6E,0x47,0x57,0x2D,0x57,0x36,0x34,0x20,0x78,0x38,0x36,0x5F,
0x36,0x34,0x2D,0x75,0x63,0x72,0x74,0x2D,0x6D,0x63,0x66,0x2D,0x73,0x65,0x68,0x2C,0x20,0x62,0x75,0x69,
0x6C,0x74,0x20,0x62,0x79,0x20,0x42,0x72,0x65,0x63,0x68,0x74,0x20,0x53,0x61,0x6E,0x64,0x65,0x72,0x73,
0x2C,0x20,0x72,0x31,0x29,0x20,0x31,0x36,0x2E,0x31,0x2E,0x30,0x00,0x00,0x00,0x00,0x00,0x00,0x00,0x00,
0x47,0x43,0x43,0x3A,0x20,0x28,0x4D,0x69,0x6E,0x47,0x57,0x2D,0x57,0x36,0x34,0x20,0x78,0x38,0x36,0x5F,
0x36,0x34,0x2D,0x75,0x63,0x72,0x74,0x2D,0x6D,0x63,0x66,0x2D,0x73,0x65,0x68,0x2C,0x20,0x62,0x75,0x69,
0x6C,0x74,0x20,0x62,0x79,0x20,0x42,0x72,0x65,0x63,0x68,0x74,0x20,0x53,0x61,0x6E,0x64,0x65,0x72,0x73,
0x2C,0x20,0x72,0x31,0x29,0x20,0x31,0x36,0x2E,0x31,0x2E,0x30,0x00,0x00,0x00,0x00,0x00,0x00,0x00,0x00,
0x47,0x43,0x43,0x3A,0x20,0x28,0x4D,0x69,0x6E,0x47,0x57,0x2D,0x57,0x36,0x34,0x20,0x78,0x38,0x36,0x5F,
0x36,0x34,0x2D,0x75,0x63,0x72,0x74,0x2D,0x6D,0x63,0x66,0x2D,0x73,0x65,0x68,0x2C,0x20,0x62,0x75,0x69,
0x6C,0x74,0x20,0x62,0x79,0x20,0x42,0x72,0x65,0x63,0x68,0x74,0x20,0x53,0x61,0x6E,0x64,0x65,0x72,0x73,
0x2C,0x20,0x72,0x31,0x29,0x20,0x31,0x36,0x2E,0x31,0x2E,0x30,0x00,0x00,0x00,0x00,0x00,0x00,0x00,0x00,
0x47,0x43,0x43,0x3A,0x20,0x28,0x4D,0x69,0x6E,0x47,0x57,0x2D,0x57,0x36,0x34,0x20,0x78,0x38,0x36,0x5F,
0x36,0x34,0x2D,0x75,0x63,0x72,0x74,0x2D,0x6D,0x63,0x66,0x2D,0x73,0x65,0x68,0x2C,0x20,0x62,0x75,0x69,
0x6C,0x74,0x20,0x62,0x79,0x20,0x42,0x72,0x65,0x63,0x68,0x74,0x20,0x53,0x61,0x6E,0x64,0x65,0x72,0x73,
0x2C,0x20,0x72,0x31,0x29,0x20,0x31,0x36,0x2E,0x31,0x2E,0x30,0x00,0x00,0x00,0x00,0x00,0x00,0x00,0x00,
0x47,0x43,0x43,0x3A,0x20,0x28,0x4D,0x69,0x6E,0x47,0x57,0x2D,0x57,0x36,0x34,0x20,0x78,0x38,0x36,0x5F,
0x36,0x34,0x2D,0x75,0x63,0x72,0x74,0x2D,0x6D,0x63,0x66,0x2D,0x73,0x65,0x68,0x2C,0x20,0x62,0x75,0x69,
0x6C,0x74,0x20,0x62,0x79,0x20,0x42,0x72,0x65,0x63,0x68,0x74,0x20,0x53,0x61,0x6E,0x64,0x65,0x72,0x73,
0x2C,0x20,0x72,0x31,0x29,0x20,0x31,0x36,0x2E,0x31,0x2E,0x30,0x00,0x00,0x00,0x00,0x00,0x00,0x00,0x00,
0x47,0x43,0x43,0x3A,0x20,0x28,0x4D,0x69,0x6E,0x47,0x57,0x2D,0x57,0x36,0x34,0x20,0x78,0x38,0x36,0x5F,
0x36,0x34,0x2D,0x75,0x63,0x72,0x74,0x2D,0x6D,0x63,0x66,0x2D,0x73,0x65,0x68,0x2C,0x20,0x62,0x75,0x69,
0x6C,0x74,0x20,0x62,0x79,0x20,0x42,0x72,0x65,0x63,0x68,0x74,0x20,0x53,0x61,0x6E,0x64,0x65,0x72,0x73,
0x2C,0x20,0x72,0x31,0x29,0x20,0x31,0x36,0x2E,0x31,0x2E,0x30,0x00,0x00,0x00,0x00,0x00,0x00,0x00,0x00,
0x47,0x43,0x43,0x3A,0x20,0x28,0x4D,0x69,0x6E,0x47,0x57,0x2D,0x57,0x36,0x34,0x20,0x78,0x38,0x36,0x5F,
0x36,0x34,0x2D,0x75,0x63,0x72,0x74,0x2D,0x6D,0x63,0x66,0x2D,0x73,0x65,0x68,0x2C,0x20,0x62,0x75,0x69,
0x6C,0x74,0x20,0x62,0x79,0x20,0x42,0x72,0x65,0x63,0x68,0x74,0x20,0x53,0x61,0x6E,0x64,0x65,0x72,0x73,
0x2C,0x20,0x72,0x31,0x29,0x20,0x31,0x36,0x2E,0x31,0x2E,0x30,0x00,0x00,0x00,0x00,0x00,0x00,0x00,0x00,
0x47,0x43,0x43,0x3A,0x20,0x28,0x4D,0x69,0x6E,0x47,0x57,0x2D,0x57,0x36,0x34,0x20,0x78,0x38,0x36,0x5F,
0x36,0x34,0x2D,0x75,0x63,0x72,0x74,0x2D,0x6D,0x63,0x66,0x2D,0x73,0x65,0x68,0x2C,0x20,0x62,0x75,0x69,
0x6C,0x74,0x20,0x62,0x79,0x20,0x42,0x72,0x65,0x63,0x68,0x74,0x20,0x53,0x61,0x6E,0x64,0x65,0x72,0x73,
0x2C,0x20,0x72,0x31,0x29,0x20,0x31,0x36,0x2E,0x31,0x2E,0x30,0x00,0x00,0x00,0x00,0x00,0x00,0x00,0x00,
0x47,0x43,0x43,0x3A,0x20,0x28,0x4D,0x69,0x6E,0x47,0x57,0x2D,0x57,0x36,0x34,0x20,0x78,0x38,0x36,0x5F,
0x36,0x34,0x2D,0x75,0x63,0x72,0x74,0x2D,0x6D,0x63,0x66,0x2D,0x73,0x65,0x68,0x2C,0x20,0x62,0x75,0x69,
0x6C,0x74,0x20,0x62,0x79,0x20,0x42,0x72,0x65,0x63,0x68,0x74,0x20,0x53,0x61,0x6E,0x64,0x65,0x72,0x73,
0x2C,0x20,0x72,0x31,0x29,0x20,0x31,0x36,0x2E,0x31,0x2E,0x30,0x00,0x00,0x00,0x00,0x00,0x00,0x00,0x00,
0x47,0x43,0x43,0x3A,0x20,0x28,0x4D,0x69,0x6E,0x47,0x57,0x2D,0x57,0x36,0x34,0x20,0x78,0x38,0x36,0x5F,
0x36,0x34,0x2D,0x75,0x63,0x72,0x74,0x2D,0x6D,0x63,0x66,0x2D,0x73,0x65,0x68,0x2C,0x20,0x62,0x75,0x69,
0x6C,0x74,0x20,0x62,0x79,0x20,0x42,0x72,0x65,0x63,0x68,0x74,0x20,0x53,0x61,0x6E,0x64,0x65,0x72,0x73,
0x2C,0x20,0x72,0x31,0x29,0x20,0x31,0x36,0x2E,0x31,0x2E,0x30,0x00,0x00,0x00,0x00,0x00,0x00,0x00,0x00,
0x47,0x43,0x43,0x3A,0x20,0x28,0x4D,0x69,0x6E,0x47,0x57,0x2D,0x57,0x36,0x34,0x20,0x78,0x38,0x36,0x5F,
0x36,0x34,0x2D,0x75,0x63,0x72,0x74,0x2D,0x6D,0x63,0x66,0x2D,0x73,0x65,0x68,0x2C,0x20,0x62,0x75,0x69,
0x6C,0x74,0x20,0x62,0x79,0x20,0x42,0x72,0x65,0x63,0x68,0x74,0x20,0x53,0x61,0x6E,0x64,0x65,0x72,0x73,
0x2C,0x20,0x72,0x31,0x29,0x20,0x31,0x36,0x2E,0x31,0x2E,0x30,0x00,0x00,0x00,0x00,0x00,0x00,0x00,0x00,
0x47,0x43,0x43,0x3A,0x20,0x28,0x4D,0x69,0x6E,0x47,0x57,0x2D,0x57,0x36,0x34,0x20,0x78,0x38,0x36,0x5F,
0x36,0x34,0x2D,0x75,0x63,0x72,0x74,0x2D,0x6D,0x63,0x66,0x2D,0x73,0x65,0x68,0x2C,0x20,0x62,0x75,0x69,
0x6C,0x74,0x20,0x62,0x79,0x20,0x42,0x72,0x65,0x63,0x68,0x74,0x20,0x53,0x61,0x6E,0x64,0x65,0x72,0x73,
0x2C,0x20,0x72,0x31,0x29,0x20,0x31,0x36,0x2E,0x31,0x2E,0x30,0x00,0x00,0x00,0x00,0x00,0x00,0x00,0x00,
0x47,0x43,0x43,0x3A,0x20,0x28,0x4D,0x69,0x6E,0x47,0x57,0x2D,0x57,0x36,0x34,0x20,0x78,0x38,0x36,0x5F,
0x36,0x34,0x2D,0x75,0x63,0x72,0x74,0x2D,0x6D,0x63,0x66,0x2D,0x73,0x65,0x68,0x2C,0x20,0x62,0x75,0x69,
0x6C,0x74,0x20,0x62,0x79,0x20,0x42,0x72,0x65,0x63,0x68,0x74,0x20,0x53,0x61,0x6E,0x64,0x65,0x72,0x73,
0x2C,0x20,0x72,0x31,0x29,0x20,0x31,0x36,0x2E,0x31,0x2E,0x30,0x00,0x00,0x00,0x00,0x00,0x00,0x00,0x00,
0x47,0x43,0x43,0x3A,0x20,0x28,0x4D,0x69,0x6E,0x47,0x57,0x2D,0x57,0x36,0x34,0x20,0x78,0x38,0x36,0x5F,
0x36,0x34,0x2D,0x75,0x63,0x72,0x74,0x2D,0x6D,0x63,0x66,0x2D,0x73,0x65,0x68,0x2C,0x20,0x62,0x75,0x69,
0x6C,0x74,0x20,0x62,0x79,0x20,0x42,0x72,0x65,0x63,0x68,0x74,0x20,0x53,0x61,0x6E,0x64,0x65,0x72,0x73,
0x2C,0x20,0x72,0x31,0x29,0x20,0x31,0x36,0x2E,0x31,0x2E,0x30,0x00,0x00,0x00,0x00,0x00,0x00,0x00,0x00,
0x47,0x43,0x43,0x3A,0x20,0x28,0x4D,0x69,0x6E,0x47,0x57,0x2D,0x57,0x36,0x34,0x20,0x78,0x38,0x36,0x5F,
0x36,0x34,0x2D,0x75,0x63,0x72,0x74,0x2D,0x6D,0x63,0x66,0x2D,0x73,0x65,0x68,0x2C,0x20,0x62,0x75,0x69,
0x6C,0x74,0x20,0x62,0x79,0x20,0x42,0x72,0x65,0x63,0x68,0x74,0x20,0x53,0x61,0x6E,0x64,0x65,0x72,0x73,
0x2C,0x20,0x72,0x31,0x29,0x20,0x31,0x36,0x2E,0x31,0x2E,0x30,0x00,0x00,0x00,0x00,0x00,0x00,0x00,0x00,
0x47,0x43,0x43,0x3A,0x20,0x28,0x4D,0x69,0x6E,0x47,0x57,0x2D,0x57,0x36,0x34,0x20,0x78,0x38,0x36,0x5F,
0x36,0x34,0x2D,0x75,0x63,0x72,0x74,0x2D,0x6D,0x63,0x66,0x2D,0x73,0x65,0x68,0x2C,0x20,0x62,0x75,0x69,
0x6C,0x74,0x20,0x62,0x79,0x20,0x42,0x72,0x65,0x63,0x68,0x74,0x20,0x53,0x61,0x6E,0x64,0x65,0x72,0x73,
0x2C,0x20,0x72,0x31,0x29,0x20,0x31,0x36,0x2E,0x31,0x2E,0x30,0x00,0x00,0x00,0x00,0x00,0x00,0x00,0x00,
0x47,0x43,0x43,0x3A,0x20,0x28,0x4D,0x69,0x6E,0x47,0x57,0x2D,0x57,0x36,0x34,0x20,0x78,0x38,0x36,0x5F,
0x36,0x34,0x2D,0x75,0x63,0x72,0x74,0x2D,0x6D,0x63,0x66,0x2D,0x73,0x65,0x68,0x2C,0x20,0x62,0x75,0x69,
0x6C,0x74,0x20,0x62,0x79,0x20,0x42,0x72,0x65,0x63,0x68,0x74,0x20,0x53,0x61,0x6E,0x64,0x65,0x72,0x73,
0x2C,0x20,0x72,0x31,0x29,0x20,0x31,0x36,0x2E,0x31,0x2E,0x30,0x00,0x00,0x00,0x00,0x00,0x00,0x00,0x00,
0x47,0x43,0x43,0x3A,0x20,0x28,0x4D,0x69,0x6E,0x47,0x57,0x2D,0x57,0x36,0x34,0x20,0x78,0x38,0x36,0x5F,
0x36,0x34,0x2D,0x75,0x63,0x72,0x74,0x2D,0x6D,0x63,0x66,0x2D,0x73,0x65,0x68,0x2C,0x20,0x62,0x75,0x69,
0x6C,0x74,0x20,0x62,0x79,0x20,0x42,0x72,0x65,0x63,0x68,0x74,0x20,0x53,0x61,0x6E,0x64,0x65,0x72,0x73,
0x2C,0x20,0x72,0x31,0x29,0x20,0x31,0x36,0x2E,0x31,0x2E,0x30,0x00,0x00,0x00,0x00,0x00,0x00,0x00,0x00,
0x47,0x43,0x43,0x3A,0x20,0x28,0x4D,0x69,0x6E,0x47,0x57,0x2D,0x57,0x36,0x34,0x20,0x78,0x38,0x36,0x5F,
0x36,0x34,0x2D,0x75,0x63,0x72,0x74,0x2D,0x6D,0x63,0x66,0x2D,0x73,0x65,0x68,0x2C,0x20,0x62,0x75,0x69,
0x6C,0x74,0x20,0x62,0x79,0x20,0x42,0x72,0x65,0x63,0x68,0x74,0x20,0x53,0x61,0x6E,0x64,0x65,0x72,0x73,
0x2C,0x20,0x72,0x31,0x29,0x20,0x31,0x36,0x2E,0x31,0x2E,0x30,0x00,0x00,0x00,0x00,0x00,0x00,0x00,0x00,
0x47,0x43,0x43,0x3A,0x20,0x28,0x4D,0x69,0x6E,0x47,0x57,0x2D,0x57,0x36,0x34,0x20,0x78,0x38,0x36,0x5F,
0x36,0x34,0x2D,0x75,0x63,0x72,0x74,0x2D,0x6D,0x63,0x66,0x2D,0x73,0x65,0x68,0x2C,0x20,0x62,0x75,0x69,
0x6C,0x74,0x20,0x62,0x79,0x20,0x42,0x72,0x65,0x63,0x68,0x74,0x20,0x53,0x61,0x6E,0x64,0x65,0x72,0x73,
0x2C,0x20,0x72,0x31,0x29,0x20,0x31,0x36,0x2E,0x31,0x2E,0x30,0x00,0x00,0x00,0x00,0x00,0x00,0x00,0x00,
0x47,0x43,0x43,0x3A,0x20,0x28,0x4D,0x69,0x6E,0x47,0x57,0x2D,0x57,0x36,0x34,0x20,0x78,0x38,0x36,0x5F,
0x36,0x34,0x2D,0x75,0x63,0x72,0x74,0x2D,0x6D,0x63,0x66,0x2D,0x73,0x65,0x68,0x2C,0x20,0x62,0x75,0x69,
0x6C,0x74,0x20,0x62,0x79,0x20,0x42,0x72,0x65,0x63,0x68,0x74,0x20,0x53,0x61,0x6E,0x64,0x65,0x72,0x73,
0x2C,0x20,0x72,0x31,0x29,0x20,0x31,0x36,0x2E,0x31,0x2E,0x30,0x00,0x00,0x00,0x00,0x00,0x00,0x00,0x00,
0x47,0x43,0x43,0x3A,0x20,0x28,0x4D,0x69,0x6E,0x47,0x57,0x2D,0x57,0x36,0x34,0x20,0x78,0x38,0x36,0x5F,
0x36,0x34,0x2D,0x75,0x63,0x72,0x74,0x2D,0x6D,0x63,0x66,0x2D,0x73,0x65,0x68,0x2C,0x20,0x62,0x75,0x69,
0x6C,0x74,0x20,0x62,0x79,0x20,0x42,0x72,0x65,0x63,0x68,0x74,0x20,0x53,0x61,0x6E,0x64,0x65,0x72,0x73,
0x2C,0x20,0x72,0x31,0x29,0x20,0x31,0x36,0x2E,0x31,0x2E,0x30,0x00,0x00,0x00,0x00,0x00,0x00,0x00,0x00,
0x47,0x43,0x43,0x3A,0x20,0x28,0x4D,0x69,0x6E,0x47,0x57,0x2D,0x57,0x36,0x34,0x20,0x78,0x38,0x36,0x5F,
0x36,0x34,0x2D,0x75,0x63,0x72,0x74,0x2D,0x6D,0x63,0x66,0x2D,0x73,0x65,0x68,0x2C,0x20,0x62,0x75,0x69,
0x6C,0x74,0x20,0x62,0x79,0x20,0x42,0x72,0x65,0x63,0x68,0x74,0x20,0x53,0x61,0x6E,0x64,0x65,0x72,0x73,
0x2C,0x20,0x72,0x31,0x29,0x20,0x31,0x36,0x2E,0x31,0x2E,0x30,0x00,0x00,0x00,0x00,0x00,0x00,0x00,0x00,
0x47,0x43,0x43,0x3A,0x20,0x28,0x4D,0x69,0x6E,0x47,0x57,0x2D,0x57,0x36,0x34,0x20,0x78,0x38,0x36,0x5F,
0x36,0x34,0x2D,0x75,0x63,0x72,0x74,0x2D,0x6D,0x63,0x66,0x2D,0x73,0x65,0x68,0x2C,0x20,0x62,0x75,0x69,
0x6C,0x74,0x20,0x62,0x79,0x20,0x42,0x72,0x65,0x63,0x68,0x74,0x20,0x53,0x61,0x6E,0x64,0x65,0x72,0x73,
0x2C,0x20,0x72,0x31,0x29,0x20,0x31,0x36,0x2E,0x31,0x2E,0x30,0x00,0x00,0x00,0x00,0x00,0x00,0x00,0x00,
0x47,0x43,0x43,0x3A,0x20,0x28,0x4D,0x69,0x6E,0x47,0x57,0x2D,0x57,0x36,0x34,0x20,0x78,0x38,0x36,0x5F,
0x36,0x34,0x2D,0x75,0x63,0x72,0x74,0x2D,0x6D,0x63,0x66,0x2D,0x73,0x65,0x68,0x2C,0x20,0x62,0x75,0x69,
0x6C,0x74,0x20,0x62,0x79,0x20,0x42,0x72,0x65,0x63,0x68,0x74,0x20,0x53,0x61,0x6E,0x64,0x65,0x72,0x73,
0x2C,0x20,0x72,0x31,0x29,0x20,0x31,0x36,0x2E,0x31,0x2E,0x30,0x00,0x00,0x00,0x00,0x00,0x00,0x00,0x00,
0x47,0x43,0x43,0x3A,0x20,0x28,0x4D,0x69,0x6E,0x47,0x57,0x2D,0x57,0x36,0x34,0x20,0x78,0x38,0x36,0x5F,
0x36,0x34,0x2D,0x75,0x63,0x72,0x74,0x2D,0x6D,0x63,0x66,0x2D,0x73,0x65,0x68,0x2C,0x20,0x62,0x75,0x69,
0x6C,0x74,0x20,0x62,0x79,0x20,0x42,0x72,0x65,0x63,0x68,0x74,0x20,0x53,0x61,0x6E,0x64,0x65,0x72,0x73,
0x2C,0x20,0x72,0x31,0x29,0x20,0x31,0x36,0x2E,0x31,0x2E,0x30,0x00,0x00,0x00,0x00,0x00,0x00,0x00,0x00,
0x47,0x43,0x43,0x3A,0x20,0x28,0x4D,0x69,0x6E,0x47,0x57,0x2D,0x57,0x36,0x34,0x20,0x78,0x38,0x36,0x5F,
0x36,0x34,0x2D,0x75,0x63,0x72,0x74,0x2D,0x6D,0x63,0x66,0x2D,0x73,0x65,0x68,0x2C,0x20,0x62,0x75,0x69,
0x6C,0x74,0x20,0x62,0x79,0x20,0x42,0x72,0x65,0x63,0x68,0x74,0x20,0x53,0x61,0x6E,0x64,0x65,0x72,0x73,
0x2C,0x20,0x72,0x31,0x29,0x20,0x31,0x36,0x2E,0x31,0x2E,0x30,0x00,0x00,0x00,0x00,0x00,0x00,0x00,0x00,
0x47,0x43,0x43,0x3A,0x20,0x28,0x4D,0x69,0x6E,0x47,0x57,0x2D,0x57,0x36,0x34,0x20,0x78,0x38,0x36,0x5F,
0x36,0x34,0x2D,0x75,0x63,0x72,0x74,0x2D,0x6D,0x63,0x66,0x2D,0x73,0x65,0x68,0x2C,0x20,0x62,0x75,0x69,
0x6C,0x74,0x20,0x62,0x79,0x20,0x42,0x72,0x65,0x63,0x68,0x74,0x20,0x53,0x61,0x6E,0x64,0x65,0x72,0x73,
0x2C,0x20,0x72,0x31,0x29,0x20,0x31,0x36,0x2E,0x31,0x2E,0x30,0x00,0x00,0x00,0x00,0x00,0x00,0x00,0x00,
0x47,0x43,0x43,0x3A,0x20,0x28,0x4D,0x69,0x6E,0x47,0x57,0x2D,0x57,0x36,0x34,0x20,0x78,0x38,0x36,0x5F,
0x36,0x34,0x2D,0x75,0x63,0x72,0x74,0x2D,0x6D,0x63,0x66,0x2D,0x73,0x65,0x68,0x2C,0x20,0x62,0x75,0x69,
0x6C,0x74,0x20,0x62,0x79,0x20,0x42,0x72,0x65,0x63,0x68,0x74,0x20,0x53,0x61,0x6E,0x64,0x65,0x72,0x73,
0x2C,0x20,0x72,0x31,0x29,0x20,0x31,0x36,0x2E,0x31,0x2E,0x30,0x00,0x00,0x00,0x00,0x00,0x00,0x00,0x00,
0x47,0x43,0x43,0x3A,0x20,0x28,0x4D,0x69,0x6E,0x47,0x57,0x2D,0x57,0x36,0x34,0x20,0x78,0x38,0x36,0x5F,
0x36,0x34,0x2D,0x75,0x63,0x72,0x74,0x2D,0x6D,0x63,0x66,0x2D,0x73,0x65,0x68,0x2C,0x20,0x62,0x75,0x69,
0x6C,0x74,0x20,0x62,0x79,0x20,0x42,0x72,0x65,0x63,0x68,0x74,0x20,0x53,0x61,0x6E,0x64,0x65,0x72,0x73,
0x2C,0x20,0x72,0x31,0x29,0x20,0x31,0x36,0x2E,0x31,0x2E,0x30,0x00,0x00,0x00,0x00,0x00,0x00,0x00,0x00,
0x47,0x43,0x43,0x3A,0x20,0x28,0x4D,0x69,0x6E,0x47,0x57,0x2D,0x57,0x36,0x34,0x20,0x78,0x38,0x36,0x5F,
0x36,0x34,0x2D,0x75,0x63,0x72,0x74,0x2D,0x6D,0x63,0x66,0x2D,0x73,0x65,0x68,0x2C,0x20,0x62,0x75,0x69,
0x6C,0x74,0x20,0x62,0x79,0x20,0x42,0x72,0x65,0x63,0x68,0x74,0x20,0x53,0x61,0x6E,0x64,0x65,0x72,0x73,
0x2C,0x20,0x72,0x31,0x29,0x20,0x31,0x36,0x2E,0x31,0x2E,0x30,0x00,0x00,0x00,0x00,0x00,0x00,0x00,0x00,
0xFF,0xFF,0xFF,0xFF,0xFF,0xFF,0xFF,0xFF,0x00,0x50,0x00,0x40,0x01,0x00,0x00,0x00,0x00,0x00,0x00,0x00,
0x00,0x00,0x00,0x00,0xFF,0xFF,0xFF,0xFF,0xFF,0xFF,0xFF,0xFF,0x00,0x00,0x00,0x00,0x00,0x00,0x00,0x00,
0x00,0x00,0x00,0x00,0x00,0x00,0x00,0x00,0x00,0x00,0x00,0x00,0x00,0x00,0x00,0x00,0x00,0x00,0x00,0x00,
0x00,0x00,0x00,0x00,0x00,0x00,0x00,0x00,0x00,0x00,0x00,0x00,0x00,0x00,0x00,0x00,0x00,0x00,0x00,0x00,
0xD0,0x33,0x00,0x40,0x01,0x00,0x00,0x00,0x89,0x34,0x00,0x40,0x01,0x00,0x00,0x00,0x00,0x00,0x00,0x00,
0x00,0x00,0x00,0x00,0x00,0x00,0x00,0x00,0x00,0x00,0x00,0x00,0x00,0x00,0x00,0x00,0x00,0x00,0x00,0x00,
0x00,0x00,0x00,0x00,0x00,0x00,0x00,0x00,0x00,0x00,0x00,0x00,0x00,0x00,0x00,0x00,0x00,0x00,0x00,0x00,
0x00,0x00,0x00,0x00,0x00,0x00,0x00,0x00,0x00,0x00,0x00,0x00,0x00,0x00,0x00,0x00,0x00,0x00,0x00,0x00,
0x00,0x00,0x00,0x00,0x00,0x00,0x00,0x00,0x00,0x00,0x00,0x00,0x00,0x00,0x00,0x00,0x00,0x00,0x00,0x00,
0x00,0x00,0x00,0x00,0x00,0x00,0x00,0x00,0x00,0x00,0x00,0x00,0x00,0x00,0x00,0x00,0x00,0x00,0x00,0x00,
0x00,0x00,0x00,0x00,0x00,0x00,0x00,0x00,0x00,0x00,0x00,0x00,0x00,0x00,0x00,0x00,0x00,0x00,0x00,0x00,
0x00,0x00,0x00,0x00,0x00,0x00,0x00,0x00,0x00,0x00,0x00,0x00,0x00,0x00,0x00,0x00,0x00,0x00,0x00,0x00,
0x00,0x00,0x00,0x00,0x00,0x00,0x00,0x00,0x00,0x00,0x00,0x00,0x00,0x00,0x00,0x00,0x00,0x00,0x00,0x00,
0x00,0x00,0x00,0x00,0x00,0x00,0x00,0x00,0x00,0x00,0x00,0x00,0x00,0x00,0x00,0x00,0x00,0x00,0x00,0x00,
0x00,0x00,0x00,0x00,0x00,0x00,0x00,0x00,0x00,0x00,0x00,0x00,0x00,0x00,0x00,0x00,0x00,0x00,0x00,0x00,
0x00,0x00,0x00,0x00,0x00,0x00,0x00,0x00,0x00,0x00,0x00,0x00,0x00,0x00,0x00,0x00,0x00,0x00,0x00,0x00,
0x00,0x00,0x00,0x00,0x00,0x00,0x00,0x00,0x00,0x00,0x00,0x00,0x00,0x00,0x00,0x00,0x00,0x00,0x00,0x00,
0x00,0x00,0x00,0x00,0x00,0x00,0x00,0x00,0x00,0x00,0x00,0x00,0x00,0x00,0x00,0x00,0x00,0x00,0x00,0x00,
0x00,0x00,0x00,0x00,0x00,0x00,0x00,0x00,0x00,0x00,0x00,0x00,0x00,0x00,0x00,0x00,0x00,0x00,0x00,0x00,
0x00,0x00,0x00,0x00,0x00,0x00,0x00,0x00,0x00,0x00,0x00,0x00,0x00,0x00,0x00,0x00,0x00,0x00,0x00,0x00,
0x00,0x00,0x00,0x00,0x00,0x00,0x00,0x00,0x00,0x00,0x00,0x00,0x00,0x00,0x00,0x00,0x00,0x00,0x00,0x00,
0x00,0x00,0x00,0x00,0x00,0x00,0x00,0x00,0x00,0x00,0x00,0x00,0x00,0x00,0x00,0x00,0x00,0x00,0x00,0x00,
0x00,0x00,0x00,0x00,0x00,0x00,0x00,0x00,0x00,0x00,0x00,0x00,0x00,0x00,0x00,0x00,0x00,0x00,0x00,0x00,
0x00,0x00,0x00,0x00,0x00,0x00,0x00,0x00,0x00,0x00,0x00,0x00,0x00,0x00,0x00,0x00,0x00,0x00,0x00,0x00,
0x00,0x00,0x00,0x00,0x00,0x00,0x00,0x00,0x00,0x00,0x00,0x00,0x00,0x00,0x00,0x00,0x00,0x00,0x00,0x00,
0x00,0x00,0x00,0x00,0x00,0x00,0x00,0x00,0x00,0x00,0x00,0x00,0x00,0x00,0x00,0x00,0x00,0x00,0x00,0x00,
0x00,0x00,0x00,0x00,0x00,0x00,0x00,0x00,0x00,0x00,0x00,0x00,0x00,0x00,0x00,0x00,0x00,0x00,0x00,0x00,
0x00,0x00,0x00,0x00,0x00,0x00,0x00,0x00,0x00,0x00,0x00,0x00,0x00,0x00,0x00,0x00,0x00,0x00,0x00,0x00,
0x00,0x00,0x00,0x00,0x00,0x00,0x00,0x00,0x00,0x00,0x00,0x00,0x00,0x00,0x00,0x00,0x00,0x00,0x00,0x00,
0x00,0x00,0x00,0x00,0x00,0x00,0x00,0x00,0x00,0x00,0x00,0x00,0x00,0x00,0x00,0x00,0x00,0x00,0x00,0x00,
0x00,0x00,0x00,0x00,0x00,0x00,0x00,0x00,0x00,0x00,0x00,0x00,0x00,0x00,0x00,0x00,0x00,0x00,0x00,0x00,
0x00,0x00,0x00,0x00,0x00,0x00,0x00,0x00,0x00,0x00,0x00,0x00,0x00,0x00,0x00,0x00,0x00,0x00,0x00,0x00,
0x00,0x00,0x00,0x00,0x00,0x00,0x00,0x00,0x00,0x00,0x00,0x00,0x00,0x00,0x00,0x00,0x00,0x00,0x00,0x00,
0x00,0x00,0x00,0x00,0x00,0x00,0x00,0x00,0x00,0x00,0x00,0x00,0x00,0x00,0x00,0x00,0x00,0x00,0x00,0x00,
0x00,0x00,0x00,0x00,0x00,0x00,0x00,0x00,0x00,0x00,0x00,0x00,0x00,0x00,0x00,0x00,0x00,0x00,0x00,0x00,
0x00,0x00,0x00,0x00,0x00,0x00,0x00,0x00,0x00,0x00,0x00,0x00,0x00,0x00,0x00,0x00,0x00,0x00,0x00,0x00,
0x00,0x00,0x00,0x00,0x00,0x00,0x00,0x00,0x00,0x00,0x00,0x00,0x00,0x00,0x00,0x00,0x00,0x00,0x00,0x00,
0x00,0x00,0x00,0x00,0x00,0x00,0x00,0x00,0x00,0x00,0x00,0x00,0x00,0x00,0x00,0x00,0x00,0x00,0x00,0x00,
0x00,0x00,0x00,0x00,0x00,0x00,0x00,0x00,0x00,0x00,0x00,0x00,0x00,0x00,0x00,0x00,0x00,0x00,0x00,0x00,
0x00,0x00,0x00,0x00,0x00,0x00,0x00,0x00,0x00,0x00,0x00,0x00,0x00,0x00,0x00,0x00,0x00,0x00,0x00,0x00,
0x00,0x00,0x00,0x00,0x00,0x00,0x00,0x00,0x00,0x00,0x00,0x00,0x00,0x00,0x00,0x00,0x00,0x00,0x00,0x00,
0x00,0x00,0x00,0x00,0x00,0x00,0x00,0x00,0x00,0x00,0x00,0x00,0x00,0x00,0x00,0x00,0x00,0x00,0x00,0x00,
0x00,0x00,0x00,0x00,0x00,0x00,0x00,0x00,0x00,0x00,0x00,0x00,0x00,0x00,0x00,0x00,0x00,0x00,0x00,0x00,
0x00,0x00,0x00,0x00,0x00,0x00,0x00,0x00,0x00,0x00,0x00,0x00,0x00,0x00,0x00,0x00,0x00,0x00,0x00,0x00,
0x00,0x00,0x00,0x00,0x00,0x00,0x00,0x00,0x00,0x00,0x00,0x00,0x00,0x00,0x00,0x00,0x00,0x00,0x00,0x00,
0x00,0x00,0x00,0x00,0x00,0x00,0x00,0x00,0x00,0x00,0x00,0x00,0x00,0x00,0x00,0x00,0x00,0x00,0x00,0x00,
0x00,0x00,0x00,0x00,0x00,0x00,0x00,0x00,0x00,0x00,0x00,0x00,0x00,0x00,0x00,0x00,0x00,0x00,0x00,0x00,
0x00,0x00,0x00,0x00,0x00,0x00,0x00,0x00,0x00,0x00,0x00,0x00,0x00,0x00,0x00,0x00,0x00,0x00,0x00,0x00,
0x00,0x00,0x00,0x00,0x00,0x00,0x00,0x00,0x00,0x00,0x00,0x00,0x00,0x00,0x00,0x00,0x00,0x00,0x00,0x00,
0x00,0x00,0x00,0x00,0x00,0x00,0x00,0x00,0x00,0x00,0x00,0x00,0x00,0x00,0x00,0x00,0x00,0x00,0x00,0x00,
0x00,0x00,0x00,0x00,0x00,0x00,0x00,0x00,0x00,0x00,0x00,0x00,0x00,0x00,0x00,0x00,0x00,0x00,0x00,0x00,
0x00,0x00,0x00,0x00,0x00,0x00,0x00,0x00,0x00,0x00,0x00,0x00,0x00,0x00,0x00,0x00,0x00,0x00,0x00,0x00,
0x00,0x00,0x00,0x00,0x00,0x00,0x00,0x00,0x00,0x00,0x00,0x00,0x00,0x00,0x00,0x00,0x00,0x00,0x00,0x00,
0x00,0x00,0x00,0x00,0x00,0x00,0x00,0x00,0x00,0x00,0x00,0x00,0x00,0x10,0x00,0x00,0x17,0x10,0x00,0x00,
0x00,0xB0,0x00,0x00,0x17,0x10,0x00,0x00,0x30,0x10,0x00,0x00,0x08,0xB0,0x00,0x00,0x30,0x10,0x00,0x00,
0x5F,0x10,0x00,0x00,0x14,0xB0,0x00,0x00,0x5F,0x10,0x00,0x00,0x8E,0x10,0x00,0x00,0x38,0xB0,0x00,0x00,
0x8E,0x10,0x00,0x00,0xEC,0x13,0x00,0x00,0x5C,0xB0,0x00,0x00,0xEC,0x13,0x00,0x00,0xF0,0x14,0x00,0x00,
0x68,0xB0,0x00,0x00,0xF0,0x14,0x00,0x00,0x2F,0x16,0x00,0x00,0x74,0xB0,0x00,0x00,0x2F,0x16,0x00,0x00,
0x4D,0x16,0x00,0x00,0x80,0xB0,0x00,0x00,0x50,0x16,0x00,0x00,0x51,0x16,0x00,0x00,0x8C,0xB0,0x00,0x00,
0x60,0x16,0x00,0x00,0x63,0x16,0x00,0x00,0x90,0xB0,0x00,0x00,0x70,0x16,0x00,0x00,0x17,0x17,0x00,0x00,
0x94,0xB0,0x00,0x00,0x20,0x17,0x00,0x00,0x5E,0x17,0x00,0x00,0xA0,0xB0,0x00,0x00,0x60,0x17,0x00,0x00,
0x2B,0x19,0x00,0x00,0xAC,0xB0,0x00,0x00,0x30,0x19,0x00,0x00,0x78,0x1E,0x00,0x00,0xC0,0xB0,0x00,0x00,
0x80,0x1E,0x00,0x00,0x9B,0x28,0x00,0x00,0xD4,0xB0,0x00,0x00,0xA0,0x28,0x00,0x00,0xAD,0x2A,0x00,0x00,
0xF8,0xB0,0x00,0x00,0xB0,0x2A,0x00,0x00,0xA2,0x2F,0x00,0x00,0x08,0xB1,0x00,0x00,0xB0,0x2F,0x00,0x00,
0x0E,0x31,0x00,0x00,0x14,0xB1,0x00,0x00,0xB0,0x31,0x00,0x00,0xDA,0x32,0x00,0x00,0x24,0xB1,0x00,0x00,
0xE0,0x32,0x00,0x00,0x1F,0x33,0x00,0x00,0x30,0xB1,0x00,0x00,0x1F,0x33,0x00,0x00,0x97,0x33,0x00,0x00,
0x3C,0xB1,0x00,0x00,0x97,0x33,0x00,0x00,0xBF,0x33,0x00,0x00,0x48,0xB1,0x00,0x00,0xC0,0x33,0x00,0x00,
0xCB,0x33,0x00,0x00,0x54,0xB1,0x00,0x00,0xD0,0x33,0x00,0x00,0x6C,0x34,0x00,0x00,0x5C,0xB1,0x00,0x00,
0x6C,0x34,0x00,0x00,0x89,0x34,0x00,0x00,0x68,0xB1,0x00,0x00,0x89,0x34,0x00,0x00,0xC7,0x34,0x00,0x00,
0x70,0xB1,0x00,0x00,0xD0,0x34,0x00,0x00,0xFC,0x35,0x00,0x00,0x7C,0xB1,0x00,0x00,0x00,0x36,0x00,0x00,
0x65,0x36,0x00,0x00,0x98,0xB1,0x00,0x00,0x65,0x36,0x00,0x00,0x43,0x39,0x00,0x00,0xA4,0xB1,0x00,0x00,
0x43,0x39,0x00,0x00,0x1B,0x3A,0x00,0x00,0xB0,0xB1,0x00,0x00,0x1B,0x3A,0x00,0x00,0x62,0x3A,0x00,0x00,
0xBC,0xB1,0x00,0x00,0x62,0x3A,0x00,0x00,0xE0,0x3D,0x00,0x00,0xC8,0xB1,0x00,0x00,0xE0,0x3D,0x00,0x00,
0x84,0x3E,0x00,0x00,0xD4,0xB1,0x00,0x00,0x90,0x3E,0x00,0x00,0xFA,0x3E,0x00,0x00,0xE0,0xB1,0x00,0x00,
0xFA,0x3E,0x00,0x00,0x24,0x3F,0x00,0x00,0xEC,0xB1,0x00,0x00,0x30,0x3F,0x00,0x00,0x8A,0x41,0x00,0x00,
0xF8,0xB1,0x00,0x00,0x8A,0x41,0x00,0x00,0xEE,0x43,0x00,0x00,0x04,0xB2,0x00,0x00,0xF0,0x43,0x00,0x00,
0x91,0x44,0x00,0x00,0x10,0xB2,0x00,0x00,0x91,0x44,0x00,0x00,0x52,0x45,0x00,0x00,0x1C,0xB2,0x00,0x00,
0x52,0x45,0x00,0x00,0xF1,0x45,0x00,0x00,0x28,0xB2,0x00,0x00,0xF1,0x45,0x00,0x00,0xED,0x46,0x00,0x00,
0x34,0xB2,0x00,0x00,0xF0,0x46,0x00,0x00,0xF9,0x46,0x00,0x00,0x40,0xB2,0x00,0x00,0x00,0x47,0x00,0x00,
0x7C,0x47,0x00,0x00,0x48,0xB2,0x00,0x00,0x7C,0x47,0x00,0x00,0x15,0x48,0x00,0x00,0x54,0xB2,0x00,0x00,
0x15,0x48,0x00,0x00,0xDB,0x48,0x00,0x00,0x60,0xB2,0x00,0x00,0xDB,0x48,0x00,0x00,0x2B,0x49,0x00,0x00,
0x6C,0xB2,0x00,0x00,0x2B,0x49,0x00,0x00,0x7B,0x49,0x00,0x00,0x78,0xB2,0x00,0x00,0x7B,0x49,0x00,0x00,
0x27,0x4A,0x00,0x00,0x84,0xB2,0x00,0x00,0x27,0x4A,0x00,0x00,0x5B,0x4A,0x00,0x00,0x90,0xB2,0x00,0x00,
0x5B,0x4A,0x00,0x00,0xCC,0x4A,0x00,0x00,0x9C,0xB2,0x00,0x00,0xCC,0x4A,0x00,0x00,0xAD,0x4B,0x00,0x00,
0xA8,0xB2,0x00,0x00,0xF0,0x4B,0x00,0x00,0x31,0x4C,0x00,0x00,0xB4,0xB2,0x00,0x00,0x40,0x4C,0x00,0x00,
0x9A,0x4C,0x00,0x00,0xC0,0xB2,0x00,0x00,0xA0,0x4C,0x00,0x00,0xAD,0x4C,0x00,0x00,0xCC,0xB2,0x00,0x00,
0xB0,0x4C,0x00,0x00,0xC0,0x4C,0x00,0x00,0xD4,0xB2,0x00,0x00,0xC0,0x4C,0x00,0x00,0xF8,0x4C,0x00,0x00,
0xDC,0xB2,0x00,0x00,0x00,0x4D,0x00,0x00,0x79,0x4D,0x00,0x00,0xE8,0xB2,0x00,0x00,0x00,0x50,0x00,0x00,
0x05,0x50,0x00,0x00,0xF4,0xB2,0x00,0x00,0x00,0x00,0x00,0x00,0x00,0x00,0x00,0x00,0x00,0x00,0x00,0x00,
0x00,0x00,0x00,0x00,0x00,0x00,0x00,0x00,0x00,0x00,0x00,0x00,0x00,0x00,0x00,0x00,0x00,0x00,0x00,0x00,
0x00,0x00,0x00,0x00,0x00,0x00,0x00,0x00,0x00,0x00,0x00,0x00,0x00,0x00,0x00,0x00,0x00,0x00,0x00,0x00,
0x00,0x00,0x00,0x00,0x00,0x00,0x00,0x00,0x00,0x00,0x00,0x00,0x00,0x00,0x00,0x00,0x00,0x00,0x00,0x00,
0x00,0x00,0x00,0x00,0x00,0x00,0x00,0x00,0x00,0x00,0x00,0x00,0x00,0x00,0x00,0x00,0x00,0x00,0x00,0x00,
0x00,0x00,0x00,0x00,0x00,0x00,0x00,0x00,0x00,0x00,0x00,0x00,0x00,0x00,0x00,0x00,0x00,0x00,0x00,0x00,
0x00,0x00,0x00,0x00,0x00,0x00,0x00,0x00,0x00,0x00,0x00,0x00,0x00,0x00,0x00,0x00,0x00,0x00,0x00,0x00,
0x00,0x00,0x00,0x00,0x00,0x00,0x00,0x00,0x00,0x00,0x00,0x00,0x00,0x00,0x00,0x00,0x00,0x00,0x00,0x00,
0x00,0x00,0x00,0x00,0x00,0x00,0x00,0x00,0x00,0x00,0x00,0x00,0x00,0x00,0x00,0x00,0x00,0x00,0x00,0x00,
0x00,0x00,0x00,0x00,0x00,0x00,0x00,0x00,0x00,0x00,0x00,0x00,0x00,0x00,0x00,0x00,0x00,0x00,0x00,0x00,
0x00,0x00,0x00,0x00,0x00,0x00,0x00,0x00,0x00,0x00,0x00,0x00,0x00,0x00,0x00,0x00,0x00,0x00,0x00,0x00,
0x00,0x00,0x00,0x00,0x00,0x00,0x00,0x00,0x00,0x00,0x00,0x00,0x00,0x00,0x00,0x00,0x00,0x00,0x00,0x00,
0x00,0x00,0x00,0x00,0x00,0x00,0x00,0x00,0x00,0x00,0x00,0x00,0x00,0x00,0x00,0x00,0x00,0x00,0x00,0x00,
0x00,0x00,0x00,0x00,0x00,0x00,0x00,0x00,0x00,0x00,0x00,0x00,0x00,0x00,0x00,0x00,0x00,0x00,0x00,0x00,
0x00,0x00,0x00,0x00,0x00,0x00,0x00,0x00,0x00,0x00,0x00,0x00,0x00,0x00,0x00,0x00,0x00,0x00,0x00,0x00,
0x00,0x00,0x00,0x00,0x00,0x00,0x00,0x00,0x00,0x00,0x00,0x00,0x00,0x00,0x00,0x00,0x00,0x00,0x00,0x00,
0x00,0x00,0x00,0x00,0x00,0x00,0x00,0x00,0x00,0x00,0x00,0x00,0x00,0x00,0x00,0x00,0x01,0x04,0x02,0x05,
0x04,0x03,0x01,0x50,0x01,0x08,0x03,0x05,0x08,0x32,0x04,0x03,0x01,0x50,0x00,0x00,0x09,0x08,0x03,0x05,
0x08,0x52,0x04,0x03,0x01,0x50,0x00,0x00,0xA0,0x4E,0x00,0x00,0x01,0x00,0x00,0x00,0x3F,0x10,0x00,0x00,
0x55,0x10,0x00,0x00,0x8A,0x41,0x00,0x00,0x55,0x10,0x00,0x00,0x09,0x08,0x03,0x05,0x08,0x52,0x04,0x03,
0x01,0x50,0x00,0x00,0xA0,0x4E,0x00,0x00,0x01,0x00,0x00,0x00,0x6E,0x10,0x00,0x00,0x84,0x10,0x00,0x00,
0x8A,0x41,0x00,0x00,0x84,0x10,0x00,0x00,0x01,0x0B,0x04,0x05,0x0B,0x01,0x12,0x00,0x04,0x03,0x01,0x50,
0x01,0x08,0x03,0x05,0x08,0x32,0x04,0x03,0x01,0x50,0x00,0x00,0x01,0x0B,0x04,0x45,0x0B,0x03,0x06,0x82,
0x02,0x30,0x01,0x50,0x01,0x08,0x03,0x05,0x08,0x32,0x04,0x03,0x01,0x50,0x00,0x00,0x01,0x00,0x00,0x00,
0x01,0x00,0x00,0x00,0x01,0x0B,0x04,0x35,0x0B,0x03,0x06,0x62,0x02,0x30,0x01,0x50,0x01,0x08,0x03,0x05,
0x08,0x32,0x04,0x03,0x01,0x50,0x00,0x00,0x01,0x0D,0x07,0x00,0x0D,0x01,0x5E,0x00,0x06,0x30,0x05,0x60,
0x04,0x70,0x03,0x50,0x02,0xC0,0x00,0x00,0x01,0x15,0x08,0x00,0x15,0x01,0x27,0x03,0x0D,0x30,0x0C,0x60,
0x0B,0x70,0x0A,0x50,0x09,0xC0,0x02,0xD0,0x01,0x2C,0x10,0x00,0x2C,0x88,0x0E,0x00,0x23,0x78,0x0D,0x00,
0x1B,0x68,0x0C,0x00,0x13,0x01,0x1F,0x00,0x0C,0x30,0x0B,0x60,0x0A,0x70,0x09,0x50,0x08,0xC0,0x06,0xD0,
0x04,0xE0,0x02,0xF0,0x01,0x0C,0x06,0x00,0x0C,0x01,0x61,0x00,0x05,0x30,0x04,0x60,0x03,0x70,0x02,0xE0,
0x01,0x09,0x04,0x00,0x09,0x01,0x13,0x00,0x02,0x30,0x01,0x60,0x01,0x0A,0x05,0x00,0x0A,0x01,0x1C,0x00,
0x03,0x30,0x02,0x60,0x01,0x70,0x00,0x00,0x01,0x0B,0x04,0x05,0x0B,0x01,0x14,0x00,0x04,0x03,0x01,0x50,
0x01,0x08,0x03,0x05,0x08,0x32,0x04,0x03,0x01,0x50,0x00,0x00,0x01,0x08,0x03,0x05,0x08,0x52,0x04,0x03,
0x01,0x50,0x00,0x00,0x01,0x08,0x03,0x05,0x08,0x32,0x04,0x03,0x01,0x50,0x00,0x00,0x01,0x04,0x02,0x05,
0x04,0x03,0x01,0x50,0x01,0x08,0x03,0x05,0x08,0x52,0x04,0x03,0x01,0x50,0x00,0x00,0x01,0x04,0x02,0x05,
0x04,0x03,0x01,0x50,0x01,0x08,0x03,0x05,0x08,0x32,0x04,0x03,0x01,0x50,0x00,0x00,0x01,0x1B,0x0B,0x55,
0x1B,0x88,0x07,0x00,0x16,0x78,0x06,0x00,0x12,0x68,0x05,0x00,0x0E,0x03,0x09,0x01,0x11,0x00,0x02,0x30,
0x01,0x50,0x00,0x00,0x01,0x0B,0x04,0x35,0x0B,0x03,0x06,0x62,0x02,0x30,0x01,0x50,0x01,0x08,0x03,0x05,
0x08,0xB2,0x04,0x03,0x01,0x50,0x00,0x00,0x01,0x08,0x03,0x05,0x08,0x52,0x04,0x03,0x01,0x50,0x00,0x00,
0x01,0x08,0x03,0x05,0x08,0x32,0x04,0x03,0x01,0x50,0x00,0x00,0x01,0x08,0x03,0x05,0x08,0xF2,0x04,0x03,
0x01,0x50,0x00,0x00,0x01,0x08,0x03,0x05,0x08,0x52,0x04,0x03,0x01,0x50,0x00,0x00,0x01,0x08,0x03,0x05,
0x08,0x92,0x04,0x03,0x01,0x50,0x00,0x00,0x01,0x08,0x03,0x05,0x08,0x32,0x04,0x03,0x01,0x50,0x00,0x00,
0x01,0x08,0x03,0x05,0x08,0x52,0x04,0x03,0x01,0x50,0x00,0x00,0x01,0x08,0x03,0x05,0x08,0x52,0x04,0x03,
0x01,0x50,0x00,0x00,0x01,0x08,0x03,0x05,0x08,0x52,0x04,0x03,0x01,0x50,0x00,0x00,0x01,0x08,0x03,0x05,
0x08,0x52,0x04,0x03,0x01,0x50,0x00,0x00,0x01,0x08,0x03,0x05,0x08,0x52,0x04,0x03,0x01,0x50,0x00,0x00,
0x01,0x08,0x03,0x05,0x08,0x52,0x04,0x03,0x01,0x50,0x00,0x00,0x01,0x04,0x02,0x05,0x04,0x03,0x01,0x50,
0x01,0x08,0x03,0x05,0x08,0x32,0x04,0x03,0x01,0x50,0x00,0x00,0x01,0x08,0x03,0x05,0x08,0x32,0x04,0x03,
0x01,0x50,0x00,0x00,0x01,0x08,0x03,0x05,0x08,0x72,0x04,0x03,0x01,0x50,0x00,0x00,0x01,0x08,0x03,0x05,
0x08,0x52,0x04,0x03,0x01,0x50,0x00,0x00,0x01,0x08,0x03,0x05,0x08,0x52,0x04,0x03,0x01,0x50,0x00,0x00,
0x01,0x08,0x03,0x05,0x08,0x72,0x04,0x03,0x01,0x50,0x00,0x00,0x01,0x08,0x03,0x05,0x08,0x52,0x04,0x03,
0x01,0x50,0x00,0x00,0x01,0x08,0x03,0x05,0x08,0x72,0x04,0x03,0x01,0x50,0x00,0x00,0x01,0x08,0x03,0x05,
0x08,0x92,0x04,0x03,0x01,0x50,0x00,0x00,0x01,0x08,0x03,0x05,0x08,0x52,0x04,0x03,0x01,0x50,0x00,0x00,
0x01,0x0B,0x04,0x45,0x0B,0x03,0x06,0x82,0x02,0x30,0x01,0x50,0x01,0x04,0x02,0x05,0x04,0x03,0x01,0x50,
0x01,0x04,0x02,0x05,0x04,0x03,0x01,0x50,0x01,0x08,0x03,0x05,0x08,0x32,0x04,0x03,0x01,0x50,0x00,0x00,
0x01,0x08,0x03,0x05,0x08,0x32,0x04,0x03,0x01,0x50,0x00,0x00,0x01,0x00,0x00,0x00,0x00,0x00,0x00,0x00,
0x00,0x00,0x00,0x00,0x00,0x00,0x00,0x00,0x00,0x00,0x00,0x00,0x00,0x00,0x00,0x00,0x00,0x00,0x00,0x00,
0x00,0x00,0x00,0x00,0x00,0x00,0x00,0x00,0x00,0x00,0x00,0x00,0x00,0x00,0x00,0x00,0x00,0x00,0x00,0x00,
0x00,0x00,0x00,0x00,0x00,0x00,0x00,0x00,0x00,0x00,0x00,0x00,0x00,0x00,0x00,0x00,0x00,0x00,0x00,0x00,
0x00,0x00,0x00,0x00,0x00,0x00,0x00,0x00,0x00,0x00,0x00,0x00,0x00,0x00,0x00,0x00,0x00,0x00,0x00,0x00,
0x00,0x00,0x00,0x00,0x00,0x00,0x00,0x00,0x00,0x00,0x00,0x00,0x00,0x00,0x00,0x00,0x00,0x00,0x00,0x00,
0x00,0x00,0x00,0x00,0x00,0x00,0x00,0x00,0x00,0x00,0x00,0x00,0x00,0x00,0x00,0x00,0x00,0x00,0x00,0x00,
0x00,0x00,0x00,0x00,0x00,0x00,0x00,0x00,0x00,0x00,0x00,0x00,0x00,0x00,0x00,0x00,0x00,0x00,0x00,0x00,
0x00,0x00,0x00,0x00,0x00,0x00,0x00,0x00,0x00,0x00,0x00,0x00,0x00,0x00,0x00,0x00,0x00,0x00,0x00,0x00,
0x00,0x00,0x00,0x00,0x00,0x00,0x00,0x00,0x00,0x00,0x00,0x00,0x00,0x00,0x00,0x00,0x00,0x00,0x00,0x00,
0x00,0x00,0x00,0x00,0x00,0x00,0x00,0x00,0x00,0x00,0x00,0x00,0x00,0x00,0x00,0x00,0x00,0x00,0x00,0x00,
0x00,0x00,0x00,0x00,0x00,0x00,0x00,0x00,0x00,0x00,0x00,0x00,0x00,0x00,0x00,0x00,0x00,0x00,0x00,0x00,
0x00,0x00,0x00,0x00,0x00,0x00,0x00,0x00,0x00,0x00,0x00,0x00,0x00,0x00,0x00,0x00,0x00,0x00,0x00,0x00,
0x00,0x00,0x00,0x00,0x00,0x00,0x00,0x00,0x00,0x00,0x00,0x00,0x00,0x00,0x00,0x00,0x00,0x00,0x00,0x00,
0x08,0xD1,0x00,0x00,0x00,0x00,0x00,0x00,0x00,0x00,0x00,0x00,0x68,0xDD,0x00,0x00,0x50,0xD4,0x00,0x00,
0x20,0xD1,0x00,0x00,0x00,0x00,0x00,0x00,0x00,0x00,0x00,0x00,0x80,0xDD,0x00,0x00,0x68,0xD4,0x00,0x00,
0x38,0xD1,0x00,0x00,0x00,0x00,0x00,0x00,0x00,0x00,0x00,0x00,0x00,0xDE,0x00,0x00,0x80,0xD4,0x00,0x00,
0x28,0xD2,0x00,0x00,0x00,0x00,0x00,0x00,0x00,0x00,0x00,0x00,0x14,0xDE,0x00,0x00,0x70,0xD5,0x00,0x00,
0x38,0xD2,0x00,0x00,0x00,0x00,0x00,0x00,0x00,0x00,0x00,0x00,0x4C,0xDE,0x00,0x00,0x80,0xD5,0x00,0x00,
0x60,0xD2,0x00,0x00,0x00,0x00,0x00,0x00,0x00,0x00,0x00,0x00,0x70,0xDE,0x00,0x00,0xA8,0xD5,0x00,0x00,
0x70,0xD2,0x00,0x00,0x00,0x00,0x00,0x00,0x00,0x00,0x00,0x00,0x98,0xDE,0x00,0x00,0xB8,0xD5,0x00,0x00,
0x80,0xD2,0x00,0x00,0x00,0x00,0x00,0x00,0x00,0x00,0x00,0x00,0xC4,0xDE,0x00,0x00,0xC8,0xD5,0x00,0x00,
0xA0,0xD2,0x00,0x00,0x00,0x00,0x00,0x00,0x00,0x00,0x00,0x00,0x24,0xDF,0x00,0x00,0xE8,0xD5,0x00,0x00,
0x20,0xD3,0x00,0x00,0x00,0x00,0x00,0x00,0x00,0x00,0x00,0x00,0x78,0xDF,0x00,0x00,0x68,0xD6,0x00,0x00,
0x88,0xD3,0x00,0x00,0x00,0x00,0x00,0x00,0x00,0x00,0x00,0x00,0xB4,0xDF,0x00,0x00,0xD0,0xD6,0x00,0x00,
0xC8,0xD3,0x00,0x00,0x00,0x00,0x00,0x00,0x00,0x00,0x00,0x00,0x18,0xE0,0x00,0x00,0x10,0xD7,0x00,0x00,
0x00,0x00,0x00,0x00,0x00,0x00,0x00,0x00,0x00,0x00,0x00,0x00,0x00,0x00,0x00,0x00,0x00,0x00,0x00,0x00,
0x00,0x00,0x00,0x00,0x98,0xD7,0x00,0x00,0x00,0x00,0x00,0x00,0xAC,0xD7,0x00,0x00,0x00,0x00,0x00,0x00,
0x00,0x00,0x00,0x00,0x00,0x00,0x00,0x00,0xC0,0xD7,0x00,0x00,0x00,0x00,0x00,0x00,0xCE,0xD7,0x00,0x00,
0x00,0x00,0x00,0x00,0x00,0x00,0x00,0x00,0x00,0x00,0x00,0x00,0xDE,0xD7,0x00,0x00,0x00,0x00,0x00,0x00,
0xEC,0xD7,0x00,0x00,0x00,0x00,0x00,0x00,0xFA,0xD7,0x00,0x00,0x00,0x00,0x00,0x00,0x0C,0xD8,0x00,0x00,
0x00,0x00,0x00,0x00,0x24,0xD8,0x00,0x00,0x00,0x00,0x00,0x00,0x32,0xD8,0x00,0x00,0x00,0x00,0x00,0x00,
0x4A,0xD8,0x00,0x00,0x00,0x00,0x00,0x00,0x58,0xD8,0x00,0x00,0x00,0x00,0x00,0x00,0x72,0xD8,0x00,0x00,
0x00,0x00,0x00,0x00,0x88,0xD8,0x00,0x00,0x00,0x00,0x00,0x00,0x98,0xD8,0x00,0x00,0x00,0x00,0x00,0x00,
0xAE,0xD8,0x00,0x00,0x00,0x00,0x00,0x00,0xC2,0xD8,0x00,0x00,0x00,0x00,0x00,0x00,0xD4,0xD8,0x00,0x00,
0x00,0x00,0x00,0x00,0xE6,0xD8,0x00,0x00,0x00,0x00,0x00,0x00,0xF6,0xD8,0x00,0x00,0x00,0x00,0x00,0x00,
0x12,0xD9,0x00,0x00,0x00,0x00,0x00,0x00,0x24,0xD9,0x00,0x00,0x00,0x00,0x00,0x00,0x3C,0xD9,0x00,0x00,
0x00,0x00,0x00,0x00,0x4C,0xD9,0x00,0x00,0x00,0x00,0x00,0x00,0x5C,0xD9,0x00,0x00,0x00,0x00,0x00,0x00,
0x72,0xD9,0x00,0x00,0x00,0x00,0x00,0x00,0x90,0xD9,0x00,0x00,0x00,0x00,0x00,0x00,0x98,0xD9,0x00,0x00,
0x00,0x00,0x00,0x00,0xA6,0xD9,0x00,0x00,0x00,0x00,0x00,0x00,0xB8,0xD9,0x00,0x00,0x00,0x00,0x00,0x00,
0xC8,0xD9,0x00,0x00,0x00,0x00,0x00,0x00,0xDE,0xD9,0x00,0x00,0x00,0x00,0x00,0x00,0xF4,0xD9,0x00,0x00,
0x00,0x00,0x00,0x00,0x00,0x00,0x00,0x00,0x00,0x00,0x00,0x00,0x00,0xDA,0x00,0x00,0x00,0x00,0x00,0x00,
0x00,0x00,0x00,0x00,0x00,0x00,0x00,0x00,0x10,0xDA,0x00,0x00,0x00,0x00,0x00,0x00,0x20,0xDA,0x00,0x00,
0x00,0x00,0x00,0x00,0x2A,0xDA,0x00,0x00,0x00,0x00,0x00,0x00,0x32,0xDA,0x00,0x00,0x00,0x00,0x00,0x00,
0x00,0x00,0x00,0x00,0x00,0x00,0x00,0x00,0x3C,0xDA,0x00,0x00,0x00,0x00,0x00,0x00,0x00,0x00,0x00,0x00,
0x00,0x00,0x00,0x00,0x52,0xDA,0x00,0x00,0x00,0x00,0x00,0x00,0x00,0x00,0x00,0x00,0x00,0x00,0x00,0x00,
0x66,0xDA,0x00,0x00,0x00,0x00,0x00,0x00,0x7E,0xDA,0x00,0x00,0x00,0x00,0x00,0x00,0x88,0xDA,0x00,0x00,
0x00,0x00,0x00,0x00,0x00,0x00,0x00,0x00,0x00,0x00,0x00,0x00,0x92,0xDA,0x00,0x00,0x00,0x00,0x00,0x00,
0xA0,0xDA,0x00,0x00,0x00,0x00,0x00,0x00,0xAE,0xDA,0x00,0x00,0x00,0x00,0x00,0x00,0xBC,0xDA,0x00,0x00,
0x00,0x00,0x00,0x00,0xC6,0xDA,0x00,0x00,0x00,0x00,0x00,0x00,0xE0,0xDA,0x00,0x00,0x00,0x00,0x00,0x00,
0xEE,0xDA,0x00,0x00,0x00,0x00,0x00,0x00,0xF6,0xDA,0x00,0x00,0x00,0x00,0x00,0x00,0x18,0xDB,0x00,0x00,
0x00,0x00,0x00,0x00,0x28,0xDB,0x00,0x00,0x00,0x00,0x00,0x00,0x34,0xDB,0x00,0x00,0x00,0x00,0x00,0x00,
0x42,0xDB,0x00,0x00,0x00,0x00,0x00,0x00,0x64,0xDB,0x00,0x00,0x00,0x00,0x00,0x00,0x6C,0xDB,0x00,0x00,
0x00,0x00,0x00,0x00,0x74,0xDB,0x00,0x00,0x00,0x00,0x00,0x00,0x00,0x00,0x00,0x00,0x00,0x00,0x00,0x00,
0x7E,0xDB,0x00,0x00,0x00,0x00,0x00,0x00,0x90,0xDB,0x00,0x00,0x00,0x00,0x00,0x00,0xA0,0xDB,0x00,0x00,
0x00,0x00,0x00,0x00,0xAE,0xDB,0x00,0x00,0x00,0x00,0x00,0x00,0xC8,0xDB,0x00,0x00,0x00,0x00,0x00,0x00,
0xD2,0xDB,0x00,0x00,0x00,0x00,0x00,0x00,0xDC,0xDB,0x00,0x00,0x00,0x00,0x00,0x00,0xE6,0xDB,0x00,0x00,
0x00,0x00,0x00,0x00,0xEE,0xDB,0x00,0x00,0x00,0x00,0x00,0x00,0xF6,0xDB,0x00,0x00,0x00,0x00,0x00,0x00,
0xFE,0xDB,0x00,0x00,0x00,0x00,0x00,0x00,0x08,0xDC,0x00,0x00,0x00,0x00,0x00,0x00,0x00,0x00,0x00,0x00,
0x00,0x00,0x00,0x00,0x12,0xDC,0x00,0x00,0x00,0x00,0x00,0x00,0x1C,0xDC,0x00,0x00,0x00,0x00,0x00,0x00,
0x26,0xDC,0x00,0x00,0x00,0x00,0x00,0x00,0x30,0xDC,0x00,0x00,0x00,0x00,0x00,0x00,0x3A,0xDC,0x00,0x00,
0x00,0x00,0x00,0x00,0x44,0xDC,0x00,0x00,0x00,0x00,0x00,0x00,0x4E,0xDC,0x00,0x00,0x00,0x00,0x00,0x00,
0x00,0x00,0x00,0x00,0x00,0x00,0x00,0x00,0x58,0xDC,0x00,0x00,0x00,0x00,0x00,0x00,0x6A,0xDC,0x00,0x00,
0x00,0x00,0x00,0x00,0x7C,0xDC,0x00,0x00,0x00,0x00,0x00,0x00,0x90,0xDC,0x00,0x00,0x00,0x00,0x00,0x00,
0xA0,0xDC,0x00,0x00,0x00,0x00,0x00,0x00,0xAE,0xDC,0x00,0x00,0x00,0x00,0x00,0x00,0xBC,0xDC,0x00,0x00,
0x00,0x00,0x00,0x00,0xCA,0xDC,0x00,0x00,0x00,0x00,0x00,0x00,0xDC,0xDC,0x00,0x00,0x00,0x00,0x00,0x00,
0xEC,0xDC,0x00,0x00,0x00,0x00,0x00,0x00,0xFE,0xDC,0x00,0x00,0x00,0x00,0x00,0x00,0x0E,0xDD,0x00,0x00,
0x00,0x00,0x00,0x00,0x20,0xDD,0x00,0x00,0x00,0x00,0x00,0x00,0x2E,0xDD,0x00,0x00,0x00,0x00,0x00,0x00,
0x42,0xDD,0x00,0x00,0x00,0x00,0x00,0x00,0x52,0xDD,0x00,0x00,0x00,0x00,0x00,0x00,0x00,0x00,0x00,0x00,
0x00,0x00,0x00,0x00,0x98,0xD7,0x00,0x00,0x00,0x00,0x00,0x00,0xAC,0xD7,0x00,0x00,0x00,0x00,0x00,0x00,
0x00,0x00,0x00,0x00,0x00,0x00,0x00,0x00,0xC0,0xD7,0x00,0x00,0x00,0x00,0x00,0x00,0xCE,0xD7,0x00,0x00,
0x00,0x00,0x00,0x00,0x00,0x00,0x00,0x00,0x00,0x00,0x00,0x00,0xDE,0xD7,0x00,0x00,0x00,0x00,0x00,0x00,
0xEC,0xD7,0x00,0x00,0x00,0x00,0x00,0x00,0xFA,0xD7,0x00,0x00,0x00,0x00,0x00,0x00,0x0C,0xD8,0x00,0x00,
0x00,0x00,0x00,0x00,0x24,0xD8,0x00,0x00,0x00,0x00,0x00,0x00,0x32,0xD8,0x00,0x00,0x00,0x00,0x00,0x00,
0x4A,0xD8,0x00,0x00,0x00,0x00,0x00,0x00,0x58,0xD8,0x00,0x00,0x00,0x00,0x00,0x00,0x72,0xD8,0x00,0x00,
0x00,0x00,0x00,0x00,0x88,0xD8,0x00,0x00,0x00,0x00,0x00,0x00,0x98,0xD8,0x00,0x00,0x00,0x00,0x00,0x00,
0xAE,0xD8,0x00,0x00,0x00,0x00,0x00,0x00,0xC2,0xD8,0x00,0x00,0x00,0x00,0x00,0x00,0xD4,0xD8,0x00,0x00,
0x00,0x00,0x00,0x00,0xE6,0xD8,0x00,0x00,0x00,0x00,0x00,0x00,0xF6,0xD8,0x00,0x00,0x00,0x00,0x00,0x00,
0x12,0xD9,0x00,0x00,0x00,0x00,0x00,0x00,0x24,0xD9,0x00,0x00,0x00,0x00,0x00,0x00,0x3C,0xD9,0x00,0x00,
0x00,0x00,0x00,0x00,0x4C,0xD9,0x00,0x00,0x00,0x00,0x00,0x00,0x5C,0xD9,0x00,0x00,0x00,0x00,0x00,0x00,
0x72,0xD9,0x00,0x00,0x00,0x00,0x00,0x00,0x90,0xD9,0x00,0x00,0x00,0x00,0x00,0x00,0x98,0xD9,0x00,0x00,
0x00,0x00,0x00,0x00,0xA6,0xD9,0x00,0x00,0x00,0x00,0x00,0x00,0xB8,0xD9,0x00,0x00,0x00,0x00,0x00,0x00,
0xC8,0xD9,0x00,0x00,0x00,0x00,0x00,0x00,0xDE,0xD9,0x00,0x00,0x00,0x00,0x00,0x00,0xF4,0xD9,0x00,0x00,
0x00,0x00,0x00,0x00,0x00,0x00,0x00,0x00,0x00,0x00,0x00,0x00,0x00,0xDA,0x00,0x00,0x00,0x00,0x00,0x00,
0x00,0x00,0x00,0x00,0x00,0x00,0x00,0x00,0x10,0xDA,0x00,0x00,0x00,0x00,0x00,0x00,0x20,0xDA,0x00,0x00,
0x00,0x00,0x00,0x00,0x2A,0xDA,0x00,0x00,0x00,0x00,0x00,0x00,0x32,0xDA,0x00,0x00,0x00,0x00,0x00,0x00,
0x00,0x00,0x00,0x00,0x00,0x00,0x00,0x00,0x3C,0xDA,0x00,0x00,0x00,0x00,0x00,0x00,0x00,0x00,0x00,0x00,
0x00,0x00,0x00,0x00,0x52,0xDA,0x00,0x00,0x00,0x00,0x00,0x00,0x00,0x00,0x00,0x00,0x00,0x00,0x00,0x00,
0x66,0xDA,0x00,0x00,0x00,0x00,0x00,0x00,0x7E,0xDA,0x00,0x00,0x00,0x00,0x00,0x00,0x88,0xDA,0x00,0x00,
0x00,0x00,0x00,0x00,0x00,0x00,0x00,0x00,0x00,0x00,0x00,0x00,0x92,0xDA,0x00,0x00,0x00,0x00,0x00,0x00,
0xA0,0xDA,0x00,0x00,0x00,0x00,0x00,0x00,0xAE,0xDA,0x00,0x00,0x00,0x00,0x00,0x00,0xBC,0xDA,0x00,0x00,
0x00,0x00,0x00,0x00,0xC6,0xDA,0x00,0x00,0x00,0x00,0x00,0x00,0xE0,0xDA,0x00,0x00,0x00,0x00,0x00,0x00,
0xEE,0xDA,0x00,0x00,0x00,0x00,0x00,0x00,0xF6,0xDA,0x00,0x00,0x00,0x00,0x00,0x00,0x18,0xDB,0x00,0x00,
0x00,0x00,0x00,0x00,0x28,0xDB,0x00,0x00,0x00,0x00,0x00,0x00,0x34,0xDB,0x00,0x00,0x00,0x00,0x00,0x00,
0x42,0xDB,0x00,0x00,0x00,0x00,0x00,0x00,0x64,0xDB,0x00,0x00,0x00,0x00,0x00,0x00,0x6C,0xDB,0x00,0x00,
0x00,0x00,0x00,0x00,0x74,0xDB,0x00,0x00,0x00,0x00,0x00,0x00,0x00,0x00,0x00,0x00,0x00,0x00,0x00,0x00,
0x7E,0xDB,0x00,0x00,0x00,0x00,0x00,0x00,0x90,0xDB,0x00,0x00,0x00,0x00,0x00,0x00,0xA0,0xDB,0x00,0x00,
0x00,0x00,0x00,0x00,0xAE,0xDB,0x00,0x00,0x00,0x00,0x00,0x00,0xC8,0xDB,0x00,0x00,0x00,0x00,0x00,0x00,
0xD2,0xDB,0x00,0x00,0x00,0x00,0x00,0x00,0xDC,0xDB,0x00,0x00,0x00,0x00,0x00,0x00,0xE6,0xDB,0x00,0x00,
0x00,0x00,0x00,0x00,0xEE,0xDB,0x00,0x00,0x00,0x00,0x00,0x00,0xF6,0xDB,0x00,0x00,0x00,0x00,0x00,0x00,
0xFE,0xDB,0x00,0x00,0x00,0x00,0x00,0x00,0x08,0xDC,0x00,0x00,0x00,0x00,0x00,0x00,0x00,0x00,0x00,0x00,
0x00,0x00,0x00,0x00,0x12,0xDC,0x00,0x00,0x00,0x00,0x00,0x00,0x1C,0xDC,0x00,0x00,0x00,0x00,0x00,0x00,
0x26,0xDC,0x00,0x00,0x00,0x00,0x00,0x00,0x30,0xDC,0x00,0x00,0x00,0x00,0x00,0x00,0x3A,0xDC,0x00,0x00,
0x00,0x00,0x00,0x00,0x44,0xDC,0x00,0x00,0x00,0x00,0x00,0x00,0x4E,0xDC,0x00,0x00,0x00,0x00,0x00,0x00,
0x00,0x00,0x00,0x00,0x00,0x00,0x00,0x00,0x58,0xDC,0x00,0x00,0x00,0x00,0x00,0x00,0x6A,0xDC,0x00,0x00,
0x00,0x00,0x00,0x00,0x7C,0xDC,0x00,0x00,0x00,0x00,0x00,0x00,0x90,0xDC,0x00,0x00,0x00,0x00,0x00,0x00,
0xA0,0xDC,0x00,0x00,0x00,0x00,0x00,0x00,0xAE,0xDC,0x00,0x00,0x00,0x00,0x00,0x00,0xBC,0xDC,0x00,0x00,
0x00,0x00,0x00,0x00,0xCA,0xDC,0x00,0x00,0x00,0x00,0x00,0x00,0xDC,0xDC,0x00,0x00,0x00,0x00,0x00,0x00,
0xEC,0xDC,0x00,0x00,0x00,0x00,0x00,0x00,0xFE,0xDC,0x00,0x00,0x00,0x00,0x00,0x00,0x0E,0xDD,0x00,0x00,
0x00,0x00,0x00,0x00,0x20,0xDD,0x00,0x00,0x00,0x00,0x00,0x00,0x2E,0xDD,0x00,0x00,0x00,0x00,0x00,0x00,
0x42,0xDD,0x00,0x00,0x00,0x00,0x00,0x00,0x52,0xDD,0x00,0x00,0x00,0x00,0x00,0x00,0x00,0x00,0x00,0x00,
0x00,0x00,0x00,0x00,0x0A,0x00,0x47,0x65,0x74,0x4F,0x70,0x65,0x6E,0x46,0x69,0x6C,0x65,0x4E,0x61,0x6D,
0x65,0x57,0x00,0x00,0x0C,0x00,0x47,0x65,0x74,0x53,0x61,0x76,0x65,0x46,0x69,0x6C,0x65,0x4E,0x61,0x6D,
0x65,0x57,0x00,0x00,0x44,0x00,0x43,0x72,0x65,0x61,0x74,0x65,0x46,0x6F,0x6E,0x74,0x57,0x00,0x83,0x01,
0x44,0x65,0x6C,0x65,0x74,0x65,0x4F,0x62,0x6A,0x65,0x63,0x74,0x00,0x00,0x97,0x00,0x43,0x6C,0x6F,0x73,
0x65,0x48,0x61,0x6E,0x64,0x6C,0x65,0x00,0xDF,0x00,0x43,0x72,0x65,0x61,0x74,0x65,0x46,0x69,0x6C,0x65,
0x57,0x00,0xFA,0x00,0x43,0x72,0x65,0x61,0x74,0x65,0x50,0x72,0x6F,0x63,0x65,0x73,0x73,0x57,0x00,0x00,
0x27,0x01,0x44,0x65,0x6C,0x65,0x74,0x65,0x43,0x72,0x69,0x74,0x69,0x63,0x61,0x6C,0x53,0x65,0x63,0x74,
0x69,0x6F,0x6E,0x00,0x2C,0x01,0x44,0x65,0x6C,0x65,0x74,0x65,0x46,0x69,0x6C,0x65,0x57,0x00,0x4D,0x01,
0x45,0x6E,0x74,0x65,0x72,0x43,0x72,0x69,0x74,0x69,0x63,0x61,0x6C,0x53,0x65,0x63,0x74,0x69,0x6F,0x6E,
0x00,0x00,0xCA,0x01,0x46,0x72,0x65,0x65,0x4C,0x69,0x62,0x72,0x61,0x72,0x79,0x00,0x5D,0x02,0x47,0x65,
0x74,0x45,0x6E,0x76,0x69,0x72,0x6F,0x6E,0x6D,0x65,0x6E,0x74,0x56,0x61,0x72,0x69,0x61,0x62,0x6C,0x65,
0x57,0x00,0x6B,0x02,0x47,0x65,0x74,0x46,0x69,0x6C,0x65,0x41,0x74,0x74,0x72,0x69,0x62,0x75,0x74,0x65,
0x73,0x57,0x00,0x00,0x88,0x02,0x47,0x65,0x74,0x4C,0x61,0x73,0x74,0x45,0x72,0x72,0x6F,0x72,0x00,0x00,
0x9D,0x02,0x47,0x65,0x74,0x4D,0x6F,0x64,0x75,0x6C,0x65,0x46,0x69,0x6C,0x65,0x4E,0x61,0x6D,0x65,0x57,
0x00,0x00,0x9E,0x02,0x47,0x65,0x74,0x4D,0x6F,0x64,0x75,0x6C,0x65,0x48,0x61,0x6E,0x64,0x6C,0x65,0x41,
0x00,0x00,0xDA,0x02,0x47,0x65,0x74,0x50,0x72,0x6F,0x63,0x41,0x64,0x64,0x72,0x65,0x73,0x73,0x00,0x00,
0xFD,0x02,0x47,0x65,0x74,0x53,0x74,0x61,0x72,0x74,0x75,0x70,0x49,0x6E,0x66,0x6F,0x41,0x00,0x26,0x03,
0x47,0x65,0x74,0x54,0x65,0x6D,0x70,0x50,0x61,0x74,0x68,0x57,0x00,0x00,0x96,0x03,0x49,0x6E,0x69,0x74,
0x69,0x61,0x6C,0x69,0x7A,0x65,0x43,0x72,0x69,0x74,0x69,0x63,0x61,0x6C,0x53,0x65,0x63,0x74,0x69,0x6F,
0x6E,0x00,0xB0,0x03,0x49,0x73,0x44,0x42,0x43,0x53,0x4C,0x65,0x61,0x64,0x42,0x79,0x74,0x65,0x00,0x00,
0xF4,0x03,0x4C,0x65,0x61,0x76,0x65,0x43,0x72,0x69,0x74,0x69,0x63,0x61,0x6C,0x53,0x65,0x63,0x74,0x69,
0x6F,0x6E,0x00,0x00,0xF8,0x03,0x4C,0x6F,0x61,0x64,0x4C,0x69,0x62,0x72,0x61,0x72,0x79,0x41,0x00,0x00,
0xFB,0x03,0x4C,0x6F,0x61,0x64,0x4C,0x69,0x62,0x72,0x61,0x72,0x79,0x57,0x00,0x00,0x28,0x04,0x4D,0x75,
0x6C,0x74,0x69,0x42,0x79,0x74,0x65,0x54,0x6F,0x57,0x69,0x64,0x65,0x43,0x68,0x61,0x72,0x00,0x99,0x05,
0x53,0x65,0x74,0x55,0x6E,0x68,0x61,0x6E,0x64,0x6C,0x65,0x64,0x45,0x78,0x63,0x65,0x70,0x74,0x69,0x6F,
0x6E,0x46,0x69,0x6C,0x74,0x65,0x72,0x00,0xA9,0x05,0x53,0x6C,0x65,0x65,0x70,0x00,0xCD,0x05,0x54,0x6C,
0x73,0x47,0x65,0x74,0x56,0x61,0x6C,0x75,0x65,0x00,0xFD,0x05,0x56,0x69,0x72,0x74,0x75,0x61,0x6C,0x50,
0x72,0x6F,0x74,0x65,0x63,0x74,0x00,0x00,0xFF,0x05,0x56,0x69,0x72,0x74,0x75,0x61,0x6C,0x51,0x75,0x65,
0x72,0x79,0x00,0x00,0x08,0x06,0x57,0x61,0x69,0x74,0x46,0x6F,0x72,0x53,0x69,0x6E,0x67,0x6C,0x65,0x4F,
0x62,0x6A,0x65,0x63,0x74,0x00,0x34,0x06,0x57,0x69,0x64,0x65,0x43,0x68,0x61,0x72,0x54,0x6F,0x4D,0x75,
0x6C,0x74,0x69,0x42,0x79,0x74,0x65,0x00,0x48,0x06,0x57,0x72,0x69,0x74,0x65,0x46,0x69,0x6C,0x65,0x00,
0x00,0x00,0x5F,0x5F,0x70,0x5F,0x5F,0x65,0x6E,0x76,0x69,0x72,0x6F,0x6E,0x00,0x00,0x17,0x00,0x5F,0x73,
0x65,0x74,0x5F,0x6E,0x65,0x77,0x5F,0x6D,0x6F,0x64,0x65,0x00,0x18,0x00,0x63,0x61,0x6C,0x6C,0x6F,0x63,
0x00,0x00,0x19,0x00,0x66,0x72,0x65,0x65,0x00,0x00,0x1A,0x00,0x6D,0x61,0x6C,0x6C,0x6F,0x63,0x00,0x00,
0x09,0x00,0x5F,0x63,0x6F,0x6E,0x66,0x69,0x67,0x74,0x68,0x72,0x65,0x61,0x64,0x6C,0x6F,0x63,0x61,0x6C,
0x65,0x00,0x09,0x00,0x5F,0x5F,0x73,0x65,0x74,0x75,0x73,0x65,0x72,0x6D,0x61,0x74,0x68,0x65,0x72,0x72,
0x00,0x00,0x0C,0x00,0x5F,0x5F,0x43,0x5F,0x73,0x70,0x65,0x63,0x69,0x66,0x69,0x63,0x5F,0x68,0x61,0x6E,
0x64,0x6C,0x65,0x72,0x00,0x00,0x40,0x04,0x6D,0x65,0x6D,0x63,0x70,0x79,0x00,0x00,0x49,0x04,0x77,0x63,
0x73,0x72,0x63,0x68,0x72,0x00,0x04,0x00,0x5F,0x5F,0x70,0x5F,0x5F,0x5F,0x61,0x72,0x67,0x63,0x00,0x00,
0x05,0x00,0x5F,0x5F,0x70,0x5F,0x5F,0x5F,0x61,0x72,0x67,0x76,0x00,0x00,0x07,0x00,0x5F,0x5F,0x70,0x5F,
0x5F,0x61,0x63,0x6D,0x64,0x6C,0x6E,0x00,0x16,0x00,0x5F,0x63,0x65,0x78,0x69,0x74,0x00,0x00,0x18,0x00,
0x5F,0x63,0x6F,0x6E,0x66,0x69,0x67,0x75,0x72,0x65,0x5F,0x6E,0x61,0x72,0x72,0x6F,0x77,0x5F,0x61,0x72,
0x67,0x76,0x00,0x00,0x1E,0x00,0x5F,0x63,0x72,0x74,0x5F,0x61,0x74,0x65,0x78,0x69,0x74,0x00,0x23,0x00,
0x5F,0x65,0x78,0x69,0x74,0x00,0x33,0x00,0x5F,0x69,0x6E,0x69,0x74,0x69,0x61,0x6C,0x69,0x7A,0x65,0x5F,
0x6E,0x61,0x72,0x72,0x6F,0x77,0x5F,0x65,0x6E,0x76,0x69,0x72,0x6F,0x6E,0x6D,0x65,0x6E,0x74,0x00,0x00,
0x36,0x00,0x5F,0x73,0x65,0x74,0x5F,0x61,0x70,0x70,0x5F,0x74,0x79,0x70,0x65,0x00,0x38,0x00,0x5F,0x69,
0x6E,0x69,0x74,0x74,0x65,0x72,0x6D,0x00,0x39,0x00,0x5F,0x69,0x6E,0x69,0x74,0x74,0x65,0x72,0x6D,0x5F,
0x65,0x00,0x49,0x00,0x5F,0x73,0x65,0x74,0x5F,0x69,0x6E,0x76,0x61,0x6C,0x69,0x64,0x5F,0x70,0x61,0x72,
0x61,0x6D,0x65,0x74,0x65,0x72,0x5F,0x68,0x61,0x6E,0x64,0x6C,0x65,0x72,0x00,0x00,0x56,0x00,0x61,0x62,
0x6F,0x72,0x74,0x00,0x57,0x00,0x65,0x78,0x69,0x74,0x00,0x00,0x65,0x00,0x73,0x69,0x67,0x6E,0x61,0x6C,
0x00,0x00,0x00,0x00,0x5F,0x5F,0x61,0x63,0x72,0x74,0x5F,0x69,0x6F,0x62,0x5F,0x66,0x75,0x6E,0x63,0x00,
0x01,0x00,0x5F,0x5F,0x70,0x5F,0x5F,0x63,0x6F,0x6D,0x6D,0x6F,0x64,0x65,0x00,0x00,0x02,0x00,0x5F,0x5F,
0x70,0x5F,0x5F,0x66,0x6D,0x6F,0x64,0x65,0x00,0x00,0x03,0x00,0x5F,0x5F,0x73,0x74,0x64,0x69,0x6F,0x5F,
0x63,0x6F,0x6D,0x6D,0x6F,0x6E,0x5F,0x76,0x66,0x70,0x72,0x69,0x6E,0x74,0x66,0x00,0x85,0x00,0x5F,0x77,
0x66,0x6F,0x70,0x65,0x6E,0x00,0x99,0x00,0x66,0x63,0x6C,0x6F,0x73,0x65,0x00,0x00,0x9C,0x00,0x66,0x66,
0x6C,0x75,0x73,0x68,0x00,0x00,0xAA,0x00,0x66,0x72,0x65,0x61,0x64,0x00,0xAF,0x00,0x66,0x73,0x65,0x65,
0x6B,0x00,0xB3,0x00,0x66,0x74,0x65,0x6C,0x6C,0x00,0xB4,0x00,0x66,0x77,0x72,0x69,0x74,0x65,0x00,0x00,
0xC3,0x00,0x73,0x65,0x74,0x76,0x62,0x75,0x66,0x00,0xA0,0x00,0x6D,0x65,0x6D,0x73,0x65,0x74,0x00,0x00,
0xA3,0x00,0x73,0x74,0x72,0x63,0x6D,0x70,0x00,0x00,0xA8,0x00,0x73,0x74,0x72,0x6C,0x65,0x6E,0x00,0x00,
0xAB,0x00,0x73,0x74,0x72,0x6E,0x63,0x6D,0x70,0x00,0xB8,0x00,0x77,0x63,0x73,0x63,0x61,0x74,0x00,0x00,
0xBC,0x00,0x77,0x63,0x73,0x63,0x70,0x79,0x00,0x00,0xBF,0x00,0x77,0x63,0x73,0x6C,0x65,0x6E,0x00,0x00,
0x74,0x00,0x43,0x72,0x65,0x61,0x74,0x65,0x57,0x69,0x6E,0x64,0x6F,0x77,0x45,0x78,0x57,0x00,0xA5,0x00,
0x44,0x65,0x66,0x57,0x69,0x6E,0x64,0x6F,0x77,0x50,0x72,0x6F,0x63,0x57,0x00,0x00,0xBB,0x00,0x44,0x69,
0x73,0x70,0x61,0x74,0x63,0x68,0x4D,0x65,0x73,0x73,0x61,0x67,0x65,0x57,0x00,0x00,0x31,0x01,0x47,0x65,
0x74,0x43,0x6C,0x69,0x65,0x6E,0x74,0x52,0x65,0x63,0x74,0x00,0x86,0x01,0x47,0x65,0x74,0x4D,0x65,0x73,
0x73,0x61,0x67,0x65,0x57,0x00,0x4A,0x02,0x4C,0x6F,0x61,0x64,0x43,0x75,0x72,0x73,0x6F,0x72,0x57,0x00,
0x7C,0x02,0x4D,0x6F,0x76,0x65,0x57,0x69,0x6E,0x64,0x6F,0x77,0x00,0x00,0x9A,0x02,0x50,0x6F,0x73,0x74,
0x51,0x75,0x69,0x74,0x4D,0x65,0x73,0x73,0x61,0x67,0x65,0x00,0xC1,0x02,0x52,0x65,0x64,0x72,0x61,0x77,
0x57,0x69,0x6E,0x64,0x6F,0x77,0x00,0x00,0xC6,0x02,0x52,0x65,0x67,0x69,0x73,0x74,0x65,0x72,0x43,0x6C,
0x61,0x73,0x73,0x57,0x00,0x00,0xFE,0x02,0x53,0x65,0x6E,0x64,0x4D,0x65,0x73,0x73,0x61,0x67,0x65,0x57,
0x00,0x00,0x66,0x03,0x53,0x65,0x74,0x57,0x69,0x6E,0x64,0x6F,0x77,0x54,0x65,0x78,0x74,0x57,0x00,0x00,
0x74,0x03,0x53,0x68,0x6F,0x77,0x57,0x69,0x6E,0x64,0x6F,0x77,0x00,0x00,0x94,0x03,0x54,0x72,0x61,0x6E,
0x73,0x6C,0x61,0x74,0x65,0x4D,0x65,0x73,0x73,0x61,0x67,0x65,0x00,0x00,0xAD,0x03,0x55,0x70,0x64,0x61,
0x74,0x65,0x57,0x69,0x6E,0x64,0x6F,0x77,0x00,0x00,0xD2,0x03,0x77,0x73,0x70,0x72,0x69,0x6E,0x74,0x66,
0x57,0x00,0x00,0x00,0x00,0xD0,0x00,0x00,0x00,0xD0,0x00,0x00,0x63,0x6F,0x6D,0x64,0x6C,0x67,0x33,0x32,
0x2E,0x64,0x6C,0x6C,0x00,0x00,0x00,0x00,0x14,0xD0,0x00,0x00,0x14,0xD0,0x00,0x00,0x47,0x44,0x49,0x33,
0x32,0x2E,0x64,0x6C,0x6C,0x00,0x00,0x00,0x28,0xD0,0x00,0x00,0x28,0xD0,0x00,0x00,0x28,0xD0,0x00,0x00,
0x28,0xD0,0x00,0x00,0x28,0xD0,0x00,0x00,0x28,0xD0,0x00,0x00,0x28,0xD0,0x00,0x00,0x28,0xD0,0x00,0x00,
0x28,0xD0,0x00,0x00,0x28,0xD0,0x00,0x00,0x28,0xD0,0x00,0x00,0x28,0xD0,0x00,0x00,0x28,0xD0,0x00,0x00,
0x28,0xD0,0x00,0x00,0x28,0xD0,0x00,0x00,0x28,0xD0,0x00,0x00,0x28,0xD0,0x00,0x00,0x28,0xD0,0x00,0x00,
0x28,0xD0,0x00,0x00,0x28,0xD0,0x00,0x00,0x28,0xD0,0x00,0x00,0x28,0xD0,0x00,0x00,0x28,0xD0,0x00,0x00,
0x28,0xD0,0x00,0x00,0x28,0xD0,0x00,0x00,0x28,0xD0,0x00,0x00,0x28,0xD0,0x00,0x00,0x28,0xD0,0x00,0x00,
0x28,0xD0,0x00,0x00,0x4B,0x45,0x52,0x4E,0x45,0x4C,0x33,0x32,0x2E,0x64,0x6C,0x6C,0x00,0x00,0x00,0x00,
0x3C,0xD0,0x00,0x00,0x61,0x70,0x69,0x2D,0x6D,0x73,0x2D,0x77,0x69,0x6E,0x2D,0x63,0x72,0x74,0x2D,0x65,
0x6E,0x76,0x69,0x72,0x6F,0x6E,0x6D,0x65,0x6E,0x74,0x2D,0x6C,0x31,0x2D,0x31,0x2D,0x30,0x2E,0x64,0x6C,
0x6C,0x00,0x00,0x00,0x50,0xD0,0x00,0x00,0x50,0xD0,0x00,0x00,0x50,0xD0,0x00,0x00,0x50,0xD0,0x00,0x00,
0x61,0x70,0x69,0x2D,0x6D,0x73,0x2D,0x77,0x69,0x6E,0x2D,0x63,0x72,0x74,0x2D,0x68,0x65,0x61,0x70,0x2D,
0x6C,0x31,0x2D,0x31,0x2D,0x30,0x2E,0x64,0x6C,0x6C,0x00,0x00,0x64,0xD0,0x00,0x00,0x61,0x70,0x69,0x2D,
0x6D,0x73,0x2D,0x77,0x69,0x6E,0x2D,0x63,0x72,0x74,0x2D,0x6C,0x6F,0x63,0x61,0x6C,0x65,0x2D,0x6C,0x31,
0x2D,0x31,0x2D,0x30,0x2E,0x64,0x6C,0x6C,0x00,0x00,0x00,0x00,0x78,0xD0,0x00,0x00,0x61,0x70,0x69,0x2D,
0x6D,0x73,0x2D,0x77,0x69,0x6E,0x2D,0x63,0x72,0x74,0x2D,0x6D,0x61,0x74,0x68,0x2D,0x6C,0x31,0x2D,0x31,
0x2D,0x30,0x2E,0x64,0x6C,0x6C,0x00,0x00,0x8C,0xD0,0x00,0x00,0x8C,0xD0,0x00,0x00,0x8C,0xD0,0x00,0x00,
0x61,0x70,0x69,0x2D,0x6D,0x73,0x2D,0x77,0x69,0x6E,0x2D,0x63,0x72,0x74,0x2D,0x70,0x72,0x69,0x76,0x61,
0x74,0x65,0x2D,0x6C,0x31,0x2D,0x31,0x2D,0x30,0x2E,0x64,0x6C,0x6C,0x00,0x00,0x00,0xA0,0xD0,0x00,0x00,
0xA0,0xD0,0x00,0x00,0xA0,0xD0,0x00,0x00,0xA0,0xD0,0x00,0x00,0xA0,0xD0,0x00,0x00,0xA0,0xD0,0x00,0x00,
0xA0,0xD0,0x00,0x00,0xA0,0xD0,0x00,0x00,0xA0,0xD0,0x00,0x00,0xA0,0xD0,0x00,0x00,0xA0,0xD0,0x00,0x00,
0xA0,0xD0,0x00,0x00,0xA0,0xD0,0x00,0x00,0xA0,0xD0,0x00,0x00,0xA0,0xD0,0x00,0x00,0x61,0x70,0x69,0x2D,
0x6D,0x73,0x2D,0x77,0x69,0x6E,0x2D,0x63,0x72,0x74,0x2D,0x72,0x75,0x6E,0x74,0x69,0x6D,0x65,0x2D,0x6C,
0x31,0x2D,0x31,0x2D,0x30,0x2E,0x64,0x6C,0x6C,0x00,0x00,0x00,0xB4,0xD0,0x00,0x00,0xB4,0xD0,0x00,0x00,
0xB4,0xD0,0x00,0x00,0xB4,0xD0,0x00,0x00,0xB4,0xD0,0x00,0x00,0xB4,0xD0,0x00,0x00,0xB4,0xD0,0x00,0x00,
0xB4,0xD0,0x00,0x00,0xB4,0xD0,0x00,0x00,0xB4,0xD0,0x00,0x00,0xB4,0xD0,0x00,0x00,0xB4,0xD0,0x00,0x00,
0x61,0x70,0x69,0x2D,0x6D,0x73,0x2D,0x77,0x69,0x6E,0x2D,0x63,0x72,0x74,0x2D,0x73,0x74,0x64,0x69,0x6F,
0x2D,0x6C,0x31,0x2D,0x31,0x2D,0x30,0x2E,0x64,0x6C,0x6C,0x00,0xC8,0xD0,0x00,0x00,0xC8,0xD0,0x00,0x00,
0xC8,0xD0,0x00,0x00,0xC8,0xD0,0x00,0x00,0xC8,0xD0,0x00,0x00,0xC8,0xD0,0x00,0x00,0xC8,0xD0,0x00,0x00,
0x61,0x70,0x69,0x2D,0x6D,0x73,0x2D,0x77,0x69,0x6E,0x2D,0x63,0x72,0x74,0x2D,0x73,0x74,0x72,0x69,0x6E,
0x67,0x2D,0x6C,0x31,0x2D,0x31,0x2D,0x30,0x2E,0x64,0x6C,0x6C,0x00,0x00,0x00,0x00,0xDC,0xD0,0x00,0x00,
0xDC,0xD0,0x00,0x00,0xDC,0xD0,0x00,0x00,0xDC,0xD0,0x00,0x00,0xDC,0xD0,0x00,0x00,0xDC,0xD0,0x00,0x00,
0xDC,0xD0,0x00,0x00,0xDC,0xD0,0x00,0x00,0xDC,0xD0,0x00,0x00,0xDC,0xD0,0x00,0x00,0xDC,0xD0,0x00,0x00,
0xDC,0xD0,0x00,0x00,0xDC,0xD0,0x00,0x00,0xDC,0xD0,0x00,0x00,0xDC,0xD0,0x00,0x00,0xDC,0xD0,0x00,0x00,
0x55,0x53,0x45,0x52,0x33,0x32,0x2E,0x64,0x6C,0x6C,0x00,0x00,0x00,0x00,0x00,0x00,0x00,0x00,0x00,0x00,
0x00,0x00,0x00,0x00,0x00,0x00,0x00,0x00,0x00,0x00,0x00,0x00,0x00,0x00,0x00,0x00,0x00,0x00,0x00,0x00,
0x00,0x00,0x00,0x00,0x00,0x00,0x00,0x00,0x00,0x00,0x00,0x00,0x00,0x00,0x00,0x00,0x00,0x00,0x00,0x00,
0x00,0x00,0x00,0x00,0x00,0x00,0x00,0x00,0x00,0x00,0x00,0x00,0x00,0x00,0x00,0x00,0x00,0x00,0x00,0x00,
0x00,0x00,0x00,0x00,0x00,0x00,0x00,0x00,0x00,0x00,0x00,0x00,0x00,0x00,0x00,0x00,0x00,0x00,0x00,0x00,
0x00,0x00,0x00,0x00,0x00,0x00,0x00,0x00,0x00,0x00,0x00,0x00,0x00,0x00,0x00,0x00,0x00,0x00,0x00,0x00,
0x00,0x00,0x00,0x00,0x00,0x00,0x00,0x00,0x00,0x00,0x00,0x00,0x00,0x00,0x00,0x00,0x00,0x00,0x00,0x00,
0x00,0x00,0x00,0x00,0x00,0x00,0x00,0x00,0x00,0x00,0x00,0x00,0x00,0x00,0x00,0x00,0x00,0x00,0x00,0x00,
0x00,0x00,0x00,0x00,0x00,0x00,0x00,0x00,0x00,0x00,0x00,0x00,0x00,0x00,0x00,0x00,0x00,0x00,0x00,0x00,
0x00,0x00,0x00,0x00,0x00,0x00,0x00,0x00,0x00,0x00,0x00,0x00,0x00,0x00,0x00,0x00,0x00,0x00,0x00,0x00,
0x00,0x00,0x00,0x00,0x00,0x00,0x00,0x00,0x00,0x00,0x00,0x00,0x00,0x00,0x00,0x00,0x00,0x00,0x00,0x00,
0x00,0x00,0x00,0x00,0x00,0x00,0x00,0x00,0x00,0x00,0x00,0x00,0x00,0x00,0x00,0x00,0x00,0x00,0x00,0x00,
0x00,0x00,0x00,0x00,0x00,0x00,0x00,0x00,0x00,0x00,0x00,0x00,0x00,0x00,0x00,0x00,0x00,0x00,0x00,0x00,
0x00,0x00,0x00,0x00,0x00,0x00,0x00,0x00,0x00,0x00,0x00,0x00,0x00,0x00,0x00,0x00,0x00,0x00,0x00,0x00,
0x00,0x00,0x00,0x00,0x00,0x00,0x00,0x00,0x00,0x00,0x00,0x00,0x00,0x00,0x00,0x00,0x00,0x00,0x00,0x00,
0x00,0x00,0x00,0x00,0x00,0x00,0x00,0x00,0x00,0x00,0x00,0x00,0x00,0x00,0x00,0x00,0x00,0x00,0x00,0x00,
0x00,0x00,0x00,0x00,0x00,0x00,0x00,0x00,0x00,0x00,0x00,0x00,0x00,0x00,0x00,0x00,0x00,0x00,0x00,0x00,
0x00,0x00,0x00,0x00,0x00,0x00,0x00,0x00,0x00,0x00,0x00,0x00,0x00,0x00,0x00,0x00,0x00,0x00,0x00,0x00,
0x00,0x00,0x00,0x00,0x00,0x00,0x00,0x00,0x00,0x00,0x00,0x00,0x00,0x00,0x00,0x00,0x00,0x00,0x00,0x00,
0x00,0x00,0x00,0x00,0x00,0x00,0x00,0x00,0x00,0x00,0x00,0x00,0x00,0x00,0x00,0x00,0x00,0x00,0x00,0x00,
0x00,0x00,0x00,0x00,0x00,0x00,0x00,0x00,0x00,0x00,0x00,0x00,0x00,0x00,0x00,0x00,0x00,0x00,0x00,0x00,
0x00,0x00,0x00,0x00,0x00,0x00,0x00,0x00,0x00,0x00,0x00,0x00,0x00,0x00,0x00,0x00,0x00,0x00,0x00,0x00,
0x00,0x00,0x00,0x00,0x00,0x00,0x00,0x00,0x00,0x00,0x00,0x00,0x00,0x00,0x00,0x00,0x00,0x00,0x00,0x00,
0x00,0x00,0x00,0x00,0x00,0x00,0x00,0x00,0x00,0x00,0x00,0x00,0x00,0x00,0x00,0x00,0x00,0x00,0x00,0x00,
0x00,0x00,0x00,0x00,0x00,0x00,0x00,0x00,0x00,0x00,0x00,0x00,0x00,0x00,0x00,0x00,0x00,0x00,0x00,0x00,
0x00,0x00,0x00,0x00,0x00,0x00,0x00,0x00,0x00,0x00,0x00,0x00,0x00,0x00,0x00,0x00,0x00,0x00,0x00,0x00,
0x00,0x00,0x00,0x00,0x00,0x00,0x00,0x00,0x00,0x00,0x00,0x00,0x00,0x00,0x00,0x00,0x00,0x00,0x00,0x00,
0x00,0x00,0x00,0x00,0x00,0x00,0x00,0x00,0x00,0x00,0x00,0x00,0x00,0x00,0x00,0x00,0x00,0x00,0x00,0x00,
0x00,0x00,0x00,0x00,0x00,0x00,0x00,0x00,0x00,0x00,0x00,0x00,0x00,0x00,0x00,0x00,0x00,0x00,0x00,0x00,
0x00,0x00,0x00,0x00,0x00,0x00,0x00,0x00,0x00,0x00,0x00,0x00,0x00,0x00,0x00,0x00,0x00,0x00,0x00,0x00,
0x00,0x00,0x00,0x00,0x00,0x00,0x00,0x00,0x00,0x00,0x00,0x00,0x00,0x00,0x00,0x00,0x00,0x00,0x00,0x00,
0x00,0x00,0x00,0x00,0x00,0x00,0x00,0x00,0x00,0x00,0x00,0x00,0x00,0x00,0x00,0x00,0x00,0x00,0x00,0x00,
0x00,0x00,0x00,0x00,0x00,0x00,0x00,0x00,0x00,0x00,0x00,0x00,0x00,0x00,0x00,0x00,0x00,0x00,0x00,0x00,
0x00,0x00,0x00,0x00,0x00,0x00,0x00,0x00,0x00,0x00,0x00,0x00,0x00,0x00,0x00,0x00,0x00,0x00,0x00,0x00,
0x00,0x00,0x00,0x00,0x00,0x00,0x00,0x00,0x00,0x00,0x00,0x00,0x00,0x00,0x00,0x00,0x00,0x00,0x00,0x00,
0x00,0x00,0x00,0x00,0x00,0x00,0x00,0x00,0x00,0x00,0x00,0x00,0x00,0x00,0x00,0x00,0x00,0x00,0x00,0x00,
0x00,0x00,0x00,0x00,0x00,0x00,0x00,0x00,0x00,0x00,0x00,0x00,0x00,0x00,0x00,0x00,0x00,0x00,0x00,0x00,
0x00,0x00,0x00,0x00,0x00,0x00,0x00,0x00,0x00,0x00,0x00,0x00,0x00,0x00,0x00,0x00,0x00,0x00,0x00,0x00,
0x00,0x00,0x00,0x00,0x00,0x00,0x00,0x00,0x00,0x00,0x00,0x00,0x00,0x00,0x00,0x00,0x00,0x00,0x00,0x00,
0x00,0x00,0x00,0x00,0x00,0x00,0x00,0x00,0x00,0x00,0x00,0x00,0x00,0x00,0x00,0x00,0x00,0x00,0x00,0x00,
0x00,0x00,0x00,0x00,0x00,0x00,0x00,0x00,0x00,0x00,0x00,0x00,0x00,0x00,0x00,0x00,0x00,0x00,0x00,0x00,
0x00,0x00,0x00,0x00,0x00,0x00,0x00,0x00,0x00,0x00,0x00,0x00,0x00,0x00,0x00,0x00,0x00,0x00,0x00,0x00,
0x00,0x00,0x00,0x00,0x00,0x00,0x00,0x00,0x00,0x00,0x00,0x00,0x00,0x00,0x00,0x00,0x00,0x00,0x00,0x00,
0x00,0x00,0x00,0x00,0x00,0x00,0x00,0x00,0x00,0x00,0x00,0x00,0x00,0x00,0x00,0x00,0x00,0x00,0x00,0x00,
0x00,0x00,0x00,0x00,0x00,0x00,0x00,0x00,0x00,0x00,0x00,0x00,0x00,0x00,0x00,0x00,0x00,0x00,0x00,0x00,
0x00,0x00,0x00,0x00,0x00,0x00,0x00,0x00,0x00,0x00,0x00,0x00,0x00,0x00,0x00,0x00,0x00,0x00,0x00,0x00,
0x00,0x00,0x00,0x00,0x00,0x00,0x00,0x00,0x00,0x00,0x00,0x00,0x00,0x00,0x00,0x00,0x00,0x00,0x00,0x00,
0x00,0x00,0x00,0x00,0x00,0x00,0x00,0x00,0x00,0x00,0x00,0x00,0x00,0x00,0x00,0x00,0x00,0x00,0x00,0x00,
0x00,0x00,0x00,0x00,0x00,0x00,0x00,0x00,0x00,0x00,0x00,0x00,0x00,0x00,0x00,0x00,0x00,0x00,0x00,0x00,
0x00,0x00,0x00,0x00,0x00,0x00,0x00,0x00,0x00,0x00,0x00,0x00,0x00,0x00,0x00,0x00,0x00,0x00,0x00,0x00,
0x00,0x60,0x00,0x00,0x14,0x00,0x00,0x00,0x10,0xA0,0x80,0xA0,0x90,0xA0,0xA0,0xA0,0xB0,0xA0,0x00,0x00,
0x00,0x70,0x00,0x00,0x98,0x00,0x00,0x00,0xA0,0xA6,0xA8,0xA6,0xB0,0xA6,0xB8,0xA6,0xC0,0xA6,0xC8,0xA6,
0xD0,0xA6,0xD8,0xA6,0xE0,0xA6,0xE8,0xA6,0xF0,0xA6,0xF8,0xA6,0x00,0xA7,0x08,0xA7,0x10,0xA7,0x18,0xA7,
0x20,0xA7,0x28,0xA7,0x30,0xA7,0x38,0xA7,0x40,0xA7,0x48,0xA7,0x50,0xA7,0x58,0xA7,0x60,0xA7,0xC0,0xA7,
0xC8,0xA7,0xD0,0xA7,0xD8,0xA7,0xE0,0xA7,0xE8,0xA7,0xF0,0xA7,0xF8,0xA7,0x00,0xA8,0x08,0xA8,0x10,0xA8,
0x18,0xA8,0x20,0xA8,0x28,0xA8,0x30,0xA8,0x38,0xA8,0xA0,0xA8,0xA8,0xA8,0xB0,0xA8,0xB8,0xA8,0xC8,0xA8,
0x90,0xAB,0xA0,0xAB,0xB0,0xAB,0xC0,0xAB,0xD0,0xAB,0xE0,0xAB,0xF0,0xAB,0x00,0xAC,0x10,0xAC,0x20,0xAC,
0x30,0xAC,0x40,0xAC,0x50,0xAC,0x60,0xAC,0x70,0xAC,0x80,0xAC,0x90,0xAC,0xA0,0xAC,0xB0,0xAC,0xC0,0xAC,
0xD0,0xAC,0xE0,0xAC,0xF0,0xAC,0x00,0xAD,0x10,0xAD,0x20,0xAD,0x00,0x80,0x00,0x00,0x10,0x00,0x00,0x00,
0xD8,0xA7,0x20,0xA8,0x28,0xA8,0x00,0x00,0x00,0x00,0x00,0x00,0x00,0x00,0x00,0x00,0x00,0x00,0x00,0x00,
0x00,0x00,0x00,0x00,0x00,0x00,0x00,0x00,0x00,0x00,0x00,0x00,0x00,0x00,0x00,0x00,0x00,0x00,0x00,0x00,
0x00,0x00,0x00,0x00,0x00,0x00,0x00,0x00,0x00,0x00,0x00,0x00,0x00,0x00,0x00,0x00,0x00,0x00,0x00,0x00,
0x00,0x00,0x00,0x00,0x00,0x00,0x00,0x00,0x00,0x00,0x00,0x00,0x00,0x00,0x00,0x00,0x00,0x00,0x00,0x00,
0x00,0x00,0x00,0x00,0x00,0x00,0x00,0x00,0x00,0x00,0x00,0x00,0x00,0x00,0x00,0x00,0x00,0x00,0x00,0x00,
0x00,0x00,0x00,0x00,0x00,0x00,0x00,0x00,0x00,0x00,0x00,0x00,0x00,0x00,0x00,0x00,0x00,0x00,0x00,0x00,
0x00,0x00,0x00,0x00,0x00,0x00,0x00,0x00,0x00,0x00,0x00,0x00,0x00,0x00,0x00,0x00,0x00,0x00,0x00,0x00,
0x00,0x00,0x00,0x00,0x00,0x00,0x00,0x00,0x00,0x00,0x00,0x00,0x00,0x00,0x00,0x00,0x00,0x00,0x00,0x00,
0x00,0x00,0x00,0x00,0x00,0x00,0x00,0x00,0x00,0x00,0x00,0x00,0x00,0x00,0x00,0x00,0x00,0x00,0x00,0x00,
0x00,0x00,0x00,0x00,0x00,0x00,0x00,0x00,0x00,0x00,0x00,0x00,0x00,0x00,0x00,0x00,0x00,0x00,0x00,0x00,
0x00,0x00,0x00,0x00,0x00,0x00,0x00,0x00,0x00,0x00,0x00,0x00,0x00,0x00,0x00,0x00,0x00,0x00,0x00,0x00,
0x00,0x00,0x00,0x00,0x00,0x00,0x00,0x00,0x00,0x00,0x00,0x00,0x00,0x00,0x00,0x00,0x00,0x00,0x00,0x00,
0x00,0x00,0x00,0x00,0x00,0x00,0x00,0x00,0x00,0x00,0x00,0x00,0x00,0x00,0x00,0x00,0x00,0x00,0x00,0x00,
0x00,0x00,0x00,0x00,0x00,0x00,0x00,0x00,0x00,0x00,0x00,0x00,0x00,0x00,0x00,0x00,0x00,0x00,0x00,0x00,
0x00,0x00,0x00,0x00,0x00,0x00,0x00,0x00,0x00,0x00,0x00,0x00,0x00,0x00,0x00,0x00,0x00,0x00,0x00,0x00,
0x00,0x00,0x00,0x00,0x00,0x00,0x00,0x00,0x00,0x00,0x00,0x00,0x00,0x00,0x00,0x00,0x00,0x00,0x00,0x00,
0x00,0x00,0x00,0x00,0x00,0x00,0x00,0x00,0x00,0x00,0x00,0x00,0x2C,0x00,0x00,0x00,0x02,0x00,0x00,0x00,
0x00,0x00,0x08,0x00,0x00,0x00,0x00,0x00,0xB0,0x4B,0x00,0x40,0x01,0x00,0x00,0x00,0x32,0x00,0x00,0x00,
0x00,0x00,0x00,0x00,0x00,0x00,0x00,0x00,0x00,0x00,0x00,0x00,0x00,0x00,0x00,0x00,0x00,0x00,0x00,0x00,
0x1C,0x00,0x00,0x00,0x02,0x00,0x28,0x00,0x00,0x00,0x08,0x00,0x00,0x00,0x00,0x00,0x00,0x00,0x00,0x00,
0x00,0x00,0x00,0x00,0x00,0x00,0x00,0x00,0x00,0x00,0x00,0x00,0x00,0x00,0x00,0x00,0x00,0x00,0x00,0x00,
0x00,0x00,0x00,0x00,0x00,0x00,0x00,0x00,0x00,0x00,0x00,0x00,0x00,0x00,0x00,0x00,0x00,0x00,0x00,0x00,
0x00,0x00,0x00,0x00,0x00,0x00,0x00,0x00,0x00,0x00,0x00,0x00,0x00,0x00,0x00,0x00,0x00,0x00,0x00,0x00,
0x00,0x00,0x00,0x00,0x00,0x00,0x00,0x00,0x00,0x00,0x00,0x00,0x00,0x00,0x00,0x00,0x00,0x00,0x00,0x00,
0x00,0x00,0x00,0x00,0x00,0x00,0x00,0x00,0x00,0x00,0x00,0x00,0x00,0x00,0x00,0x00,0x00,0x00,0x00,0x00,
0x00,0x00,0x00,0x00,0x00,0x00,0x00,0x00,0x00,0x00,0x00,0x00,0x00,0x00,0x00,0x00,0x00,0x00,0x00,0x00,
0x00,0x00,0x00,0x00,0x00,0x00,0x00,0x00,0x00,0x00,0x00,0x00,0x00,0x00,0x00,0x00,0x00,0x00,0x00,0x00,
0x00,0x00,0x00,0x00,0x00,0x00,0x00,0x00,0x00,0x00,0x00,0x00,0x00,0x00,0x00,0x00,0x00,0x00,0x00,0x00,
0x00,0x00,0x00,0x00,0x00,0x00,0x00,0x00,0x00,0x00,0x00,0x00,0x00,0x00,0x00,0x00,0x00,0x00,0x00,0x00,
0x00,0x00,0x00,0x00,0x00,0x00,0x00,0x00,0x00,0x00,0x00,0x00,0x00,0x00,0x00,0x00,0x00,0x00,0x00,0x00,
0x00,0x00,0x00,0x00,0x00,0x00,0x00,0x00,0x00,0x00,0x00,0x00,0x00,0x00,0x00,0x00,0x00,0x00,0x00,0x00,
0x00,0x00,0x00,0x00,0x00,0x00,0x00,0x00,0x00,0x00,0x00,0x00,0x00,0x00,0x00,0x00,0x00,0x00,0x00,0x00,
0x00,0x00,0x00,0x00,0x00,0x00,0x00,0x00,0x00,0x00,0x00,0x00,0x00,0x00,0x00,0x00,0x00,0x00,0x00,0x00,
0x00,0x00,0x00,0x00,0x00,0x00,0x00,0x00,0x00,0x00,0x00,0x00,0x00,0x00,0x00,0x00,0x00,0x00,0x00,0x00,
0x00,0x00,0x00,0x00,0x00,0x00,0x00,0x00,0x00,0x00,0x00,0x00,0x00,0x00,0x00,0x00,0x00,0x00,0x00,0x00,
0x00,0x00,0x00,0x00,0x00,0x00,0x00,0x00,0x00,0x00,0x00,0x00,0x00,0x00,0x00,0x00,0x00,0x00,0x00,0x00,
0x00,0x00,0x00,0x00,0x00,0x00,0x00,0x00,0x00,0x00,0x00,0x00,0x00,0x00,0x00,0x00,0x00,0x00,0x00,0x00,
0x00,0x00,0x00,0x00,0x00,0x00,0x00,0x00,0x00,0x00,0x00,0x00,0x00,0x00,0x00,0x00,0x00,0x00,0x00,0x00,
0x00,0x00,0x00,0x00,0x00,0x00,0x00,0x00,0x00,0x00,0x00,0x00,0x00,0x00,0x00,0x00,0x00,0x00,0x00,0x00,
0x00,0x00,0x00,0x00,0x00,0x00,0x00,0x00,0x00,0x00,0x00,0x00,0x00,0x00,0x00,0x00,0x00,0x00,0x00,0x00,
0x00,0x00,0x00,0x00,0x00,0x00,0x00,0x00,0x00,0x00,0x00,0x00,0x00,0x00,0x00,0x00,0x00,0x00,0x00,0x00,
0x00,0x00,0x00,0x00,0x00,0x00,0x00,0x00,0x00,0x00,0x00,0x00,0x00,0x00,0x00,0x00,0x00,0x00,0x00,0x00,
0x00,0x00,0x00,0x00,0x24,0x00,0x00,0x00,0x05,0x00,0x01,0x08,0x00,0x00,0x00,0x00,0x01,0x00,0x00,0x00,
0x00,0xB0,0x4B,0x00,0x40,0x01,0x00,0x00,0x00,0x32,0x00,0x00,0x00,0x00,0x25,0x00,0x00,0x00,0x7E,0x00,
0x00,0x00,0x01,0x80,0x18,0x12,0x00,0x00,0x05,0x00,0x01,0x08,0x14,0x00,0x00,0x00,0x07,0x47,0x4E,0x55,
0x20,0x43,0x32,0x33,0x20,0x31,0x36,0x2E,0x31,0x2E,0x30,0x20,0x2D,0x6D,0x61,0x72,0x63,0x68,0x3D,0x6E,
0x6F,0x63,0x6F,0x6E,0x61,0x20,0x2D,0x6D,0x73,0x61,0x68,0x66,0x20,0x2D,0x6D,0x74,0x75,0x6E,0x65,0x3D,
0x67,0x65,0x6E,0x65,0x72,0x69,0x63,0x20,0x2D,0x67,0x20,0x2D,0x67,0x20,0x2D,0x67,0x20,0x2D,0x4F,0x32,
0x20,0x2D,0x4F,0x32,0x20,0x2D,0x4F,0x32,0x20,0x2D,0x66,0x62,0x75,0x69,0x6C,0x64,0x69,0x6E,0x67,0x2D,
0x6C,0x69,0x62,0x67,0x63,0x63,0x20,0x2D,0x66,0x6E,0x6F,0x2D,0x73,0x74,0x61,0x63,0x6B,0x2D,0x70,0x72,
0x6F,0x74,0x65,0x63,0x74,0x6F,0x72,0x00,0x1D,0x03,0x47,0x16,0x03,0x00,0xD7,0x00,0x00,0x00,0x7E,0x00,
0x00,0x00,0x5C,0x00,0x00,0x00,0x02,0x01,0x06,0x63,0x68,0x61,0x72,0x00,0x02,0x08,0x07,0x6C,0x6F,0x6E,
0x67,0x20,0x6C,0x6F,0x6E,0x67,0x20,0x75,0x6E,0x73,0x69,0x67,0x6E,0x65,0x64,0x20,0x69,0x6E,0x74,0x00,
0x02,0x08,0x05,0x6C,0x6F,0x6E,0x67,0x20,0x6C,0x6F,0x6E,0x67,0x20,0x69,0x6E,0x74,0x00,0x02,0x02,0x07,
0x73,0x68,0x6F,0x72,0x74,0x20,0x75,0x6E,0x73,0x69,0x67,0x6E,0x65,0x64,0x20,0x69,0x6E,0x74,0x00,0x02,
0x04,0x05,0x69,0x6E,0x74,0x00,0x02,0x04,0x05,0x6C,0x6F,0x6E,0x67,0x20,0x69,0x6E,0x74,0x00,0x02,0x04,
0x07,0x75,0x6E,0x73,0x69,0x67,0x6E,0x65,0x64,0x20,0x69,0x6E,0x74,0x00,0x02,0x10,0x04,0x6C,0x6F,0x6E,
0x67,0x20,0x64,0x6F,0x75,0x62,0x6C,0x65,0x00,0x02,0x01,0x08,0x75,0x6E,0x73,0x69,0x67,0x6E,0x65,0x64,
0x20,0x63,0x68,0x61,0x72,0x00,0x02,0x08,0x04,0x64,0x6F,0x75,0x62,0x6C,0x65,0x00,0x02,0x04,0x04,0x66,
0x6C,0x6F,0x61,0x74,0x00,0x08,0x08,0x33,0x01,0x00,0x00,0x09,0x02,0x04,0x07,0x6C,0x6F,0x6E,0x67,0x20,
0x75,0x6E,0x73,0x69,0x67,0x6E,0x65,0x64,0x20,0x69,0x6E,0x74,0x00,0x02,0x02,0x05,0x73,0x68,0x6F,0x72,
0x74,0x20,0x69,0x6E,0x74,0x00,0x0A,0x69,0x78,0x38,0x36,0x5F,0x72,0x65,0x64,0x75,0x63,0x5F,0x75,0x6E,
0x72,0x6F,0x6C,0x6C,0x5F,0x66,0x61,0x63,0x74,0x6F,0x72,0x00,0x07,0x04,0xEA,0x00,0x00,0x00,0x01,0x6A,
0x06,0xC4,0x01,0x00,0x00,0x01,0x58,0x38,0x36,0x5F,0x52,0x45,0x44,0x55,0x43,0x5F,0x46,0x4D,0x41,0x00,
0x00,0x01,0x58,0x38,0x36,0x5F,0x52,0x45,0x44,0x55,0x43,0x5F,0x44,0x4F,0x54,0x5F,0x50,0x52,0x4F,0x44,
0x00,0x01,0x01,0x58,0x38,0x36,0x5F,0x52,0x45,0x44,0x55,0x43,0x5F,0x53,0x41,0x44,0x00,0x02,0x01,0x58,
0x38,0x36,0x5F,0x52,0x45,0x44,0x55,0x43,0x5F,0x4C,0x41,0x53,0x54,0x00,0x03,0x00,0x03,0x69,0x78,0x38,
0x36,0x5F,0x74,0x75,0x6E,0x65,0x5F,0x69,0x6E,0x64,0x69,0x63,0x65,0x73,0x00,0xEA,0x00,0x00,0x00,0x46,
0x01,0x61,0x10,0x00,0x00,0x01,0x58,0x38,0x36,0x5F,0x54,0x55,0x4E,0x45,0x5F,0x53,0x43,0x48,0x45,0x44,
0x55,0x4C,0x45,0x00,0x00,0x01,0x58,0x38,0x36,0x5F,0x54,0x55,0x4E,0x45,0x5F,0x50,0x41,0x52,0x54,0x49,
0x41,0x4C,0x5F,0x52,0x45,0x47,0x5F,0x44,0x45,0x50,0x45,0x4E,0x44,0x45,0x4E,0x43,0x59,0x00,0x01,0x01,
0x58,0x38,0x36,0x5F,0x54,0x55,0x4E,0x45,0x5F,0x53,0x53,0x45,0x5F,0x50,0x41,0x52,0x54,0x49,0x41,0x4C,
0x5F,0x52,0x45,0x47,0x5F,0x44,0x45,0x50,0x45,0x4E,0x44,0x45,0x4E,0x43,0x59,0x00,0x02,0x01,0x58,0x38,
0x36,0x5F,0x54,0x55,0x4E,0x45,0x5F,0x53,0x53,0x45,0x5F,0x50,0x41,0x52,0x54,0x49,0x41,0x4C,0x5F,0x52,
0x45,0x47,0x5F,0x46,0x50,0x5F,0x43,0x4F,0x4E,0x56,0x45,0x52,0x54,0x53,0x5F,0x44,0x45,0x50,0x45,0x4E,
0x44,0x45,0x4E,0x43,0x59,0x00,0x03,0x01,0x58,0x38,0x36,0x5F,0x54,0x55,0x4E,0x45,0x5F,0x53,0x53,0x45,
0x5F,0x50,0x41,0x52,0x54,0x49,0x41,0x4C,0x5F,0x52,0x45,0x47,0x5F,0x43,0x4F,0x4E,0x56,0x45,0x52,0x54,
0x53,0x5F,0x44,0x45,0x50,0x45,0x4E,0x44,0x45,0x4E,0x43,0x59,0x00,0x04,0x01,0x58,0x38,0x36,0x5F,0x54,
0x55,0x4E,0x45,0x5F,0x44,0x45,0x53,0x54,0x5F,0x46,0x41,0x4C,0x53,0x45,0x5F,0x44,0x45,0x50,0x5F,0x46,
0x4F,0x52,0x5F,0x47,0x4C,0x43,0x00,0x05,0x01,0x58,0x38,0x36,0x5F,0x54,0x55,0x4E,0x45,0x5F,0x53,0x53,
0x45,0x5F,0x53,0x50,0x4C,0x49,0x54,0x5F,0x52,0x45,0x47,0x53,0x00,0x06,0x01,0x58,0x38,0x36,0x5F,0x54,
0x55,0x4E,0x45,0x5F,0x50,0x41,0x52,0x54,0x49,0x41,0x4C,0x5F,0x46,0x4C,0x41,0x47,0x5F,0x52,0x45,0x47,
0x5F,0x53,0x54,0x41,0x4C,0x4C,0x00,0x07,0x01,0x58,0x38,0x36,0x5F,0x54,0x55,0x4E,0x45,0x5F,0x4D,0x4F,
0x56,0x58,0x00,0x08,0x01,0x58,0x38,0x36,0x5F,0x54,0x55,0x4E,0x45,0x5F,0x4D,0x45,0x4D,0x4F,0x52,0x59,
0x5F,0x4D,0x49,0x53,0x4D,0x41,0x54,0x43,0x48,0x5F,0x53,0x54,0x41,0x4C,0x4C,0x00,0x09,0x01,0x58,0x38,
0x36,0x5F,0x54,0x55,0x4E,0x45,0x5F,0x46,0x55,0x53,0x45,0x5F,0x43,0x4D,0x50,0x5F,0x41,0x4E,0x44,0x5F,
0x42,0x52,0x41,0x4E,0x43,0x48,0x5F,0x33,0x32,0x00,0x0A,0x01,0x58,0x38,0x36,0x5F,0x54,0x55,0x4E,0x45,
0x5F,0x46,0x55,0x53,0x45,0x5F,0x43,0x4D,0x50,0x5F,0x41,0x4E,0x44,0x5F,0x42,0x52,0x41,0x4E,0x43,0x48,
0x5F,0x36,0x34,0x00,0x0B,0x01,0x58,0x38,0x36,0x5F,0x54,0x55,0x4E,0x45,0x5F,0x46,0x55,0x53,0x45,0x5F,
0x43,0x4D,0x50,0x5F,0x41,0x4E,0x44,0x5F,0x42,0x52,0x41,0x4E,0x43,0x48,0x5F,0x53,0x4F,0x46,0x4C,0x41,
0x47,0x53,0x00,0x0C,0x01,0x58,0x38,0x36,0x5F,0x54,0x55,0x4E,0x45,0x5F,0x46,0x55,0x53,0x45,0x5F,0x41,
0x4C,0x55,0x5F,0x41,0x4E,0x44,0x5F,0x42,0x52,0x41,0x4E,0x43,0x48,0x00,0x0D,0x01,0x58,0x38,0x36,0x5F,
0x54,0x55,0x4E,0x45,0x5F,0x46,0x55,0x53,0x45,0x5F,0x4D,0x4F,0x56,0x5F,0x41,0x4E,0x44,0x5F,0x41,0x4C,
0x55,0x00,0x0E,0x01,0x58,0x38,0x36,0x5F,0x54,0x55,0x4E,0x45,0x5F,0x46,0x55,0x53,0x45,0x5F,0x41,0x4C,
0x55,0x5F,0x41,0x4E,0x44,0x5F,0x42,0x52,0x41,0x4E,0x43,0x48,0x5F,0x4D,0x45,0x4D,0x00,0x0F,0x01,0x58,
0x38,0x36,0x5F,0x54,0x55,0x4E,0x45,0x5F,0x46,0x55,0x53,0x45,0x5F,0x41,0x4C,0x55,0x5F,0x41,0x4E,0x44,
0x5F,0x42,0x52,0x41,0x4E,0x43,0x48,0x5F,0x4D,0x45,0x4D,0x5F,0x49,0x4D,0x4D,0x00,0x10,0x01,0x58,0x38,
0x36,0x5F,0x54,0x55,0x4E,0x45,0x5F,0x46,0x55,0x53,0x45,0x5F,0x41,0x4C,0x55,0x5F,0x41,0x4E,0x44,0x5F,
0x42,0x52,0x41,0x4E,0x43,0x48,0x5F,0x52,0x49,0x50,0x5F,0x52,0x45,0x4C,0x41,0x54,0x49,0x56,0x45,0x00,
0x11,0x01,0x58,0x38,0x36,0x5F,0x54,0x55,0x4E,0x45,0x5F,0x41,0x43,0x43,0x55,0x4D,0x55,0x4C,0x41,0x54,
0x45,0x5F,0x4F,0x55,0x54,0x47,0x4F,0x49,0x4E,0x47,0x5F,0x41,0x52,0x47,0x53,0x00,0x12,0x01,0x58,0x38,
0x36,0x5F,0x54,0x55,0x4E,0x45,0x5F,0x50,0x52,0x4F,0x4C,0x4F,0x47,0x55,0x45,0x5F,0x55,0x53,0x49,0x4E,
0x47,0x5F,0x4D,0x4F,0x56,0x45,0x00,0x13,0x01,0x58,0x38,0x36,0x5F,0x54,0x55,0x4E,0x45,0x5F,0x45,0x50,
0x49,0x4C,0x4F,0x47,0x55,0x45,0x5F,0x55,0x53,0x49,0x4E,0x47,0x5F,0x4D,0x4F,0x56,0x45,0x00,0x14,0x01,
0x58,0x38,0x36,0x5F,0x54,0x55,0x4E,0x45,0x5F,0x55,0x53,0x45,0x5F,0x4C,0x45,0x41,0x56,0x45,0x00,0x15,
0x01,0x58,0x38,0x36,0x5F,0x54,0x55,0x4E,0x45,0x5F,0x50,0x55,0x53,0x48,0x5F,0x4D,0x45,0x4D,0x4F,0x52,
0x59,0x00,0x16,0x01,0x58,0x38,0x36,0x5F,0x54,0x55,0x4E,0x45,0x5F,0x53,0x49,0x4E,0x47,0x4C,0x45,0x5F,
0x50,0x55,0x53,0x48,0x00,0x17,0x01,0x58,0x38,0x36,0x5F,0x54,0x55,0x4E,0x45,0x5F,0x44,0x4F,0x55,0x42,
0x4C,0x45,0x5F,0x50,0x55,0x53,0x48,0x00,0x18,0x01,0x58,0x38,0x36,0x5F,0x54,0x55,0x4E,0x45,0x5F,0x53,
0x49,0x4E,0x47,0x4C,0x45,0x5F,0x50,0x4F,0x50,0x00,0x19,0x01,0x58,0x38,0x36,0x5F,0x54,0x55,0x4E,0x45,
0x5F,0x44,0x4F,0x55,0x42,0x4C,0x45,0x5F,0x50,0x4F,0x50,0x00,0x1A,0x01,0x58,0x38,0x36,0x5F,0x54,0x55,
0x4E,0x45,0x5F,0x50,0x41,0x44,0x5F,0x53,0x48,0x4F,0x52,0x54,0x5F,0x46,0x55,0x4E,0x43,0x54,0x49,0x4F,
0x4E,0x00,0x1B,0x01,0x58,0x38,0x36,0x5F,0x54,0x55,0x4E,0x45,0x5F,0x50,0x41,0x44,0x5F,0x52,0x45,0x54,
0x55,0x52,0x4E,0x53,0x00,0x1C,0x01,0x58,0x38,0x36,0x5F,0x54,0x55,0x4E,0x45,0x5F,0x46,0x4F,0x55,0x52,
0x5F,0x4A,0x55,0x4D,0x50,0x5F,0x4C,0x49,0x4D,0x49,0x54,0x00,0x1D,0x01,0x58,0x38,0x36,0x5F,0x54,0x55,
0x4E,0x45,0x5F,0x41,0x4C,0x49,0x47,0x4E,0x5F,0x54,0x49,0x47,0x48,0x54,0x5F,0x4C,0x4F,0x4F,0x50,0x53,
0x00,0x1E,0x01,0x58,0x38,0x36,0x5F,0x54,0x55,0x4E,0x45,0x5F,0x53,0x4F,0x46,0x54,0x57,0x41,0x52,0x45,
0x5F,0x50,0x52,0x45,0x46,0x45,0x54,0x43,0x48,0x49,0x4E,0x47,0x5F,0x42,0x45,0x4E,0x45,0x46,0x49,0x43,
0x49,0x41,0x4C,0x00,0x1F,0x01,0x58,0x38,0x36,0x5F,0x54,0x55,0x4E,0x45,0x5F,0x4C,0x43,0x50,0x5F,0x53,
0x54,0x41,0x4C,0x4C,0x00,0x20,0x01,0x58,0x38,0x36,0x5F,0x54,0x55,0x4E,0x45,0x5F,0x52,0x45,0x41,0x44,
0x5F,0x4D,0x4F,0x44,0x49,0x46,0x59,0x00,0x21,0x01,0x58,0x38,0x36,0x5F,0x54,0x55,0x4E,0x45,0x5F,0x55,
0x53,0x45,0x5F,0x49,0x4E,0x43,0x44,0x45,0x43,0x00,0x22,0x01,0x58,0x38,0x36,0x5F,0x54,0x55,0x4E,0x45,
0x5F,0x49,0x4E,0x54,0x45,0x47,0x45,0x52,0x5F,0x44,0x46,0x4D,0x4F,0x44,0x45,0x5F,0x4D,0x4F,0x56,0x45,
0x53,0x00,0x23,0x01,0x58,0x38,0x36,0x5F,0x54,0x55,0x4E,0x45,0x5F,0x4F,0x50,0x54,0x5F,0x41,0x47,0x55,
0x00,0x24,0x01,0x58,0x38,0x36,0x5F,0x54,0x55,0x4E,0x45,0x5F,0x41,0x56,0x4F,0x49,0x44,0x5F,0x4C,0x45,
0x41,0x5F,0x46,0x4F,0x52,0x5F,0x41,0x44,0x44,0x52,0x00,0x25,0x01,0x58,0x38,0x36,0x5F,0x54,0x55,0x4E,
0x45,0x5F,0x53,0x4C,0x4F,0x57,0x5F,0x49,0x4D,0x55,0x4C,0x5F,0x49,0x4D,0x4D,0x33,0x32,0x5F,0x4D,0x45,
0x4D,0x00,0x26,0x01,0x58,0x38,0x36,0x5F,0x54,0x55,0x4E,0x45,0x5F,0x53,0x4C,0x4F,0x57,0x5F,0x49,0x4D,
0x55,0x4C,0x5F,0x49,0x4D,0x4D,0x38,0x00,0x27,0x01,0x58,0x38,0x36,0x5F,0x54,0x55,0x4E,0x45,0x5F,0x41,
0x56,0x4F,0x49,0x44,0x5F,0x4D,0x45,0x4D,0x5F,0x4F,0x50,0x4E,0x44,0x5F,0x46,0x4F,0x52,0x5F,0x43,0x4D,
0x4F,0x56,0x45,0x00,0x28,0x01,0x58,0x38,0x36,0x5F,0x54,0x55,0x4E,0x45,0x5F,0x53,0x49,0x4E,0x47,0x4C,
0x45,0x5F,0x53,0x54,0x52,0x49,0x4E,0x47,0x4F,0x50,0x00,0x29,0x01,0x58,0x38,0x36,0x5F,0x54,0x55,0x4E,
0x45,0x5F,0x50,0x52,0x45,0x46,0x45,0x52,0x5F,0x4B,0x4E,0x4F,0x57,0x4E,0x5F,0x52,0x45,0x50,0x5F,0x4D,
0x4F,0x56,0x53,0x42,0x5F,0x53,0x54,0x4F,0x53,0x42,0x00,0x2A,0x01,0x58,0x38,0x36,0x5F,0x54,0x55,0x4E,
0x45,0x5F,0x4D,0x49,0x53,0x41,0x4C,0x49,0x47,0x4E,0x45,0x44,0x5F,0x4D,0x4F,0x56,0x45,0x5F,0x53,0x54,
0x52,0x49,0x4E,0x47,0x5F,0x50,0x52,0x4F,0x5F,0x45,0x50,0x49,0x4C,0x4F,0x47,0x55,0x45,0x53,0x00,0x2B,
0x01,0x58,0x38,0x36,0x5F,0x54,0x55,0x4E,0x45,0x5F,0x55,0x53,0x45,0x5F,0x53,0x41,0x48,0x46,0x00,0x2C,
0x01,0x58,0x38,0x36,0x5F,0x54,0x55,0x4E,0x45,0x5F,0x55,0x53,0x45,0x5F,0x43,0x4C,0x54,0x44,0x00,0x2D,
0x01,0x58,0x38,0x36,0x5F,0x54,0x55,0x4E,0x45,0x5F,0x55,0x53,0x45,0x5F,0x42,0x54,0x00,0x2E,0x01,0x58,
0x38,0x36,0x5F,0x54,0x55,0x4E,0x45,0x5F,0x41,0x56,0x4F,0x49,0x44,0x5F,0x46,0x41,0x4C,0x53,0x45,0x5F,
0x44,0x45,0x50,0x5F,0x46,0x4F,0x52,0x5F,0x42,0x4D,0x49,0x00,0x2F,0x01,0x58,0x38,0x36,0x5F,0x54,0x55,
0x4E,0x45,0x5F,0x41,0x56,0x4F,0x49,0x44,0x5F,0x46,0x41,0x4C,0x53,0x45,0x5F,0x44,0x45,0x50,0x5F,0x46,
0x4F,0x52,0x5F,0x54,0x5A,0x43,0x4E,0x54,0x00,0x30,0x01,0x58,0x38,0x36,0x5F,0x54,0x55,0x4E,0x45,0x5F,
0x41,0x56,0x4F,0x49,0x44,0x5F,0x46,0x41,0x4C,0x53,0x45,0x5F,0x44,0x45,0x50,0x5F,0x46,0x4F,0x52,0x5F,
0x42,0x4C,0x53,0x00,0x31,0x01,0x58,0x38,0x36,0x5F,0x54,0x55,0x4E,0x45,0x5F,0x41,0x44,0x4A,0x55,0x53,
0x54,0x5F,0x55,0x4E,0x52,0x4F,0x4C,0x4C,0x00,0x32,0x01,0x58,0x38,0x36,0x5F,0x54,0x55,0x4E,0x45,0x5F,
0x4F,0x4E,0x45,0x5F,0x49,0x46,0x5F,0x43,0x4F,0x4E,0x56,0x5F,0x49,0x4E,0x53,0x4E,0x00,0x33,0x01,0x58,
0x38,0x36,0x5F,0x54,0x55,0x4E,0x45,0x5F,0x41,0x56,0x4F,0x49,0x44,0x5F,0x4D,0x46,0x45,0x4E,0x43,0x45,
0x00,0x34,0x01,0x58,0x38,0x36,0x5F,0x54,0x55,0x4E,0x45,0x5F,0x45,0x58,0x50,0x41,0x4E,0x44,0x5F,0x41,
0x42,0x53,0x00,0x35,0x01,0x58,0x38,0x36,0x5F,0x54,0x55,0x4E,0x45,0x5F,0x55,0x53,0x45,0x5F,0x48,0x49,
0x4D,0x4F,0x44,0x45,0x5F,0x46,0x49,0x4F,0x50,0x00,0x36,0x01,0x58,0x38,0x36,0x5F,0x54,0x55,0x4E,0x45,
0x5F,0x55,0x53,0x45,0x5F,0x53,0x49,0x4D,0x4F,0x44,0x45,0x5F,0x46,0x49,0x4F,0x50,0x00,0x37,0x01,0x58,
0x38,0x36,0x5F,0x54,0x55,0x4E,0x45,0x5F,0x55,0x53,0x45,0x5F,0x46,0x46,0x52,0x45,0x45,0x50,0x00,0x38,
0x01,0x58,0x38,0x36,0x5F,0x54,0x55,0x4E,0x45,0x5F,0x45,0x58,0x54,0x5F,0x38,0x30,0x33,0x38,0x37,0x5F,
0x43,0x4F,0x4E,0x53,0x54,0x41,0x4E,0x54,0x53,0x00,0x39,0x01,0x58,0x38,0x36,0x5F,0x54,0x55,0x4E,0x45,
0x5F,0x47,0x45,0x4E,0x45,0x52,0x41,0x4C,0x5F,0x52,0x45,0x47,0x53,0x5F,0x53,0x53,0x45,0x5F,0x53,0x50,
0x49,0x4C,0x4C,0x00,0x3A,0x01,0x58,0x38,0x36,0x5F,0x54,0x55,0x4E,0x45,0x5F,0x53,0x53,0x45,0x5F,0x55,
0x4E,0x41,0x4C,0x49,0x47,0x4E,0x45,0x44,0x5F,0x4C,0x4F,0x41,0x44,0x5F,0x4F,0x50,0x54,0x49,0x4D,0x41,
0x4C,0x00,0x3B,0x01,0x58,0x38,0x36,0x5F,0x54,0x55,0x4E,0x45,0x5F,0x53,0x53,0x45,0x5F,0x55,0x4E,0x41,
0x4C,0x49,0x47,0x4E,0x45,0x44,0x5F,0x53,0x54,0x4F,0x52,0x45,0x5F,0x4F,0x50,0x54,0x49,0x4D,0x41,0x4C,
0x00,0x3C,0x01,0x58,0x38,0x36,0x5F,0x54,0x55,0x4E,0x45,0x5F,0x53,0x53,0x45,0x5F,0x50,0x41,0x43,0x4B,
0x45,0x44,0x5F,0x53,0x49,0x4E,0x47,0x4C,0x45,0x5F,0x49,0x4E,0x53,0x4E,0x5F,0x4F,0x50,0x54,0x49,0x4D,
0x41,0x4C,0x00,0x3D,0x01,0x58,0x38,0x36,0x5F,0x54,0x55,0x4E,0x45,0x5F,0x53,0x53,0x45,0x5F,0x54,0x59,
0x50,0x45,0x4C,0x45,0x53,0x53,0x5F,0x53,0x54,0x4F,0x52,0x45,0x53,0x00,0x3E,0x01,0x58,0x38,0x36,0x5F,
0x54,0x55,0x4E,0x45,0x5F,0x53,0x53,0x45,0x5F,0x4C,0x4F,0x41,0x44,0x30,0x5F,0x42,0x59,0x5F,0x50,0x58,
0x4F,0x52,0x00,0x3F,0x01,0x58,0x38,0x36,0x5F,0x54,0x55,0x4E,0x45,0x5F,0x49,0x4E,0x54,0x45,0x52,0x5F,
0x55,0x4E,0x49,0x54,0x5F,0x4D,0x4F,0x56,0x45,0x53,0x5F,0x54,0x4F,0x5F,0x56,0x45,0x43,0x00,0x40,0x01,
0x58,0x38,0x36,0x5F,0x54,0x55,0x4E,0x45,0x5F,0x49,0x4E,0x54,0x45,0x52,0x5F,0x55,0x4E,0x49,0x54,0x5F,
0x4D,0x4F,0x56,0x45,0x53,0x5F,0x46,0x52,0x4F,0x4D,0x5F,0x56,0x45,0x43,0x00,0x41,0x01,0x58,0x38,0x36,
0x5F,0x54,0x55,0x4E,0x45,0x5F,0x49,0x4E,0x54,0x45,0x52,0x5F,0x55,0x4E,0x49,0x54,0x5F,0x43,0x4F,0x4E,
0x56,0x45,0x52,0x53,0x49,0x4F,0x4E,0x53,0x00,0x42,0x01,0x58,0x38,0x36,0x5F,0x54,0x55,0x4E,0x45,0x5F,
0x50,0x52,0x45,0x46,0x45,0x52,0x5F,0x42,0x43,0x53,0x54,0x5F,0x46,0x52,0x4F,0x4D,0x5F,0x49,0x4E,0x54,
0x45,0x47,0x45,0x52,0x00,0x43,0x01,0x58,0x38,0x36,0x5F,0x54,0x55,0x4E,0x45,0x5F,0x53,0x50,0x4C,0x49,
0x54,0x5F,0x4D,0x45,0x4D,0x5F,0x4F,0x50,0x4E,0x44,0x5F,0x46,0x4F,0x52,0x5F,0x46,0x50,0x5F,0x43,0x4F,
0x4E,0x56,0x45,0x52,0x54,0x53,0x00,0x44,0x01,0x58,0x38,0x36,0x5F,0x54,0x55,0x4E,0x45,0x5F,0x55,0x53,
0x45,0x5F,0x56,0x45,0x43,0x54,0x4F,0x52,0x5F,0x46,0x50,0x5F,0x43,0x4F,0x4E,0x56,0x45,0x52,0x54,0x53,
0x00,0x45,0x01,0x58,0x38,0x36,0x5F,0x54,0x55,0x4E,0x45,0x5F,0x55,0x53,0x45,0x5F,0x56,0x45,0x43,0x54,
0x4F,0x52,0x5F,0x43,0x4F,0x4E,0x56,0x45,0x52,0x54,0x53,0x00,0x46,0x01,0x58,0x38,0x36,0x5F,0x54,0x55,
0x4E,0x45,0x5F,0x53,0x4C,0x4F,0x57,0x5F,0x50,0x53,0x48,0x55,0x46,0x42,0x00,0x47,0x01,0x58,0x38,0x36,
0x5F,0x54,0x55,0x4E,0x45,0x5F,0x41,0x56,0x4F,0x49,0x44,0x5F,0x34,0x42,0x59,0x54,0x45,0x5F,0x50,0x52,
0x45,0x46,0x49,0x58,0x45,0x53,0x00,0x48,0x01,0x58,0x38,0x36,0x5F,0x54,0x55,0x4E,0x45,0x5F,0x55,0x53,
0x45,0x5F,0x47,0x41,0x54,0x48,0x45,0x52,0x5F,0x32,0x50,0x41,0x52,0x54,0x53,0x00,0x49,0x01,0x58,0x38,
0x36,0x5F,0x54,0x55,0x4E,0x45,0x5F,0x55,0x53,0x45,0x5F,0x53,0x43,0x41,0x54,0x54,0x45,0x52,0x5F,0x32,
0x50,0x41,0x52,0x54,0x53,0x00,0x4A,0x01,0x58,0x38,0x36,0x5F,0x54,0x55,0x4E,0x45,0x5F,0x55,0x53,0x45,
0x5F,0x47,0x41,0x54,0x48,0x45,0x52,0x5F,0x34,0x50,0x41,0x52,0x54,0x53,0x00,0x4B,0x01,0x58,0x38,0x36,
0x5F,0x54,0x55,0x4E,0x45,0x5F,0x55,0x53,0x45,0x5F,0x53,0x43,0x41,0x54,0x54,0x45,0x52,0x5F,0x34,0x50,
0x41,0x52,0x54,0x53,0x00,0x4C,0x01,0x58,0x38,0x36,0x5F,0x54,0x55,0x4E,0x45,0x5F,0x55,0x53,0x45,0x5F,
0x47,0x41,0x54,0x48,0x45,0x52,0x5F,0x38,0x50,0x41,0x52,0x54,0x53,0x00,0x4D,0x01,0x58,0x38,0x36,0x5F,
0x54,0x55,0x4E,0x45,0x5F,0x55,0x53,0x45,0x5F,0x53,0x43,0x41,0x54,0x54,0x45,0x52,0x5F,0x38,0x50,0x41,
0x52,0x54,0x53,0x00,0x4E,0x01,0x58,0x38,0x36,0x5F,0x54,0x55,0x4E,0x45,0x5F,0x41,0x56,0x4F,0x49,0x44,
0x5F,0x31,0x32,0x38,0x46,0x4D,0x41,0x5F,0x43,0x48,0x41,0x49,0x4E,0x53,0x00,0x4F,0x01,0x58,0x38,0x36,
0x5F,0x54,0x55,0x4E,0x45,0x5F,0x41,0x56,0x4F,0x49,0x44,0x5F,0x32,0x35,0x36,0x46,0x4D,0x41,0x5F,0x43,
0x48,0x41,0x49,0x4E,0x53,0x00,0x50,0x01,0x58,0x38,0x36,0x5F,0x54,0x55,0x4E,0x45,0x5F,0x41,0x56,0x4F,
0x49,0x44,0x5F,0x35,0x31,0x32,0x46,0x4D,0x41,0x5F,0x43,0x48,0x41,0x49,0x4E,0x53,0x00,0x51,0x01,0x58,
0x38,0x36,0x5F,0x54,0x55,0x4E,0x45,0x5F,0x56,0x32,0x44,0x46,0x5F,0x52,0x45,0x44,0x55,0x43,0x54,0x49,
0x4F,0x4E,0x5F,0x50,0x52,0x45,0x46,0x45,0x52,0x5F,0x48,0x41,0x44,0x44,0x50,0x44,0x00,0x52,0x01,0x58,
0x38,0x36,0x5F,0x54,0x55,0x4E,0x45,0x5F,0x53,0x53,0x45,0x5F,0x4D,0x4F,0x56,0x43,0x43,0x5F,0x55,0x53,
0x45,0x5F,0x42,0x4C,0x45,0x4E,0x44,0x56,0x00,0x53,0x01,0x58,0x38,0x36,0x5F,0x54,0x55,0x4E,0x45,0x5F,
0x53,0x53,0x45,0x5F,0x52,0x45,0x44,0x55,0x43,0x54,0x49,0x4F,0x4E,0x5F,0x50,0x52,0x45,0x46,0x45,0x52,
0x5F,0x50,0x53,0x48,0x55,0x46,0x00,0x54,0x01,0x58,0x38,0x36,0x5F,0x54,0x55,0x4E,0x45,0x5F,0x41,0x56,
0x58,0x32,0x35,0x36,0x5F,0x55,0x4E,0x41,0x4C,0x49,0x47,0x4E,0x45,0x44,0x5F,0x4C,0x4F,0x41,0x44,0x5F,
0x4F,0x50,0x54,0x49,0x4D,0x41,0x4C,0x00,0x55,0x01,0x58,0x38,0x36,0x5F,0x54,0x55,0x4E,0x45,0x5F,0x41,
0x56,0x58,0x32,0x35,0x36,0x5F,0x55,0x4E,0x41,0x4C,0x49,0x47,0x4E,0x45,0x44,0x5F,0x53,0x54,0x4F,0x52,
0x45,0x5F,0x4F,0x50,0x54,0x49,0x4D,0x41,0x4C,0x00,0x56,0x01,0x58,0x38,0x36,0x5F,0x54,0x55,0x4E,0x45,
0x5F,0x41,0x56,0x58,0x32,0x35,0x36,0x5F,0x53,0x50,0x4C,0x49,0x54,0x5F,0x52,0x45,0x47,0x53,0x00,0x57,
0x01,0x58,0x38,0x36,0x5F,0x54,0x55,0x4E,0x45,0x5F,0x41,0x56,0x58,0x31,0x32,0x38,0x5F,0x4F,0x50,0x54,
0x49,0x4D,0x41,0x4C,0x00,0x58,0x01,0x58,0x38,0x36,0x5F,0x54,0x55,0x4E,0x45,0x5F,0x41,0x56,0x58,0x32,
0x35,0x36,0x5F,0x4F,0x50,0x54,0x49,0x4D,0x41,0x4C,0x00,0x59,0x01,0x58,0x38,0x36,0x5F,0x54,0x55,0x4E,
0x45,0x5F,0x41,0x56,0x58,0x32,0x35,0x36,0x5F,0x41,0x56,0x4F,0x49,0x44,0x5F,0x56,0x45,0x43,0x5F,0x50,
0x45,0x52,0x4D,0x00,0x5A,0x01,0x58,0x38,0x36,0x5F,0x54,0x55,0x4E,0x45,0x5F,0x41,0x56,0x58,0x35,0x31,
0x32,0x5F,0x53,0x50,0x4C,0x49,0x54,0x5F,0x52,0x45,0x47,0x53,0x00,0x5B,0x01,0x58,0x38,0x36,0x5F,0x54,
0x55,0x4E,0x45,0x5F,0x41,0x56,0x58,0x32,0x35,0x36,0x5F,0x4D,0x4F,0x56,0x45,0x5F,0x42,0x59,0x5F,0x50,
0x49,0x45,0x43,0x45,0x53,0x00,0x5C,0x01,0x58,0x38,0x36,0x5F,0x54,0x55,0x4E,0x45,0x5F,0x41,0x56,0x58,
0x35,0x31,0x32,0x5F,0x4D,0x4F,0x56,0x45,0x5F,0x42,0x59,0x5F,0x50,0x49,0x45,0x43,0x45,0x53,0x00,0x5D,
0x01,0x58,0x38,0x36,0x5F,0x54,0x55,0x4E,0x45,0x5F,0x41,0x56,0x58,0x35,0x31,0x32,0x5F,0x54,0x57,0x4F,
0x5F,0x45,0x50,0x49,0x4C,0x4F,0x47,0x55,0x45,0x53,0x00,0x5E,0x01,0x58,0x38,0x36,0x5F,0x54,0x55,0x4E,
0x45,0x5F,0x41,0x56,0x58,0x35,0x31,0x32,0x5F,0x4D,0x41,0x53,0x4B,0x45,0x44,0x5F,0x45,0x50,0x49,0x4C,
0x4F,0x47,0x55,0x45,0x53,0x00,0x5F,0x01,0x58,0x38,0x36,0x5F,0x54,0x55,0x4E,0x45,0x5F,0x44,0x4F,0x55,
0x42,0x4C,0x45,0x5F,0x57,0x49,0x54,0x48,0x5F,0x41,0x44,0x44,0x00,0x60,0x01,0x58,0x38,0x36,0x5F,0x54,
0x55,0x4E,0x45,0x5F,0x41,0x4C,0x57,0x41,0x59,0x53,0x5F,0x46,0x41,0x4E,0x43,0x59,0x5F,0x4D,0x41,0x54,
0x48,0x5F,0x33,0x38,0x37,0x00,0x61,0x01,0x58,0x38,0x36,0x5F,0x54,0x55,0x4E,0x45,0x5F,0x55,0x4E,0x52,
0x4F,0x4C,0x4C,0x5F,0x53,0x54,0x52,0x4C,0x45,0x4E,0x00,0x62,0x01,0x58,0x38,0x36,0x5F,0x54,0x55,0x4E,
0x45,0x5F,0x53,0x48,0x49,0x46,0x54,0x31,0x00,0x63,0x01,0x58,0x38,0x36,0x5F,0x54,0x55,0x4E,0x45,0x5F,
0x5A,0x45,0x52,0x4F,0x5F,0x45,0x58,0x54,0x45,0x4E,0x44,0x5F,0x57,0x49,0x54,0x48,0x5F,0x41,0x4E,0x44,
0x00,0x64,0x01,0x58,0x38,0x36,0x5F,0x54,0x55,0x4E,0x45,0x5F,0x50,0x52,0x4F,0x4D,0x4F,0x54,0x45,0x5F,
0x48,0x49,0x4D,0x4F,0x44,0x45,0x5F,0x49,0x4D,0x55,0x4C,0x00,0x65,0x01,0x58,0x38,0x36,0x5F,0x54,0x55,
0x4E,0x45,0x5F,0x46,0x41,0x53,0x54,0x5F,0x50,0x52,0x45,0x46,0x49,0x58,0x00,0x66,0x01,0x58,0x38,0x36,
0x5F,0x54,0x55,0x4E,0x45,0x5F,0x52,0x45,0x41,0x44,0x5F,0x4D,0x4F,0x44,0x49,0x46,0x59,0x5F,0x57,0x52,
0x49,0x54,0x45,0x00,0x67,0x01,0x58,0x38,0x36,0x5F,0x54,0x55,0x4E,0x45,0x5F,0x4D,0x4F,0x56,0x45,0x5F,
0x4D,0x31,0x5F,0x56,0x49,0x41,0x5F,0x4F,0x52,0x00,0x68,0x01,0x58,0x38,0x36,0x5F,0x54,0x55,0x4E,0x45,
0x5F,0x4E,0x4F,0x54,0x5F,0x55,0x4E,0x50,0x41,0x49,0x52,0x41,0x42,0x4C,0x45,0x00,0x69,0x01,0x58,0x38,
0x36,0x5F,0x54,0x55,0x4E,0x45,0x5F,0x50,0x41,0x52,0x54,0x49,0x41,0x4C,0x5F,0x52,0x45,0x47,0x5F,0x53,
0x54,0x41,0x4C,0x4C,0x00,0x6A,0x01,0x58,0x38,0x36,0x5F,0x54,0x55,0x4E,0x45,0x5F,0x50,0x41,0x52,0x54,
0x49,0x41,0x4C,0x5F,0x4D,0x45,0x4D,0x4F,0x52,0x59,0x5F,0x52,0x45,0x41,0x44,0x5F,0x53,0x54,0x41,0x4C,
0x4C,0x00,0x6B,0x01,0x58,0x38,0x36,0x5F,0x54,0x55,0x4E,0x45,0x5F,0x50,0x52,0x4F,0x4D,0x4F,0x54,0x45,
0x5F,0x51,0x49,0x4D,0x4F,0x44,0x45,0x00,0x6C,0x01,0x58,0x38,0x36,0x5F,0x54,0x55,0x4E,0x45,0x5F,0x50,
0x52,0x4F,0x4D,0x4F,0x54,0x45,0x5F,0x48,0x49,0x5F,0x52,0x45,0x47,0x53,0x00,0x6D,0x01,0x58,0x38,0x36,
0x5F,0x54,0x55,0x4E,0x45,0x5F,0x48,0x49,0x4D,0x4F,0x44,0x45,0x5F,0x4D,0x41,0x54,0x48,0x00,0x6E,0x01,
0x58,0x38,0x36,0x5F,0x54,0x55,0x4E,0x45,0x5F,0x53,0x50,0x4C,0x49,0x54,0x5F,0x4C,0x4F,0x4E,0x47,0x5F,
0x4D,0x4F,0x56,0x45,0x53,0x00,0x6F,0x01,0x58,0x38,0x36,0x5F,0x54,0x55,0x4E,0x45,0x5F,0x55,0x53,0x45,
0x5F,0x58,0x43,0x48,0x47,0x42,0x00,0x70,0x01,0x58,0x38,0x36,0x5F,0x54,0x55,0x4E,0x45,0x5F,0x55,0x53,
0x45,0x5F,0x4D,0x4F,0x56,0x30,0x00,0x71,0x01,0x58,0x38,0x36,0x5F,0x54,0x55,0x4E,0x45,0x5F,0x4E,0x4F,
0x54,0x5F,0x56,0x45,0x43,0x54,0x4F,0x52,0x4D,0x4F,0x44,0x45,0x00,0x72,0x01,0x58,0x38,0x36,0x5F,0x54,
0x55,0x4E,0x45,0x5F,0x41,0x56,0x4F,0x49,0x44,0x5F,0x56,0x45,0x43,0x54,0x4F,0x52,0x5F,0x44,0x45,0x43,
0x4F,0x44,0x45,0x00,0x73,0x01,0x58,0x38,0x36,0x5F,0x54,0x55,0x4E,0x45,0x5F,0x42,0x52,0x41,0x4E,0x43,
0x48,0x5F,0x50,0x52,0x45,0x44,0x49,0x43,0x54,0x49,0x4F,0x4E,0x5F,0x48,0x49,0x4E,0x54,0x53,0x5F,0x54,
0x41,0x4B,0x45,0x4E,0x00,0x74,0x01,0x58,0x38,0x36,0x5F,0x54,0x55,0x4E,0x45,0x5F,0x42,0x52,0x41,0x4E,
0x43,0x48,0x5F,0x50,0x52,0x45,0x44,0x49,0x43,0x54,0x49,0x4F,0x4E,0x5F,0x48,0x49,0x4E,0x54,0x53,0x5F,
0x4E,0x4F,0x54,0x5F,0x54,0x41,0x4B,0x45,0x4E,0x00,0x75,0x01,0x58,0x38,0x36,0x5F,0x54,0x55,0x4E,0x45,
0x5F,0x51,0x49,0x4D,0x4F,0x44,0x45,0x5F,0x4D,0x41,0x54,0x48,0x00,0x76,0x01,0x58,0x38,0x36,0x5F,0x54,
0x55,0x4E,0x45,0x5F,0x50,0x52,0x4F,0x4D,0x4F,0x54,0x45,0x5F,0x51,0x49,0x5F,0x52,0x45,0x47,0x53,0x00,
0x77,0x01,0x58,0x38,0x36,0x5F,0x54,0x55,0x4E,0x45,0x5F,0x53,0x4C,0x4F,0x57,0x5F,0x53,0x54,0x43,0x00,
0x78,0x01,0x58,0x38,0x36,0x5F,0x54,0x55,0x4E,0x45,0x5F,0x55,0x53,0x45,0x5F,0x52,0x43,0x52,0x00,0x79,
0x01,0x58,0x38,0x36,0x5F,0x54,0x55,0x4E,0x45,0x5F,0x4C,0x41,0x53,0x54,0x00,0x7A,0x00,0x03,0x69,0x78,
0x38,0x36,0x5F,0x61,0x72,0x63,0x68,0x5F,0x69,0x6E,0x64,0x69,0x63,0x65,0x73,0x00,0xEA,0x00,0x00,0x00,
0x06,0x02,0xE8,0x10,0x00,0x00,0x01,0x58,0x38,0x36,0x5F,0x41,0x52,0x43,0x48,0x5F,0x43,0x4D,0x4F,0x56,
0x00,0x00,0x01,0x58,0x38,0x36,0x5F,0x41,0x52,0x43,0x48,0x5F,0x43,0x4D,0x50,0x58,0x43,0x48,0x47,0x00,
0x01,0x01,0x58,0x38,0x36,0x5F,0x41,0x52,0x43,0x48,0x5F,0x43,0x4D,0x50,0x58,0x43,0x48,0x47,0x38,0x42,
0x00,0x02,0x01,0x58,0x38,0x36,0x5F,0x41,0x52,0x43,0x48,0x5F,0x58,0x41,0x44,0x44,0x00,0x03,0x01,0x58,
0x38,0x36,0x5F,0x41,0x52,0x43,0x48,0x5F,0x42,0x53,0x57,0x41,0x50,0x00,0x04,0x01,0x58,0x38,0x36,0x5F,
0x41,0x52,0x43,0x48,0x5F,0x4C,0x41,0x53,0x54,0x00,0x05,0x00,0x02,0x01,0x02,0x5F,0x42,0x6F,0x6F,0x6C,
0x00,0x02,0x01,0x06,0x73,0x69,0x67,0x6E,0x65,0x64,0x20,0x63,0x68,0x61,0x72,0x00,0x02,0x10,0x05,0x5F,
0x5F,0x69,0x6E,0x74,0x31,0x32,0x38,0x00,0x02,0x10,0x07,0x5F,0x5F,0x69,0x6E,0x74,0x31,0x32,0x38,0x20,
0x75,0x6E,0x73,0x69,0x67,0x6E,0x65,0x64,0x00,0x02,0x02,0x04,0x5F,0x46,0x6C,0x6F,0x61,0x74,0x31,0x36,
0x00,0x02,0x04,0x03,0x63,0x6F,0x6D,0x70,0x6C,0x65,0x78,0x20,0x5F,0x46,0x6C,0x6F,0x61,0x74,0x31,0x36,
0x00,0x02,0x08,0x03,0x63,0x6F,0x6D,0x70,0x6C,0x65,0x78,0x20,0x66,0x6C,0x6F,0x61,0x74,0x00,0x02,0x10,
0x03,0x63,0x6F,0x6D,0x70,0x6C,0x65,0x78,0x20,0x64,0x6F,0x75,0x62,0x6C,0x65,0x00,0x02,0x20,0x03,0x63,
0x6F,0x6D,0x70,0x6C,0x65,0x78,0x20,0x6C,0x6F,0x6E,0x67,0x20,0x64,0x6F,0x75,0x62,0x6C,0x65,0x00,0x02,
0x10,0x04,0x5F,0x46,0x6C,0x6F,0x61,0x74,0x31,0x32,0x38,0x00,0x02,0x20,0x03,0x63,0x6F,0x6D,0x70,0x6C,
0x65,0x78,0x20,0x5F,0x46,0x6C,0x6F,0x61,0x74,0x31,0x32,0x38,0x00,0x0B,0x66,0x75,0x6E,0x63,0x5F,0x70,
0x74,0x72,0x00,0x02,0x2A,0x10,0x2D,0x01,0x00,0x00,0x04,0x9D,0x11,0x00,0x00,0xB9,0x11,0x00,0x00,0x0C,
0x00,0x05,0x5F,0x5F,0x43,0x54,0x4F,0x52,0x5F,0x4C,0x49,0x53,0x54,0x5F,0x5F,0x00,0x2F,0xAE,0x11,0x00,
0x00,0x05,0x5F,0x5F,0x44,0x54,0x4F,0x52,0x5F,0x4C,0x49,0x53,0x54,0x5F,0x5F,0x00,0x30,0xAE,0x11,0x00,
0x00,0x04,0x9D,0x11,0x00,0x00,0xF1,0x11,0x00,0x00,0x0D,0x96,0x00,0x00,0x00,0x01,0x00,0x06,0xB9,0x11,
0x00,0x00,0x6D,0x0C,0xE1,0x11,0x00,0x00,0x09,0x03,0xC0,0xC1,0x00,0x40,0x01,0x00,0x00,0x00,0x06,0xCD,
0x11,0x00,0x00,0x6E,0x0C,0xE1,0x11,0x00,0x00,0x09,0x03,0xB0,0xC1,0x00,0x40,0x01,0x00,0x00,0x00,0x00,
0x00,0x00,0x00,0x00,0x00,0x00,0x00,0x00,0x00,0x00,0x00,0x00,0x00,0x00,0x00,0x00,0x00,0x00,0x00,0x00,
0x00,0x00,0x00,0x00,0x00,0x00,0x00,0x00,0x00,0x00,0x00,0x00,0x00,0x00,0x00,0x00,0x00,0x00,0x00,0x00,
0x00,0x00,0x00,0x00,0x00,0x00,0x00,0x00,0x00,0x00,0x00,0x00,0x00,0x00,0x00,0x00,0x00,0x00,0x00,0x00,
0x00,0x00,0x00,0x00,0x00,0x00,0x00,0x00,0x00,0x00,0x00,0x00,0x00,0x00,0x00,0x00,0x00,0x00,0x00,0x00,
0x00,0x00,0x00,0x00,0x00,0x00,0x00,0x00,0x00,0x00,0x00,0x00,0x00,0x00,0x00,0x00,0x00,0x00,0x00,0x00,
0x00,0x00,0x00,0x00,0x00,0x00,0x00,0x00,0x00,0x00,0x00,0x00,0x00,0x00,0x00,0x00,0x00,0x00,0x00,0x00,
0x00,0x00,0x00,0x00,0x00,0x00,0x00,0x00,0x00,0x00,0x00,0x00,0x00,0x00,0x00,0x00,0x00,0x00,0x00,0x00,
0x00,0x00,0x00,0x00,0x00,0x00,0x00,0x00,0x00,0x00,0x00,0x00,0x00,0x00,0x00,0x00,0x00,0x00,0x00,0x00,
0x00,0x00,0x00,0x00,0x00,0x00,0x00,0x00,0x00,0x00,0x00,0x00,0x00,0x00,0x00,0x00,0x00,0x00,0x00,0x00,
0x00,0x00,0x00,0x00,0x00,0x00,0x00,0x00,0x00,0x00,0x00,0x00,0x00,0x00,0x00,0x00,0x00,0x00,0x00,0x00,
0x00,0x00,0x00,0x00,0x00,0x00,0x00,0x00,0x00,0x00,0x00,0x00,0x00,0x00,0x00,0x00,0x00,0x00,0x00,0x00,
0x00,0x00,0x00,0x00,0x00,0x00,0x00,0x00,0x00,0x00,0x00,0x00,0x00,0x00,0x00,0x00,0x00,0x00,0x00,0x00,
0x00,0x00,0x00,0x00,0x00,0x00,0x00,0x00,0x00,0x00,0x00,0x00,0x00,0x00,0x00,0x00,0x00,0x00,0x00,0x00,
0x00,0x00,0x00,0x00,0x00,0x00,0x00,0x00,0x00,0x00,0x00,0x00,0x00,0x00,0x00,0x00,0x00,0x00,0x00,0x00,
0x00,0x00,0x00,0x00,0x00,0x00,0x00,0x00,0x00,0x00,0x00,0x00,0x00,0x00,0x00,0x00,0x00,0x00,0x00,0x00,
0x00,0x00,0x00,0x00,0x00,0x00,0x00,0x00,0x00,0x00,0x00,0x00,0x00,0x00,0x00,0x00,0x00,0x00,0x00,0x00,
0x00,0x00,0x00,0x00,0x00,0x00,0x00,0x00,0x00,0x00,0x00,0x00,0x00,0x00,0x00,0x00,0x00,0x00,0x00,0x00,
0x00,0x00,0x00,0x00,0x00,0x00,0x00,0x00,0x00,0x00,0x00,0x00,0x00,0x00,0x00,0x00,0x00,0x00,0x00,0x00,
0x00,0x00,0x00,0x00,0x00,0x00,0x00,0x00,0x00,0x00,0x00,0x00,0x00,0x00,0x00,0x00,0x00,0x00,0x00,0x00,
0x00,0x00,0x00,0x00,0x00,0x00,0x00,0x00,0x00,0x00,0x00,0x00,0x00,0x00,0x00,0x00,0x00,0x00,0x00,0x00,
0x00,0x00,0x00,0x00,0x00,0x00,0x00,0x00,0x00,0x00,0x00,0x00,0x00,0x00,0x00,0x00,0x00,0x00,0x00,0x00,
0x00,0x00,0x00,0x00,0x00,0x00,0x00,0x00,0x00,0x00,0x00,0x00,0x00,0x00,0x00,0x00,0x00,0x00,0x00,0x00,
0x00,0x00,0x00,0x00,0x01,0x11,0x00,0x10,0x17,0x11,0x01,0x12,0x0F,0x03,0x0E,0x1B,0x0E,0x25,0x0E,0x13,
0x05,0x00,0x00,0x00,0x01,0x28,0x00,0x03,0x08,0x1C,0x0B,0x00,0x00,0x02,0x24,0x00,0x0B,0x0B,0x3E,0x0B,
0x03,0x08,0x00,0x00,0x03,0x04,0x01,0x03,0x08,0x3E,0x21,0x07,0x0B,0x21,0x04,0x49,0x13,0x3A,0x21,0x01,
0x3B,0x05,0x39,0x21,0x06,0x01,0x13,0x00,0x00,0x04,0x01,0x01,0x49,0x13,0x01,0x13,0x00,0x00,0x05,0x34,
0x00,0x03,0x08,0x3A,0x21,0x02,0x3B,0x0B,0x39,0x21,0x11,0x49,0x13,0x3F,0x19,0x3C,0x19,0x00,0x00,0x06,
0x34,0x00,0x47,0x13,0x3A,0x21,0x03,0x3B,0x05,0x39,0x21,0x0A,0x49,0x13,0x02,0x18,0x00,0x00,0x07,0x11,
0x01,0x25,0x08,0x13,0x0B,0x90,0x01,0x0B,0x91,0x01,0x06,0x03,0x1F,0x1B,0x1F,0x10,0x17,0x00,0x00,0x08,
0x0F,0x00,0x0B,0x0B,0x49,0x13,0x00,0x00,0x09,0x15,0x00,0x27,0x19,0x00,0x00,0x0A,0x04,0x01,0x03,0x08,
0x3E,0x0B,0x0B,0x0B,0x49,0x13,0x3A,0x0B,0x3B,0x0B,0x39,0x0B,0x01,0x13,0x00,0x00,0x0B,0x16,0x00,0x03,
0x08,0x3A,0x0B,0x3B,0x0B,0x39,0x0B,0x49,0x13,0x00,0x00,0x0C,0x21,0x00,0x00,0x00,0x0D,0x21,0x00,0x49,
0x13,0x2F,0x0B,0x00,0x00,0x00,0x00,0x00,0x00,0x00,0x00,0x00,0x00,0x00,0x00,0x00,0x00,0x00,0x00,0x00,
0x00,0x00,0x00,0x00,0x00,0x00,0x00,0x00,0x00,0x00,0x00,0x00,0x00,0x00,0x00,0x00,0x00,0x00,0x00,0x00,
0x00,0x00,0x00,0x00,0x00,0x00,0x00,0x00,0x00,0x00,0x00,0x00,0x00,0x00,0x00,0x00,0x00,0x00,0x00,0x00,
0x00,0x00,0x00,0x00,0x00,0x00,0x00,0x00,0x00,0x00,0x00,0x00,0x00,0x00,0x00,0x00,0x00,0x00,0x00,0x00,
0x00,0x00,0x00,0x00,0x00,0x00,0x00,0x00,0x00,0x00,0x00,0x00,0x00,0x00,0x00,0x00,0x00,0x00,0x00,0x00,
0x00,0x00,0x00,0x00,0x00,0x00,0x00,0x00,0x00,0x00,0x00,0x00,0x00,0x00,0x00,0x00,0x00,0x00,0x00,0x00,
0x00,0x00,0x00,0x00,0x00,0x00,0x00,0x00,0x00,0x00,0x00,0x00,0x00,0x00,0x00,0x00,0x00,0x00,0x00,0x00,
0x00,0x00,0x00,0x00,0x00,0x00,0x00,0x00,0x00,0x00,0x00,0x00,0x00,0x00,0x00,0x00,0x00,0x00,0x00,0x00,
0x00,0x00,0x00,0x00,0x00,0x00,0x00,0x00,0x00,0x00,0x00,0x00,0x00,0x00,0x00,0x00,0x00,0x00,0x00,0x00,
0x00,0x00,0x00,0x00,0x00,0x00,0x00,0x00,0x00,0x00,0x00,0x00,0x00,0x00,0x00,0x00,0x00,0x00,0x00,0x00,
0x00,0x00,0x00,0x00,0x00,0x00,0x00,0x00,0x00,0x00,0x00,0x00,0x00,0x00,0x00,0x00,0x00,0x00,0x00,0x00,
0x00,0x00,0x00,0x00,0x00,0x00,0x00,0x00,0x00,0x00,0x00,0x00,0x00,0x00,0x00,0x00,0x00,0x00,0x00,0x00,
0x00,0x00,0x00,0x00,0x00,0x00,0x00,0x00,0x00,0x00,0x00,0x00,0x00,0x00,0x00,0x00,0x00,0x00,0x00,0x00,
0x00,0x00,0x00,0x00,0x00,0x00,0x00,0x00,0x00,0x00,0x00,0x00,0x00,0x00,0x00,0x00,0x00,0x00,0x00,0x00,
0x00,0x00,0x00,0x00,0x00,0x00,0x00,0x00,0x00,0x00,0x00,0x00,0x00,0x00,0x00,0x00,0x00,0x00,0x00,0x00,
0x00,0x00,0x00,0x00,0x00,0x00,0x00,0x00,0x00,0x00,0x00,0x00,0x00,0x00,0x00,0x00,0x58,0x00,0x00,0x00,
0x05,0x00,0x08,0x00,0x2E,0x00,0x00,0x00,0x01,0x01,0x01,0xFB,0x0E,0x0D,0x00,0x01,0x01,0x01,0x01,0x00,
0x00,0x00,0x01,0x00,0x00,0x01,0x01,0x01,0x1F,0x02,0x00,0x00,0x00,0x00,0x59,0x00,0x00,0x00,0x02,0x01,
0x1F,0x02,0x0F,0x02,0x75,0x00,0x00,0x00,0x01,0x75,0x00,0x00,0x00,0x01,0x00,0x09,0x02,0xB0,0x4B,0x00,
0x40,0x01,0x00,0x00,0x00,0x03,0xF4,0x00,0x01,0x22,0x22,0x67,0x59,0x30,0x75,0x4B,0x67,0x67,0x30,0x3D,
0x4C,0x22,0x22,0x02,0x01,0x00,0x01,0x01,0x44,0x00,0x00,0x00,0x05,0x00,0x08,0x00,0x3C,0x00,0x00,0x00,
0x01,0x01,0x01,0xFB,0x0E,0x0D,0x00,0x01,0x01,0x01,0x01,0x00,0x00,0x00,0x01,0x00,0x00,0x01,0x01,0x01,
0x1F,0x03,0xF1,0x00,0x00,0x00,0x4A,0x01,0x00,0x00,0x5A,0x01,0x00,0x00,0x02,0x01,0x1F,0x02,0x0F,0x04,
0x7D,0x01,0x00,0x00,0x01,0x87,0x01,0x00,0x00,0x02,0x8E,0x01,0x00,0x00,0x01,0x9A,0x01,0x00,0x00,0x01,
0x00,0x00,0x00,0x00,0x00,0x00,0x00,0x00,0x00,0x00,0x00,0x00,0x00,0x00,0x00,0x00,0x00,0x00,0x00,0x00,
0x00,0x00,0x00,0x00,0x00,0x00,0x00,0x00,0x00,0x00,0x00,0x00,0x00,0x00,0x00,0x00,0x00,0x00,0x00,0x00,
0x00,0x00,0x00,0x00,0x00,0x00,0x00,0x00,0x00,0x00,0x00,0x00,0x00,0x00,0x00,0x00,0x00,0x00,0x00,0x00,
0x00,0x00,0x00,0x00,0x00,0x00,0x00,0x00,0x00,0x00,0x00,0x00,0x00,0x00,0x00,0x00,0x00,0x00,0x00,0x00,
0x00,0x00,0x00,0x00,0x00,0x00,0x00,0x00,0x00,0x00,0x00,0x00,0x00,0x00,0x00,0x00,0x00,0x00,0x00,0x00,
0x00,0x00,0x00,0x00,0x00,0x00,0x00,0x00,0x00,0x00,0x00,0x00,0x00,0x00,0x00,0x00,0x00,0x00,0x00,0x00,
0x00,0x00,0x00,0x00,0x00,0x00,0x00,0x00,0x00,0x00,0x00,0x00,0x00,0x00,0x00,0x00,0x00,0x00,0x00,0x00,
0x00,0x00,0x00,0x00,0x00,0x00,0x00,0x00,0x00,0x00,0x00,0x00,0x00,0x00,0x00,0x00,0x00,0x00,0x00,0x00,
0x00,0x00,0x00,0x00,0x00,0x00,0x00,0x00,0x00,0x00,0x00,0x00,0x00,0x00,0x00,0x00,0x00,0x00,0x00,0x00,
0x00,0x00,0x00,0x00,0x00,0x00,0x00,0x00,0x00,0x00,0x00,0x00,0x00,0x00,0x00,0x00,0x00,0x00,0x00,0x00,
0x00,0x00,0x00,0x00,0x00,0x00,0x00,0x00,0x00,0x00,0x00,0x00,0x00,0x00,0x00,0x00,0x00,0x00,0x00,0x00,
0x00,0x00,0x00,0x00,0x00,0x00,0x00,0x00,0x00,0x00,0x00,0x00,0x00,0x00,0x00,0x00,0x00,0x00,0x00,0x00,
0x00,0x00,0x00,0x00,0x00,0x00,0x00,0x00,0x00,0x00,0x00,0x00,0x00,0x00,0x00,0x00,0x00,0x00,0x00,0x00,
0x00,0x00,0x00,0x00,0x00,0x00,0x00,0x00,0x00,0x00,0x00,0x00,0x00,0x00,0x00,0x00,0x00,0x00,0x00,0x00,
0x00,0x00,0x00,0x00,0x00,0x00,0x00,0x00,0x00,0x00,0x00,0x00,0x00,0x00,0x00,0x00,0x00,0x00,0x00,0x00,
0x00,0x00,0x00,0x00,0x00,0x00,0x00,0x00,0x00,0x00,0x00,0x00,0x00,0x00,0x00,0x00,0x00,0x00,0x00,0x00,
0x00,0x00,0x00,0x00,0x00,0x00,0x00,0x00,0x00,0x00,0x00,0x00,0x00,0x00,0x00,0x00,0x00,0x00,0x00,0x00,
0x00,0x00,0x00,0x00,0x00,0x00,0x00,0x00,0x14,0x00,0x00,0x00,0xFF,0xFF,0xFF,0xFF,0x01,0x00,0x01,0x78,
0x20,0x0C,0x07,0x08,0xA0,0x01,0x00,0x00,0x00,0x00,0x00,0x00,0x2C,0x00,0x00,0x00,0x00,0x00,0x00,0x00,
0xB0,0x4B,0x00,0x40,0x01,0x00,0x00,0x00,0x32,0x00,0x00,0x00,0x00,0x00,0x00,0x00,0x41,0x0E,0x10,0x82,
0x02,0x41,0x0E,0x18,0x80,0x03,0x6E,0x0E,0x10,0xC0,0x41,0x0E,0x08,0xC2,0x00,0x00,0x00,0x00,0x00,0x00,
0x00,0x00,0x00,0x00,0x00,0x00,0x00,0x00,0x00,0x00,0x00,0x00,0x00,0x00,0x00,0x00,0x00,0x00,0x00,0x00,
0x00,0x00,0x00,0x00,0x00,0x00,0x00,0x00,0x00,0x00,0x00,0x00,0x00,0x00,0x00,0x00,0x00,0x00,0x00,0x00,
0x00,0x00,0x00,0x00,0x00,0x00,0x00,0x00,0x00,0x00,0x00,0x00,0x00,0x00,0x00,0x00,0x00,0x00,0x00,0x00,
0x00,0x00,0x00,0x00,0x00,0x00,0x00,0x00,0x00,0x00,0x00,0x00,0x00,0x00,0x00,0x00,0x00,0x00,0x00,0x00,
0x00,0x00,0x00,0x00,0x00,0x00,0x00,0x00,0x00,0x00,0x00,0x00,0x00,0x00,0x00,0x00,0x00,0x00,0x00,0x00,
0x00,0x00,0x00,0x00,0x00,0x00,0x00,0x00,0x00,0x00,0x00,0x00,0x00,0x00,0x00,0x00,0x00,0x00,0x00,0x00,
0x00,0x00,0x00,0x00,0x00,0x00,0x00,0x00,0x00,0x00,0x00,0x00,0x00,0x00,0x00,0x00,0x00,0x00,0x00,0x00,
0x00,0x00,0x00,0x00,0x00,0x00,0x00,0x00,0x00,0x00,0x00,0x00,0x00,0x00,0x00,0x00,0x00,0x00,0x00,0x00,
0x00,0x00,0x00,0x00,0x00,0x00,0x00,0x00,0x00,0x00,0x00,0x00,0x00,0x00,0x00,0x00,0x00,0x00,0x00,0x00,
0x00,0x00,0x00,0x00,0x00,0x00,0x00,0x00,0x00,0x00,0x00,0x00,0x00,0x00,0x00,0x00,0x00,0x00,0x00,0x00,
0x00,0x00,0x00,0x00,0x00,0x00,0x00,0x00,0x00,0x00,0x00,0x00,0x00,0x00,0x00,0x00,0x00,0x00,0x00,0x00,
0x00,0x00,0x00,0x00,0x00,0x00,0x00,0x00,0x00,0x00,0x00,0x00,0x00,0x00,0x00,0x00,0x00,0x00,0x00,0x00,
0x00,0x00,0x00,0x00,0x00,0x00,0x00,0x00,0x00,0x00,0x00,0x00,0x00,0x00,0x00,0x00,0x00,0x00,0x00,0x00,
0x00,0x00,0x00,0x00,0x00,0x00,0x00,0x00,0x00,0x00,0x00,0x00,0x00,0x00,0x00,0x00,0x00,0x00,0x00,0x00,
0x00,0x00,0x00,0x00,0x00,0x00,0x00,0x00,0x00,0x00,0x00,0x00,0x00,0x00,0x00,0x00,0x00,0x00,0x00,0x00,
0x00,0x00,0x00,0x00,0x00,0x00,0x00,0x00,0x00,0x00,0x00,0x00,0x00,0x00,0x00,0x00,0x00,0x00,0x00,0x00,
0x00,0x00,0x00,0x00,0x00,0x00,0x00,0x00,0x00,0x00,0x00,0x00,0x00,0x00,0x00,0x00,0x00,0x00,0x00,0x00,
0x00,0x00,0x00,0x00,0x00,0x00,0x00,0x00,0x00,0x00,0x00,0x00,0x00,0x00,0x00,0x00,0x00,0x00,0x00,0x00,
0x00,0x00,0x00,0x00,0x00,0x00,0x00,0x00,0x00,0x00,0x00,0x00,0x00,0x00,0x00,0x00,0x00,0x00,0x00,0x00,
0x00,0x00,0x00,0x00,0x00,0x00,0x00,0x00,0x00,0x00,0x00,0x00,0x00,0x00,0x00,0x00,0x00,0x00,0x00,0x00,
0x00,0x00,0x00,0x00,0x00,0x00,0x00,0x00,0x00,0x00,0x00,0x00,0x00,0x00,0x00,0x00,0x00,0x00,0x00,0x00,
0x00,0x00,0x00,0x00,0x00,0x00,0x00,0x00,0x00,0x00,0x00,0x00,0x00,0x00,0x00,0x00,0x00,0x00,0x00,0x00,
0x2E,0x2E,0x2F,0x2E,0x2E,0x2F,0x2E,0x2E,0x2F,0x6C,0x69,0x62,0x67,0x63,0x63,0x2F,0x63,0x6F,0x6E,0x66,
0x69,0x67,0x2F,0x69,0x33,0x38,0x36,0x2F,0x63,0x79,0x67,0x77,0x69,0x6E,0x2E,0x53,0x00,0x43,0x3A,0x5C,
0x50,0x72,0x6F,0x67,0x5C,0x77,0x69,0x6E,0x6C,0x69,0x62,0x73,0x5F,0x73,0x74,0x61,0x67,0x69,0x6E,0x67,
0x5F,0x6D,0x63,0x66,0x5F,0x75,0x63,0x72,0x74,0x5C,0x68,0x6F,0x6D,0x65,0x36,0x34,0x5C,0x67,0x63,0x63,
0x2D,0x31,0x36,0x2E,0x31,0x2E,0x30,0x5C,0x62,0x75,0x69,0x6C,0x64,0x5F,0x6D,0x69,0x6E,0x67,0x77,0x5C,
0x78,0x38,0x36,0x5F,0x36,0x34,0x2D,0x77,0x36,0x34,0x2D,0x6D,0x69,0x6E,0x67,0x77,0x33,0x32,0x5C,0x6C,
0x69,0x62,0x67,0x63,0x63,0x00,0x47,0x4E,0x55,0x20,0x41,0x53,0x20,0x32,0x2E,0x34,0x36,0x2E,0x30,0x00,
0x00,0x00,0x00,0x00,0x00,0x00,0x00,0x00,0x00,0x00,0x00,0x00,0x00,0x00,0x00,0x00,0x00,0x00,0x00,0x00,
0x00,0x00,0x00,0x00,0x00,0x00,0x00,0x00,0x00,0x00,0x00,0x00,0x00,0x00,0x00,0x00,0x00,0x00,0x00,0x00,
0x00,0x00,0x00,0x00,0x00,0x00,0x00,0x00,0x00,0x00,0x00,0x00,0x00,0x00,0x00,0x00,0x00,0x00,0x00,0x00,
0x00,0x00,0x00,0x00,0x00,0x00,0x00,0x00,0x00,0x00,0x00,0x00,0x00,0x00,0x00,0x00,0x00,0x00,0x00,0x00,
0x00,0x00,0x00,0x00,0x00,0x00,0x00,0x00,0x00,0x00,0x00,0x00,0x00,0x00,0x00,0x00,0x00,0x00,0x00,0x00,
0x00,0x00,0x00,0x00,0x00,0x00,0x00,0x00,0x00,0x00,0x00,0x00,0x00,0x00,0x00,0x00,0x00,0x00,0x00,0x00,
0x00,0x00,0x00,0x00,0x00,0x00,0x00,0x00,0x00,0x00,0x00,0x00,0x00,0x00,0x00,0x00,0x00,0x00,0x00,0x00,
0x00,0x00,0x00,0x00,0x00,0x00,0x00,0x00,0x00,0x00,0x00,0x00,0x00,0x00,0x00,0x00,0x00,0x00,0x00,0x00,
0x00,0x00,0x00,0x00,0x00,0x00,0x00,0x00,0x00,0x00,0x00,0x00,0x00,0x00,0x00,0x00,0x00,0x00,0x00,0x00,
0x00,0x00,0x00,0x00,0x00,0x00,0x00,0x00,0x00,0x00,0x00,0x00,0x00,0x00,0x00,0x00,0x00,0x00,0x00,0x00,
0x00,0x00,0x00,0x00,0x00,0x00,0x00,0x00,0x00,0x00,0x00,0x00,0x00,0x00,0x00,0x00,0x00,0x00,0x00,0x00,
0x00,0x00,0x00,0x00,0x00,0x00,0x00,0x00,0x00,0x00,0x00,0x00,0x00,0x00,0x00,0x00,0x00,0x00,0x00,0x00,
0x00,0x00,0x00,0x00,0x00,0x00,0x00,0x00,0x00,0x00,0x00,0x00,0x00,0x00,0x00,0x00,0x00,0x00,0x00,0x00,
0x00,0x00,0x00,0x00,0x00,0x00,0x00,0x00,0x00,0x00,0x00,0x00,0x00,0x00,0x00,0x00,0x00,0x00,0x00,0x00,
0x00,0x00,0x00,0x00,0x00,0x00,0x00,0x00,0x00,0x00,0x00,0x00,0x00,0x00,0x00,0x00,0x00,0x00,0x00,0x00,
0x00,0x00,0x00,0x00,0x00,0x00,0x00,0x00,0x00,0x00,0x00,0x00,0x00,0x00,0x00,0x00,0x00,0x00,0x00,0x00,
0x00,0x00,0x00,0x00,0x00,0x00,0x00,0x00,0x00,0x00,0x00,0x00,0x00,0x00,0x00,0x00,0x00,0x00,0x00,0x00,
0x00,0x00,0x00,0x00,0x00,0x00,0x00,0x00,0x00,0x00,0x00,0x00,0x00,0x00,0x00,0x00,0x00,0x00,0x00,0x00,
0x00,0x00,0x00,0x00,0x00,0x00,0x00,0x00,0x00,0x00,0x00,0x00,0x43,0x3A,0x5C,0x50,0x72,0x6F,0x67,0x5C,
0x77,0x69,0x6E,0x6C,0x69,0x62,0x73,0x5F,0x73,0x74,0x61,0x67,0x69,0x6E,0x67,0x5F,0x6D,0x63,0x66,0x5F,
0x75,0x63,0x72,0x74,0x5C,0x68,0x6F,0x6D,0x65,0x36,0x34,0x5C,0x67,0x63,0x63,0x2D,0x31,0x36,0x2E,0x31,
0x2E,0x30,0x5C,0x62,0x75,0x69,0x6C,0x64,0x5F,0x6D,0x69,0x6E,0x67,0x77,0x5C,0x78,0x38,0x36,0x5F,0x36,
0x34,0x2D,0x77,0x36,0x34,0x2D,0x6D,0x69,0x6E,0x67,0x77,0x33,0x32,0x5C,0x6C,0x69,0x62,0x67,0x63,0x63,
0x00,0x2E,0x2E,0x2F,0x2E,0x2E,0x2F,0x2E,0x2E,0x2F,0x6C,0x69,0x62,0x67,0x63,0x63,0x2F,0x63,0x6F,0x6E,
0x66,0x69,0x67,0x2F,0x69,0x33,0x38,0x36,0x00,0x63,0x79,0x67,0x77,0x69,0x6E,0x2E,0x53,0x00,0x43,0x3A,
0x5C,0x50,0x72,0x6F,0x67,0x5C,0x77,0x69,0x6E,0x6C,0x69,0x62,0x73,0x5F,0x73,0x74,0x61,0x67,0x69,0x6E,
0x67,0x5F,0x6D,0x63,0x66,0x5F,0x75,0x63,0x72,0x74,0x5C,0x68,0x6F,0x6D,0x65,0x36,0x34,0x5C,0x67,0x63,
0x63,0x2D,0x31,0x36,0x2E,0x31,0x2E,0x30,0x5C,0x62,0x75,0x69,0x6C,0x64,0x5F,0x6D,0x69,0x6E,0x67,0x77,
0x5C,0x78,0x38,0x36,0x5F,0x36,0x34,0x2D,0x77,0x36,0x34,0x2D,0x6D,0x69,0x6E,0x67,0x77,0x33,0x32,0x5C,
0x6C,0x69,0x62,0x67,0x63,0x63,0x00,0x2E,0x2E,0x2F,0x2E,0x2E,0x2F,0x2E,0x2E,0x2F,0x6C,0x69,0x62,0x67,
0x63,0x63,0x2F,0x6C,0x69,0x62,0x67,0x63,0x63,0x32,0x2E,0x63,0x00,0x43,0x3A,0x2F,0x50,0x72,0x6F,0x67,
0x2F,0x77,0x69,0x6E,0x6C,0x69,0x62,0x73,0x5F,0x73,0x74,0x61,0x67,0x69,0x6E,0x67,0x5F,0x6D,0x63,0x66,
0x5F,0x75,0x63,0x72,0x74,0x2F,0x68,0x6F,0x6D,0x65,0x36,0x34,0x2F,0x67,0x63,0x63,0x2D,0x31,0x36,0x2E,
0x31,0x2E,0x30,0x2F,0x62,0x75,0x69,0x6C,0x64,0x5F,0x6D,0x69,0x6E,0x67,0x77,0x2F,0x78,0x38,0x36,0x5F,
0x36,0x34,0x2D,0x77,0x36,0x34,0x2D,0x6D,0x69,0x6E,0x67,0x77,0x33,0x32,0x2F,0x6C,0x69,0x62,0x67,0x63,
0x63,0x00,0x2E,0x2E,0x2F,0x2E,0x2E,0x2F,0x2E,0x2E,0x2F,0x6C,0x69,0x62,0x67,0x63,0x63,0x00,0x2E,0x2E,
0x2F,0x2E,0x2E,0x2F,0x2E,0x2E,0x2F,0x6C,0x69,0x62,0x67,0x63,0x63,0x2F,0x2E,0x2E,0x2F,0x67,0x63,0x63,
0x2F,0x63,0x6F,0x6E,0x66,0x69,0x67,0x2F,0x69,0x33,0x38,0x36,0x00,0x6C,0x69,0x62,0x67,0x63,0x63,0x32,
0x2E,0x63,0x00,0x69,0x33,0x38,0x36,0x2E,0x68,0x00,0x67,0x62,0x6C,0x2D,0x63,0x74,0x6F,0x72,0x73,0x2E,
0x68,0x00,0x6C,0x69,0x62,0x67,0x63,0x63,0x32,0x2E,0x63,0x00,0x00,0x00,0x00,0x00,0x00,0x00,0x00,0x00,
0x00,0x00,0x00,0x00,0x00,0x00,0x00,0x00,0x00,0x00,0x00,0x00,0x00,0x00,0x00,0x00,0x00,0x00,0x00,0x00,
0x00,0x00,0x00,0x00,0x00,0x00,0x00,0x00,0x00,0x00,0x00,0x00,0x00,0x00,0x00,0x00,0x00,0x00,0x00,0x00,
0x00,0x00,0x00,0x00,0x00,0x00,0x00,0x00,0x00,0x00,0x00,0x00,0x00,0x00,0x00,0x00,0x00,0x00,0x00,0x00,
0x00,0x00,0x00,0x00,0x00,0x00,0x00,0x00,0x00,0x00,0x00,0x00,0x00,0x00,0x00,0x00,0x00,0x00,0x00,0x00,
0x00,0x00,0x00,0x00,0x2E,0x66,0x69,0x6C,0x65,0x00,0x00,0x00,0x51,0x00,0x00,0x00,0xFE,0xFF,0x00,0x00,
0x67,0x01,0x63,0x72,0x74,0x65,0x78,0x65,0x2E,0x63,0x00,0x00,0x00,0x00,0x00,0x00,0x00,0x00,0x00,0x00,
0x61,0x72,0x67,0x63,0x00,0x00,0x00,0x00,0x04,0x00,0x00,0x00,0x07,0x00,0x00,0x00,0x03,0x00,0x61,0x72,
0x67,0x76,0x00,0x00,0x00,0x00,0x08,0x00,0x00,0x00,0x07,0x00,0x00,0x00,0x03,0x00,0x65,0x6E,0x76,0x70,
0x00,0x00,0x00,0x00,0x10,0x00,0x00,0x00,0x07,0x00,0x00,0x00,0x03,0x00,0x00,0x00,0x00,0x00,0x6B,0x00,
0x00,0x00,0x18,0x00,0x00,0x00,0x07,0x00,0x00,0x00,0x03,0x00,0x00,0x00,0x00,0x00,0x76,0x00,0x00,0x00,
0x1C,0x00,0x00,0x00,0x07,0x00,0x00,0x00,0x03,0x00,0x00,0x00,0x00,0x00,0x80,0x00,0x00,0x00,0x00,0x00,
0x00,0x00,0x01,0x00,0x20,0x00,0x03,0x01,0x00,0x00,0x00,0x00,0x00,0x00,0x00,0x00,0x00,0x00,0x00,0x00,
0x09,0x00,0x00,0x00,0x00,0x00,0x00,0x00,0x00,0x00,0xA0,0x00,0x00,0x00,0x17,0x00,0x00,0x00,0x01,0x00,
0x20,0x00,0x03,0x01,0x00,0x00,0x00,0x00,0x00,0x00,0x00,0x00,0x00,0x00,0x00,0x00,0x0B,0x00,0x00,0x00,
0x00,0x00,0x00,0x00,0x00,0x00,0xAB,0x00,0x00,0x00,0x30,0x00,0x00,0x00,0x01,0x00,0x20,0x00,0x02,0x01,
0x00,0x00,0x00,0x00,0x00,0x00,0x00,0x00,0x00,0x00,0x00,0x00,0x11,0x00,0x00,0x00,0x00,0x00,0x00,0x00,
0x00,0x00,0xBD,0x00,0x00,0x00,0x3F,0x00,0x00,0x00,0x01,0x00,0x00,0x00,0x06,0x00,0x00,0x00,0x00,0x00,
0xC7,0x00,0x00,0x00,0x20,0x0C,0x00,0x00,0x03,0x00,0x00,0x00,0x03,0x01,0x08,0x00,0x00,0x00,0x01,0x00,
0x00,0x00,0x00,0x00,0x00,0x00,0x00,0x00,0x02,0x00,0x00,0x00,0x2E,0x6C,0x5F,0x65,0x6E,0x64,0x77,0x00,
0x55,0x00,0x00,0x00,0x01,0x00,0x00,0x00,0x06,0x00,0x00,0x00,0x00,0x00,0xE7,0x00,0x00,0x00,0x5F,0x00,
0x00,0x00,0x01,0x00,0x20,0x00,0x02,0x01,0x00,0x00,0x00,0x00,0x00,0x00,0x00,0x00,0x00,0x00,0x00,0x00,
0x15,0x00,0x00,0x00,0x00,0x00,0x2E,0x6C,0x5F,0x73,0x74,0x61,0x72,0x74,0x6E,0x00,0x00,0x00,0x01,0x00,
0x00,0x00,0x06,0x00,0x2E,0x6C,0x5F,0x65,0x6E,0x64,0x00,0x00,0x84,0x00,0x00,0x00,0x01,0x00,0x00,0x00,
0x06,0x00,0x00,0x00,0x00,0x00,0xF6,0x00,0x00,0x00,0x8E,0x00,0x00,0x00,0x01,0x00,0x20,0x00,0x03,0x01,
0x00,0x00,0x00,0x00,0x00,0x00,0x00,0x00,0x00,0x00,0x00,0x00,0x37,0x00,0x00,0x00,0x00,0x00,0x00,0x00,
0x00,0x00,0x08,0x01,0x00,0x00,0x70,0x0C,0x00,0x00,0x03,0x00,0x00,0x00,0x03,0x01,0x08,0x00,0x00,0x00,
0x01,0x00,0x00,0x00,0x00,0x00,0x00,0x00,0x00,0x00,0x02,0x00,0x00,0x00,0x00,0x00,0x00,0x00,0x2D,0x01,
0x00,0x00,0x80,0x0C,0x00,0x00,0x03,0x00,0x00,0x00,0x03,0x01,0x08,0x00,0x00,0x00,0x01,0x00,0x00,0x00,
0x00,0x00,0x00,0x00,0x00,0x00,0x02,0x00,0x00,0x00,0x00,0x00,0x00,0x00,0x53,0x01,0x00,0x00,0x00,0x0D,
0x00,0x00,0x03,0x00,0x00,0x00,0x03,0x01,0x08,0x00,0x00,0x00,0x01,0x00,0x00,0x00,0x00,0x00,0x00,0x00,
0x00,0x00,0x02,0x00,0x00,0x00,0x00,0x00,0x00,0x00,0x79,0x01,0x00,0x00,0x60,0x0C,0x00,0x00,0x03,0x00,
0x00,0x00,0x03,0x01,0x08,0x00,0x00,0x00,0x01,0x00,0x00,0x00,0x00,0x00,0x00,0x00,0x00,0x00,0x02,0x00,
0x00,0x00,0x00,0x00,0x00,0x00,0xA1,0x01,0x00,0x00,0xF0,0x0C,0x00,0x00,0x03,0x00,0x00,0x00,0x03,0x01,
0x08,0x00,0x00,0x00,0x01,0x00,0x00,0x00,0x00,0x00,0x00,0x00,0x00,0x00,0x02,0x00,0x00,0x00,0x00,0x00,
0x00,0x00,0xB7,0x01,0x00,0x00,0xD0,0x0C,0x00,0x00,0x03,0x00,0x00,0x00,0x03,0x01,0x08,0x00,0x00,0x00,
0x01,0x00,0x00,0x00,0x00,0x00,0x00,0x00,0x00,0x00,0x02,0x00,0x00,0x00,0x00,0x00,0x00,0x00,0xCF,0x01,
0x00,0x00,0xA0,0x0B,0x00,0x00,0x03,0x00,0x00,0x00,0x03,0x01,0x08,0x00,0x00,0x00,0x01,0x00,0x00,0x00,
0x00,0x00,0x00,0x00,0x00,0x00,0x02,0x00,0x00,0x00,0x00,0x00,0x00,0x00,0xFB,0x01,0x00,0x00,0x10,0x0D,
0x00,0x00,0x03,0x00,0x00,0x00,0x03,0x01,0x08,0x00,0x00,0x00,0x01,0x00,0x00,0x00,0x00,0x00,0x00,0x00,
0x00,0x00,0x02,0x00,0x00,0x00,0x00,0x00,0x00,0x00,0x13,0x02,0x00,0x00,0x00,0x0C,0x00,0x00,0x03,0x00,
0x00,0x00,0x03,0x01,0x08,0x00,0x00,0x00,0x01,0x00,0x00,0x00,0x00,0x00,0x00,0x00,0x00,0x00,0x02,0x00,
0x00,0x00,0x00,0x00,0x00,0x00,0x37,0x02,0x00,0x00,0xC0,0x0C,0x00,0x00,0x03,0x00,0x00,0x00,0x03,0x01,
0x08,0x00,0x00,0x00,0x01,0x00,0x00,0x00,0x00,0x00,0x00,0x00,0x00,0x00,0x02,0x00,0x00,0x00,0x00,0x00,
0x00,0x00,0x4D,0x02,0x00,0x00,0xB0,0x0C,0x00,0x00,0x03,0x00,0x00,0x00,0x03,0x01,0x08,0x00,0x00,0x00,
0x01,0x00,0x00,0x00,0x00,0x00,0x00,0x00,0x00,0x00,0x02,0x00,0x00,0x00,0x00,0x00,0x00,0x00,0x63,0x02,
0x00,0x00,0x20,0x0D,0x00,0x00,0x03,0x00,0x00,0x00,0x03,0x01,0x08,0x00,0x00,0x00,0x01,0x00,0x00,0x00,
0x00,0x00,0x00,0x00,0x00,0x00,0x02,0x00,0x00,0x00,0x00,0x00,0x00,0x00,0x7B,0x02,0x00,0x00,0xE0,0x0C,
0x00,0x00,0x03,0x00,0x00,0x00,0x03,0x01,0x08,0x00,0x00,0x00,0x01,0x00,0x00,0x00,0x00,0x00,0x00,0x00,
0x00,0x00,0x02,0x00,0x00,0x00,0x00,0x00,0x00,0x00,0x96,0x02,0x00,0x00,0xA0,0x0C,0x00,0x00,0x03,0x00,
0x00,0x00,0x03,0x01,0x08,0x00,0x00,0x00,0x01,0x00,0x00,0x00,0x00,0x00,0x00,0x00,0x00,0x00,0x02,0x00,
0x00,0x00,0x00,0x00,0x00,0x00,0xAC,0x02,0x00,0x00,0x90,0x0C,0x00,0x00,0x03,0x00,0x00,0x00,0x03,0x01,
0x08,0x00,0x00,0x00,0x01,0x00,0x00,0x00,0x00,0x00,0x00,0x00,0x00,0x00,0x02,0x00,0x00,0x00,0x00,0x00,
0x00,0x00,0xC2,0x02,0x00,0x00,0xF0,0x0B,0x00,0x00,0x03,0x00,0x00,0x00,0x03,0x01,0x08,0x00,0x00,0x00,
0x01,0x00,0x00,0x00,0x00,0x00,0x00,0x00,0x00,0x00,0x02,0x00,0x00,0x00,0x00,0x00,0x00,0x00,0xE9,0x02,
0x00,0x00,0xEC,0x03,0x00,0x00,0x01,0x00,0x20,0x00,0x03,0x01,0x00,0x00,0x00,0x00,0x00,0x00,0x00,0x00,
0x00,0x00,0x00,0x00,0x41,0x00,0x00,0x00,0x00,0x00,0x00,0x00,0x00,0x00,0xFB,0x02,0x00,0x00,0x30,0x0C,
0x00,0x00,0x03,0x00,0x00,0x00,0x03,0x01,0x08,0x00,0x00,0x00,0x01,0x00,0x00,0x00,0x00,0x00,0x00,0x00,
0x00,0x00,0x02,0x00,0x00,0x00,0x00,0x00,0x00,0x00,0x24,0x03,0x00,0x00,0x40,0x0C,0x00,0x00,0x03,0x00,
0x00,0x00,0x03,0x01,0x08,0x00,0x00,0x00,0x01,0x00,0x00,0x00,0x00,0x00,0x00,0x00,0x00,0x00,0x02,0x00,
0x00,0x00,0x00,0x00,0x00,0x00,0x4C,0x03,0x00,0x00,0x50,0x0C,0x00,0x00,0x03,0x00,0x00,0x00,0x03,0x01,
0x08,0x00,0x00,0x00,0x01,0x00,0x00,0x00,0x00,0x00,0x00,0x00,0x00,0x00,0x02,0x00,0x00,0x00,0x00,0x00,
0x00,0x00,0x74,0x03,0x00,0x00,0xC0,0x0B,0x00,0x00,0x03,0x00,0x00,0x00,0x03,0x01,0x08,0x00,0x00,0x00,
0x01,0x00,0x00,0x00,0x00,0x00,0x00,0x00,0x00,0x00,0x02,0x00,0x00,0x00,0x00,0x00,0x00,0x00,0x8F,0x03,
0x00,0x00,0xF0,0x04,0x00,0x00,0x01,0x00,0x20,0x00,0x03,0x01,0x00,0x00,0x00,0x00,0x00,0x00,0x00,0x00,
0x00,0x00,0x00,0x00,0x43,0x00,0x00,0x00,0x00,0x00,0x61,0x74,0x65,0x78,0x69,0x74,0x00,0x00,0x2F,0x06,
0x00,0x00,0x01,0x00,0x20,0x00,0x02,0x01,0x00,0x00,0x00,0x00,0x00,0x00,0x00,0x00,0x00,0x00,0x00,0x00,
0x00,0x00,0x00,0x00,0x00,0x00,0x2E,0x74,0x65,0x78,0x74,0x00,0x00,0x00,0x00,0x00,0x00,0x00,0x01,0x00,
0x00,0x00,0x03,0x01,0x4D,0x06,0x00,0x00,0x4B,0x00,0x00,0x00,0x00,0x00,0x00,0x00,0x00,0x00,0x00,0x00,
0x00,0x00,0x2E,0x64,0x61,0x74,0x61,0x00,0x00,0x00,0x00,0x00,0x00,0x00,0x02,0x00,0x00,0x00,0x03,0x01,
0x00,0x00,0x00,0x00,0x00,0x00,0x00,0x00,0x00,0x00,0x00,0x00,0x00,0x00,0x00,0x00,0x00,0x00,0x2E,0x62,
0x73,0x73,0x00,0x00,0x00,0x00,0x00,0x00,0x00,0x00,0x07,0x00,0x00,0x00,0x03,0x01,0x20,0x00,0x00,0x00,
0x00,0x00,0x00,0x00,0x00,0x00,0x00,0x00,0x00,0x00,0x00,0x00,0x00,0x00,0x2E,0x78,0x64,0x61,0x74,0x61,
0x00,0x00,0x00,0x00,0x00,0x00,0x06,0x00,0x00,0x00,0x03,0x01,0x8C,0x00,0x00,0x00,0x0A,0x00,0x00,0x00,
0x00,0x00,0x00,0x00,0x00,0x00,0x00,0x00,0x00,0x00,0x2E,0x70,0x64,0x61,0x74,0x61,0x00,0x00,0x00,0x00,
0x00,0x00,0x05,0x00,0x00,0x00,0x03,0x01,0x60,0x00,0x00,0x00,0x18,0x00,0x00,0x00,0x00,0x00,0x00,0x00,
0x00,0x00,0x00,0x00,0x00,0x00,0x00,0x00,0x00,0x00,0xA3,0x03,0x00,0x00,0x30,0x0D,0x00,0x00,0x03,0x00,
0x00,0x00,0x03,0x01,0x49,0x00,0x00,0x00,0x00,0x00,0x00,0x00,0x00,0x00,0x00,0x00,0x00,0x00,0x00,0x00,
0x00,0x00,0x2E,0x66,0x69,0x6C,0x65,0x00,0x00,0x00,0x69,0x00,0x00,0x00,0xFE,0xFF,0x00,0x00,0x67,0x01,
0x63,0x79,0x67,0x6D,0x69,0x6E,0x67,0x2D,0x63,0x72,0x74,0x62,0x65,0x67,0x69,0x6E,0x2E,0x63,0x00,0x00,
0x00,0x00,0xAE,0x03,0x00,0x00,0x00,0x00,0x00,0x00,0x04,0x00,0x00,0x00,0x03,0x00,0x6F,0x62,0x6A,0x00,
0x00,0x00,0x00,0x00,0x40,0x00,0x00,0x00,0x07,0x00,0x00,0x00,0x03,0x00,0x00,0x00,0x00,0x00,0xC1,0x03,
0x00,0x00,0x00,0x00,0x00,0x00,0x02,0x00,0x00,0x00,0x03,0x00,0x00,0x00,0x00,0x00,0xD5,0x03,0x00,0x00,
0x70,0x06,0x00,0x00,0x01,0x00,0x20,0x00,0x02,0x01,0x00,0x00,0x00,0x00,0x00,0x00,0x00,0x00,0x00,0x00,
0x00,0x00,0x58,0x00,0x00,0x00,0x00,0x00,0x00,0x00,0x00,0x00,0xEA,0x03,0x00,0x00,0x20,0x07,0x00,0x00,
0x01,0x00,0x20,0x00,0x02,0x01,0x00,0x00,0x00,0x00,0x00,0x00,0x00,0x00,0x00,0x00,0x00,0x00,0x00,0x00,
0x00,0x00,0x00,0x00,0x2E,0x74,0x65,0x78,0x74,0x00,0x00,0x00,0x50,0x06,0x00,0x00,0x01,0x00,0x00,0x00,
0x03,0x01,0x0E,0x01,0x00,0x00,0x13,0x00,0x00,0x00,0x00,0x00,0x00,0x00,0x00,0x00,0x00,0x00,0x00,0x00,
0x2E,0x64,0x61,0x74,0x61,0x00,0x00,0x00,0x00,0x00,0x00,0x00,0x02,0x00,0x00,0x00,0x03,0x01,0x08,0x00,
0x00,0x00,0x00,0x00,0x00,0x00,0x00,0x00,0x00,0x00,0x00,0x00,0x00,0x00,0x00,0x00,0x2E,0x62,0x73,0x73,
0x00,0x00,0x00,0x00,0x20,0x00,0x00,0x00,0x07,0x00,0x00,0x00,0x03,0x01,0x50,0x00,0x00,0x00,0x00,0x00,
0x00,0x00,0x00,0x00,0x00,0x00,0x00,0x00,0x00,0x00,0x00,0x00,0x2E,0x78,0x64,0x61,0x74,0x61,0x00,0x00,
0x8C,0x00,0x00,0x00,0x06,0x00,0x00,0x00,0x03,0x01,0x20,0x00,0x00,0x00,0x00,0x00,0x00,0x00,0x00,0x00,
0x00,0x00,0x00,0x00,0x00,0x00,0x00,0x00,0x2E,0x70,0x64,0x61,0x74,0x61,0x00,0x00,0x60,0x00,0x00,0x00,
0x05,0x00,0x00,0x00,0x03,0x01,0x30,0x00,0x00,0x00,0x0C,0x00,0x00,0x00,0x00,0x00,0x00,0x00,0x00,0x00,
0x00,0x00,0x00,0x00,0x2E,0x72,0x64,0x61,0x74,0x61,0x00,0x00,0x00,0x00,0x00,0x00,0x03,0x00,0x00,0x00,
0x03,0x01,0x41,0x00,0x00,0x00,0x00,0x00,0x00,0x00,0x00,0x00,0x00,0x00,0x00,0x00,0x00,0x00,0x00,0x00,
0x00,0x00,0x00,0x00,0xA3,0x03,0x00,0x00,0x80,0x0D,0x00,0x00,0x03,0x00,0x00,0x00,0x03,0x01,0x49,0x00,
0x00,0x00,0x00,0x00,0x00,0x00,0x00,0x00,0x00,0x00,0x00,0x00,0x00,0x00,0x00,0x00,0x00,0x00,0x00,0x00,
0x01,0x04,0x00,0x00,0x00,0x00,0x00,0x00,0x04,0x00,0x00,0x00,0x03,0x00,0x2E,0x66,0x69,0x6C,0x65,0x00,
0x00,0x00,0xFD,0x00,0x00,0x00,0xFE,0xFF,0x00,0x00,0x67,0x01,0x69,0x64,0x65,0x2E,0x63,0x00,0x00,0x00,
0x00,0x00,0x00,0x00,0x00,0x00,0x00,0x00,0x00,0x00,0x00,0x00,0x00,0x00,0x0B,0x04,0x00,0x00,0x60,0x07,
0x00,0x00,0x01,0x00,0x20,0x00,0x03,0x01,0x00,0x00,0x00,0x00,0x00,0x00,0x00,0x00,0x00,0x00,0x00,0x00,
0x6F,0x00,0x00,0x00,0x00,0x00,0x68,0x45,0x64,0x69,0x74,0x00,0x00,0x00,0xA0,0x00,0x00,0x00,0x07,0x00,
0x00,0x00,0x03,0x00,0x68,0x4D,0x61,0x69,0x6E,0x00,0x00,0x00,0xA8,0x00,0x00,0x00,0x07,0x00,0x00,0x00,
0x03,0x00,0x00,0x00,0x00,0x00,0x15,0x04,0x00,0x00,0x30,0x09,0x00,0x00,0x01,0x00,0x20,0x00,0x03,0x01,
0x00,0x00,0x00,0x00,0x00,0x00,0x00,0x00,0x00,0x00,0x00,0x00,0x72,0x00,0x00,0x00,0x00,0x00,0x68,0x4F,
0x75,0x74,0x00,0x00,0x00,0x00,0x98,0x00,0x00,0x00,0x07,0x00,0x00,0x00,0x03,0x00,0x00,0x00,0x00,0x00,
0x28,0x04,0x00,0x00,0x80,0x0E,0x00,0x00,0x01,0x00,0x20,0x00,0x03,0x01,0x00,0x00,0x00,0x00,0x00,0x00,
0x00,0x00,0x00,0x00,0x00,0x00,0x77,0x00,0x00,0x00,0x00,0x00,0x67,0x5F,0x62,0x75,0x73,0x79,0x00,0x00,
0x80,0x00,0x00,0x00,0x07,0x00,0x00,0x00,0x03,0x00,0x4B,0x45,0x59,0x57,0x4F,0x52,0x44,0x53,0xC0,0x07,
0x00,0x00,0x03,0x00,0x00,0x00,0x03,0x00,0x42,0x55,0x49,0x4C,0x54,0x49,0x4E,0x53,0xA0,0x06,0x00,0x00,
0x03,0x00,0x00,0x00,0x03,0x00,0x00,0x00,0x00,0x00,0x3D,0x04,0x00,0x00,0xA0,0x18,0x00,0x00,0x01,0x00,
0x20,0x00,0x03,0x01,0x00,0x00,0x00,0x00,0x00,0x00,0x00,0x00,0x00,0x00,0x00,0x00,0x79,0x00,0x00,0x00,
0x00,0x00,0x57,0x6E,0x64,0x50,0x72,0x6F,0x63,0x00,0xB0,0x1A,0x00,0x00,0x01,0x00,0x20,0x00,0x03,0x01,
0x00,0x00,0x00,0x00,0x00,0x00,0x00,0x00,0x00,0x00,0x00,0x00,0x7D,0x00,0x00,0x00,0x00,0x00,0x66,0x45,
0x64,0x00,0x00,0x00,0x00,0x00,0x90,0x00,0x00,0x00,0x07,0x00,0x00,0x00,0x03,0x00,0x66,0x42,0x74,0x6E,
0x00,0x00,0x00,0x00,0x88,0x00,0x00,0x00,0x07,0x00,0x00,0x00,0x03,0x00,0x57,0x69,0x6E,0x4D,0x61,0x69,
0x6E,0x00,0xB0,0x1F,0x00,0x00,0x01,0x00,0x20,0x00,0x02,0x01,0x00,0x00,0x00,0x00,0x00,0x00,0x00,0x00,
0x00,0x00,0x00,0x00,0x00,0x00,0x00,0x00,0x00,0x00,0x2E,0x74,0x65,0x78,0x74,0x00,0x00,0x00,0x60,0x07,
0x00,0x00,0x01,0x00,0x00,0x00,0x03,0x01,0xAE,0x19,0x00,0x00,0xB4,0x00,0x00,0x00,0x00,0x00,0x00,0x00,
0x00,0x00,0x00,0x00,0x00,0x00,0x2E,0x64,0x61,0x74,0x61,0x00,0x00,0x00,0x10,0x00,0x00,0x00,0x02,0x00,
0x00,0x00,0x03,0x01,0x00,0x00,0x00,0x00,0x00,0x00,0x00,0x00,0x00,0x00,0x00,0x00,0x00,0x00,0x00,0x00,
0x00,0x00,0x2E,0x62,0x73,0x73,0x00,0x00,0x00,0x00,0x80,0x00,0x00,0x00,0x07,0x00,0x00,0x00,0x03,0x01,
0x30,0x00,0x00,0x00,0x00,0x00,0x00,0x00,0x00,0x00,0x00,0x00,0x00,0x00,0x00,0x00,0x00,0x00,0x2E,0x72,
0x64,0x61,0x74,0x61,0x00,0x00,0x60,0x00,0x00,0x00,0x03,0x00,0x00,0x00,0x03,0x01,0x08,0x08,0x00,0x00,
0x29,0x00,0x00,0x00,0x00,0x00,0x00,0x00,0x00,0x00,0x00,0x00,0x00,0x00,0x2E,0x78,0x64,0x61,0x74,0x61,
0x00,0x00,0xAC,0x00,0x00,0x00,0x06,0x00,0x00,0x00,0x03,0x01,0x78,0x00,0x00,0x00,0x00,0x00,0x00,0x00,
0x00,0x00,0x00,0x00,0x00,0x00,0x00,0x00,0x00,0x00,0x2E,0x70,0x64,0x61,0x74,0x61,0x00,0x00,0x90,0x00,
0x00,0x00,0x05,0x00,0x00,0x00,0x03,0x01,0x48,0x00,0x00,0x00,0x12,0x00,0x00,0x00,0x00,0x00,0x00,0x00,
0x00,0x00,0x00,0x00,0x00,0x00,0x00,0x00,0x00,0x00,0xA3,0x03,0x00,0x00,0xD0,0x0D,0x00,0x00,0x03,0x00,
0x00,0x00,0x03,0x01,0x49,0x00,0x00,0x00,0x00,0x00,0x00,0x00,0x00,0x00,0x00,0x00,0x00,0x00,0x00,0x00,
0x00,0x00,0x2E,0x74,0x65,0x78,0x74,0x00,0x00,0x00,0x10,0x21,0x00,0x00,0x01,0x00,0x00,0x00,0x03,0x00,
0x2E,0x64,0x61,0x74,0x61,0x00,0x00,0x00,0x10,0x00,0x00,0x00,0x02,0x00,0x00,0x00,0x03,0x00,0x2E,0x62,
0x73,0x73,0x00,0x00,0x00,0x00,0xB0,0x00,0x00,0x00,0x07,0x00,0x00,0x00,0x03,0x00,0x2E,0x69,0x64,0x61,
0x74,0x61,0x24,0x37,0x14,0x10,0x00,0x00,0x08,0x00,0x00,0x00,0x03,0x00,0x2E,0x69,0x64,0x61,0x74,0x61,
0x24,0x35,0x88,0x07,0x00,0x00,0x08,0x00,0x00,0x00,0x03,0x00,0x2E,0x69,0x64,0x61,0x74,0x61,0x24,0x34,
0x40,0x04,0x00,0x00,0x08,0x00,0x00,0x00,0x03,0x00,0x2E,0x69,0x64,0x61,0x74,0x61,0x24,0x36,0x52,0x0D,
0x00,0x00,0x08,0x00,0x00,0x00,0x03,0x00,0x2E,0x74,0x65,0x78,0x74,0x00,0x00,0x00,0x18,0x21,0x00,0x00,
0x01,0x00,0x00,0x00,0x03,0x00,0x2E,0x64,0x61,0x74,0x61,0x00,0x00,0x00,0x10,0x00,0x00,0x00,0x02,0x00,
0x00,0x00,0x03,0x00,0x2E,0x62,0x73,0x73,0x00,0x00,0x00,0x00,0xB0,0x00,0x00,0x00,0x07,0x00,0x00,0x00,
0x03,0x00,0x2E,0x69,0x64,0x61,0x74,0x61,0x24,0x37,0x10,0x10,0x00,0x00,0x08,0x00,0x00,0x00,0x03,0x00,
0x2E,0x69,0x64,0x61,0x74,0x61,0x24,0x35,0x80,0x07,0x00,0x00,0x08,0x00,0x00,0x00,0x03,0x00,0x2E,0x69,
0x64,0x61,0x74,0x61,0x24,0x34,0x38,0x04,0x00,0x00,0x08,0x00,0x00,0x00,0x03,0x00,0x2E,0x69,0x64,0x61,
0x74,0x61,0x24,0x36,0x42,0x0D,0x00,0x00,0x08,0x00,0x00,0x00,0x03,0x00,0x2E,0x74,0x65,0x78,0x74,0x00,
0x00,0x00,0x20,0x21,0x00,0x00,0x01,0x00,0x00,0x00,0x03,0x00,0x2E,0x64,0x61,0x74,0x61,0x00,0x00,0x00,
0x10,0x00,0x00,0x00,0x02,0x00,0x00,0x00,0x03,0x00,0x2E,0x62,0x73,0x73,0x00,0x00,0x00,0x00,0xB0,0x00,
0x00,0x00,0x07,0x00,0x00,0x00,0x03,0x00,0x2E,0x69,0x64,0x61,0x74,0x61,0x24,0x37,0x0C,0x10,0x00,0x00,
0x08,0x00,0x00,0x00,0x03,0x00,0x2E,0x69,0x64,0x61,0x74,0x61,0x24,0x35,0x78,0x07,0x00,0x00,0x08,0x00,
0x00,0x00,0x03,0x00,0x2E,0x69,0x64,0x61,0x74,0x61,0x24,0x34,0x30,0x04,0x00,0x00,0x08,0x00,0x00,0x00,
0x03,0x00,0x2E,0x69,0x64,0x61,0x74,0x61,0x24,0x36,0x2E,0x0D,0x00,0x00,0x08,0x00,0x00,0x00,0x03,0x00,
0x2E,0x74,0x65,0x78,0x74,0x00,0x00,0x00,0x28,0x21,0x00,0x00,0x01,0x00,0x00,0x00,0x03,0x00,0x2E,0x64,
0x61,0x74,0x61,0x00,0x00,0x00,0x10,0x00,0x00,0x00,0x02,0x00,0x00,0x00,0x03,0x00,0x2E,0x62,0x73,0x73,
0x00,0x00,0x00,0x00,0xB0,0x00,0x00,0x00,0x07,0x00,0x00,0x00,0x03,0x00,0x2E,0x69,0x64,0x61,0x74,0x61,
0x24,0x37,0x08,0x10,0x00,0x00,0x08,0x00,0x00,0x00,0x03,0x00,0x2E,0x69,0x64,0x61,0x74,0x61,0x24,0x35,
0x70,0x07,0x00,0x00,0x08,0x00,0x00,0x00,0x03,0x00,0x2E,0x69,0x64,0x61,0x74,0x61,0x24,0x34,0x28,0x04,
0x00,0x00,0x08,0x00,0x00,0x00,0x03,0x00,0x2E,0x69,0x64,0x61,0x74,0x61,0x24,0x36,0x20,0x0D,0x00,0x00,
0x08,0x00,0x00,0x00,0x03,0x00,0x2E,0x74,0x65,0x78,0x74,0x00,0x00,0x00,0x30,0x21,0x00,0x00,0x01,0x00,
0x00,0x00,0x03,0x00,0x2E,0x64,0x61,0x74,0x61,0x00,0x00,0x00,0x10,0x00,0x00,0x00,0x02,0x00,0x00,0x00,
0x03,0x00,0x2E,0x62,0x73,0x73,0x00,0x00,0x00,0x00,0xB0,0x00,0x00,0x00,0x07,0x00,0x00,0x00,0x03,0x00,
0x2E,0x69,0x64,0x61,0x74,0x61,0x24,0x37,0x04,0x10,0x00,0x00,0x08,0x00,0x00,0x00,0x03,0x00,0x2E,0x69,
0x64,0x61,0x74,0x61,0x24,0x35,0x68,0x07,0x00,0x00,0x08,0x00,0x00,0x00,0x03,0x00,0x2E,0x69,0x64,0x61,
0x74,0x61,0x24,0x34,0x20,0x04,0x00,0x00,0x08,0x00,0x00,0x00,0x03,0x00,0x2E,0x69,0x64,0x61,0x74,0x61,
0x24,0x36,0x0E,0x0D,0x00,0x00,0x08,0x00,0x00,0x00,0x03,0x00,0x2E,0x74,0x65,0x78,0x74,0x00,0x00,0x00,
0x38,0x21,0x00,0x00,0x01,0x00,0x00,0x00,0x03,0x00,0x2E,0x64,0x61,0x74,0x61,0x00,0x00,0x00,0x10,0x00,
0x00,0x00,0x02,0x00,0x00,0x00,0x03,0x00,0x2E,0x62,0x73,0x73,0x00,0x00,0x00,0x00,0xB0,0x00,0x00,0x00,
0x07,0x00,0x00,0x00,0x03,0x00,0x2E,0x69,0x64,0x61,0x74,0x61,0x24,0x37,0x00,0x10,0x00,0x00,0x08,0x00,
0x00,0x00,0x03,0x00,0x2E,0x69,0x64,0x61,0x74,0x61,0x24,0x35,0x60,0x07,0x00,0x00,0x08,0x00,0x00,0x00,
0x03,0x00,0x2E,0x69,0x64,0x61,0x74,0x61,0x24,0x34,0x18,0x04,0x00,0x00,0x08,0x00,0x00,0x00,0x03,0x00,
0x2E,0x69,0x64,0x61,0x74,0x61,0x24,0x36,0xFE,0x0C,0x00,0x00,0x08,0x00,0x00,0x00,0x03,0x00,0x2E,0x74,
0x65,0x78,0x74,0x00,0x00,0x00,0x40,0x21,0x00,0x00,0x01,0x00,0x00,0x00,0x03,0x00,0x2E,0x64,0x61,0x74,
0x61,0x00,0x00,0x00,0x10,0x00,0x00,0x00,0x02,0x00,0x00,0x00,0x03,0x00,0x2E,0x62,0x73,0x73,0x00,0x00,
0x00,0x00,0xB0,0x00,0x00,0x00,0x07,0x00,0x00,0x00,0x03,0x00,0x2E,0x69,0x64,0x61,0x74,0x61,0x24,0x37,
0xFC,0x0F,0x00,0x00,0x08,0x00,0x00,0x00,0x03,0x00,0x2E,0x69,0x64,0x61,0x74,0x61,0x24,0x35,0x58,0x07,
0x00,0x00,0x08,0x00,0x00,0x00,0x03,0x00,0x2E,0x69,0x64,0x61,0x74,0x61,0x24,0x34,0x10,0x04,0x00,0x00,
0x08,0x00,0x00,0x00,0x03,0x00,0x2E,0x69,0x64,0x61,0x74,0x61,0x24,0x36,0xEC,0x0C,0x00,0x00,0x08,0x00,
0x00,0x00,0x03,0x00,0x2E,0x74,0x65,0x78,0x74,0x00,0x00,0x00,0x48,0x21,0x00,0x00,0x01,0x00,0x00,0x00,
0x03,0x00,0x2E,0x64,0x61,0x74,0x61,0x00,0x00,0x00,0x10,0x00,0x00,0x00,0x02,0x00,0x00,0x00,0x03,0x00,
0x2E,0x62,0x73,0x73,0x00,0x00,0x00,0x00,0xB0,0x00,0x00,0x00,0x07,0x00,0x00,0x00,0x03,0x00,0x2E,0x69,
0x64,0x61,0x74,0x61,0x24,0x37,0xF8,0x0F,0x00,0x00,0x08,0x00,0x00,0x00,0x03,0x00,0x2E,0x69,0x64,0x61,
0x74,0x61,0x24,0x35,0x50,0x07,0x00,0x00,0x08,0x00,0x00,0x00,0x03,0x00,0x2E,0x69,0x64,0x61,0x74,0x61,
0x24,0x34,0x08,0x04,0x00,0x00,0x08,0x00,0x00,0x00,0x03,0x00,0x2E,0x69,0x64,0x61,0x74,0x61,0x24,0x36,
0xDC,0x0C,0x00,0x00,0x08,0x00,0x00,0x00,0x03,0x00,0x2E,0x74,0x65,0x78,0x74,0x00,0x00,0x00,0x50,0x21,
0x00,0x00,0x01,0x00,0x00,0x00,0x03,0x00,0x2E,0x64,0x61,0x74,0x61,0x00,0x00,0x00,0x10,0x00,0x00,0x00,
0x02,0x00,0x00,0x00,0x03,0x00,0x2E,0x62,0x73,0x73,0x00,0x00,0x00,0x00,0xB0,0x00,0x00,0x00,0x07,0x00,
0x00,0x00,0x03,0x00,0x2E,0x69,0x64,0x61,0x74,0x61,0x24,0x37,0xF4,0x0F,0x00,0x00,0x08,0x00,0x00,0x00,
0x03,0x00,0x2E,0x69,0x64,0x61,0x74,0x61,0x24,0x35,0x48,0x07,0x00,0x00,0x08,0x00,0x00,0x00,0x03,0x00,
0x2E,0x69,0x64,0x61,0x74,0x61,0x24,0x34,0x00,0x04,0x00,0x00,0x08,0x00,0x00,0x00,0x03,0x00,0x2E,0x69,
0x64,0x61,0x74,0x61,0x24,0x36,0xCA,0x0C,0x00,0x00,0x08,0x00,0x00,0x00,0x03,0x00,0x2E,0x74,0x65,0x78,
0x74,0x00,0x00,0x00,0x58,0x21,0x00,0x00,0x01,0x00,0x00,0x00,0x03,0x00,0x2E,0x64,0x61,0x74,0x61,0x00,
0x00,0x00,0x10,0x00,0x00,0x00,0x02,0x00,0x00,0x00,0x03,0x00,0x2E,0x62,0x73,0x73,0x00,0x00,0x00,0x00,
0xB0,0x00,0x00,0x00,0x07,0x00,0x00,0x00,0x03,0x00,0x2E,0x69,0x64,0x61,0x74,0x61,0x24,0x37,0xF0,0x0F,
0x00,0x00,0x08,0x00,0x00,0x00,0x03,0x00,0x2E,0x69,0x64,0x61,0x74,0x61,0x24,0x35,0x40,0x07,0x00,0x00,
0x08,0x00,0x00,0x00,0x03,0x00,0x2E,0x69,0x64,0x61,0x74,0x61,0x24,0x34,0xF8,0x03,0x00,0x00,0x08,0x00,
0x00,0x00,0x03,0x00,0x2E,0x69,0x64,0x61,0x74,0x61,0x24,0x36,0xBC,0x0C,0x00,0x00,0x08,0x00,0x00,0x00,
0x03,0x00,0x2E,0x74,0x65,0x78,0x74,0x00,0x00,0x00,0x60,0x21,0x00,0x00,0x01,0x00,0x00,0x00,0x03,0x00,
0x2E,0x64,0x61,0x74,0x61,0x00,0x00,0x00,0x10,0x00,0x00,0x00,0x02,0x00,0x00,0x00,0x03,0x00,0x2E,0x62,
0x73,0x73,0x00,0x00,0x00,0x00,0xB0,0x00,0x00,0x00,0x07,0x00,0x00,0x00,0x03,0x00,0x2E,0x69,0x64,0x61,
0x74,0x61,0x24,0x37,0xEC,0x0F,0x00,0x00,0x08,0x00,0x00,0x00,0x03,0x00,0x2E,0x69,0x64,0x61,0x74,0x61,
0x24,0x35,0x38,0x07,0x00,0x00,0x08,0x00,0x00,0x00,0x03,0x00,0x2E,0x69,0x64,0x61,0x74,0x61,0x24,0x34,
0xF0,0x03,0x00,0x00,0x08,0x00,0x00,0x00,0x03,0x00,0x2E,0x69,0x64,0x61,0x74,0x61,0x24,0x36,0xAE,0x0C,
0x00,0x00,0x08,0x00,0x00,0x00,0x03,0x00,0x2E,0x74,0x65,0x78,0x74,0x00,0x00,0x00,0x68,0x21,0x00,0x00,
0x01,0x00,0x00,0x00,0x03,0x00,0x2E,0x64,0x61,0x74,0x61,0x00,0x00,0x00,0x10,0x00,0x00,0x00,0x02,0x00,
0x00,0x00,0x03,0x00,0x2E,0x62,0x73,0x73,0x00,0x00,0x00,0x00,0xB0,0x00,0x00,0x00,0x07,0x00,0x00,0x00,
0x03,0x00,0x2E,0x69,0x64,0x61,0x74,0x61,0x24,0x37,0xE8,0x0F,0x00,0x00,0x08,0x00,0x00,0x00,0x03,0x00,
0x2E,0x69,0x64,0x61,0x74,0x61,0x24,0x35,0x30,0x07,0x00,0x00,0x08,0x00,0x00,0x00,0x03,0x00,0x2E,0x69,
0x64,0x61,0x74,0x61,0x24,0x34,0xE8,0x03,0x00,0x00,0x08,0x00,0x00,0x00,0x03,0x00,0x2E,0x69,0x64,0x61,
0x74,0x61,0x24,0x36,0xA0,0x0C,0x00,0x00,0x08,0x00,0x00,0x00,0x03,0x00,0x2E,0x74,0x65,0x78,0x74,0x00,
0x00,0x00,0x70,0x21,0x00,0x00,0x01,0x00,0x00,0x00,0x03,0x00,0x2E,0x64,0x61,0x74,0x61,0x00,0x00,0x00,
0x10,0x00,0x00,0x00,0x02,0x00,0x00,0x00,0x03,0x00,0x2E,0x62,0x73,0x73,0x00,0x00,0x00,0x00,0xB0,0x00,
0x00,0x00,0x07,0x00,0x00,0x00,0x03,0x00,0x2E,0x69,0x64,0x61,0x74,0x61,0x24,0x37,0xE4,0x0F,0x00,0x00,
0x08,0x00,0x00,0x00,0x03,0x00,0x2E,0x69,0x64,0x61,0x74,0x61,0x24,0x35,0x28,0x07,0x00,0x00,0x08,0x00,
0x00,0x00,0x03,0x00,0x2E,0x69,0x64,0x61,0x74,0x61,0x24,0x34,0xE0,0x03,0x00,0x00,0x08,0x00,0x00,0x00,
0x03,0x00,0x2E,0x69,0x64,0x61,0x74,0x61,0x24,0x36,0x90,0x0C,0x00,0x00,0x08,0x00,0x00,0x00,0x03,0x00,
0x2E,0x74,0x65,0x78,0x74,0x00,0x00,0x00,0x78,0x21,0x00,0x00,0x01,0x00,0x00,0x00,0x03,0x00,0x2E,0x64,
0x61,0x74,0x61,0x00,0x00,0x00,0x10,0x00,0x00,0x00,0x02,0x00,0x00,0x00,0x03,0x00,0x2E,0x62,0x73,0x73,
0x00,0x00,0x00,0x00,0xB0,0x00,0x00,0x00,0x07,0x00,0x00,0x00,0x03,0x00,0x2E,0x69,0x64,0x61,0x74,0x61,
0x24,0x37,0xE0,0x0F,0x00,0x00,0x08,0x00,0x00,0x00,0x03,0x00,0x2E,0x69,0x64,0x61,0x74,0x61,0x24,0x35,
0x20,0x07,0x00,0x00,0x08,0x00,0x00,0x00,0x03,0x00,0x2E,0x69,0x64,0x61,0x74,0x61,0x24,0x34,0xD8,0x03,
0x00,0x00,0x08,0x00,0x00,0x00,0x03,0x00,0x2E,0x69,0x64,0x61,0x74,0x61,0x24,0x36,0x7C,0x0C,0x00,0x00,
0x08,0x00,0x00,0x00,0x03,0x00,0x2E,0x74,0x65,0x78,0x74,0x00,0x00,0x00,0x80,0x21,0x00,0x00,0x01,0x00,
0x00,0x00,0x03,0x00,0x2E,0x64,0x61,0x74,0x61,0x00,0x00,0x00,0x10,0x00,0x00,0x00,0x02,0x00,0x00,0x00,
0x03,0x00,0x2E,0x62,0x73,0x73,0x00,0x00,0x00,0x00,0xB0,0x00,0x00,0x00,0x07,0x00,0x00,0x00,0x03,0x00,
0x2E,0x69,0x64,0x61,0x74,0x61,0x24,0x37,0xDC,0x0F,0x00,0x00,0x08,0x00,0x00,0x00,0x03,0x00,0x2E,0x69,
0x64,0x61,0x74,0x61,0x24,0x35,0x18,0x07,0x00,0x00,0x08,0x00,0x00,0x00,0x03,0x00,0x2E,0x69,0x64,0x61,
0x74,0x61,0x24,0x34,0xD0,0x03,0x00,0x00,0x08,0x00,0x00,0x00,0x03,0x00,0x2E,0x69,0x64,0x61,0x74,0x61,
0x24,0x36,0x6A,0x0C,0x00,0x00,0x08,0x00,0x00,0x00,0x03,0x00,0x2E,0x74,0x65,0x78,0x74,0x00,0x00,0x00,
0x88,0x21,0x00,0x00,0x01,0x00,0x00,0x00,0x03,0x00,0x2E,0x64,0x61,0x74,0x61,0x00,0x00,0x00,0x10,0x00,
0x00,0x00,0x02,0x00,0x00,0x00,0x03,0x00,0x2E,0x62,0x73,0x73,0x00,0x00,0x00,0x00,0xB0,0x00,0x00,0x00,
0x07,0x00,0x00,0x00,0x03,0x00,0x2E,0x69,0x64,0x61,0x74,0x61,0x24,0x37,0xD8,0x0F,0x00,0x00,0x08,0x00,
0x00,0x00,0x03,0x00,0x2E,0x69,0x64,0x61,0x74,0x61,0x24,0x35,0x10,0x07,0x00,0x00,0x08,0x00,0x00,0x00,
0x03,0x00,0x2E,0x69,0x64,0x61,0x74,0x61,0x24,0x34,0xC8,0x03,0x00,0x00,0x08,0x00,0x00,0x00,0x03,0x00,
0x2E,0x69,0x64,0x61,0x74,0x61,0x24,0x36,0x58,0x0C,0x00,0x00,0x08,0x00,0x00,0x00,0x03,0x00,0x2E,0x66,
0x69,0x6C,0x65,0x00,0x00,0x00,0x0B,0x01,0x00,0x00,0xFE,0xFF,0x00,0x00,0x67,0x01,0x66,0x61,0x6B,0x65,
0x00,0x00,0x00,0x00,0x00,0x00,0x00,0x00,0x00,0x00,0x00,0x00,0x00,0x00,0x68,0x6E,0x61,0x6D,0x65,0x00,
0x00,0x00,0xC8,0x03,0x00,0x00,0x08,0x00,0x00,0x00,0x03,0x00,0x66,0x74,0x68,0x75,0x6E,0x6B,0x00,0x00,
0x10,0x07,0x00,0x00,0x08,0x00,0x00,0x00,0x03,0x00,0x2E,0x74,0x65,0x78,0x74,0x00,0x00,0x00,0x90,0x21,
0x00,0x00,0x01,0x00,0x00,0x00,0x03,0x01,0x00,0x00,0x00,0x00,0x00,0x00,0x00,0x00,0x00,0x00,0x00,0x00,
0x00,0x00,0x00,0x00,0x00,0x00,0x2E,0x64,0x61,0x74,0x61,0x00,0x00,0x00,0x10,0x00,0x00,0x00,0x02,0x00,
0x00,0x00,0x03,0x01,0x00,0x00,0x00,0x00,0x00,0x00,0x00,0x00,0x00,0x00,0x00,0x00,0x00,0x00,0x00,0x00,
0x00,0x00,0x2E,0x62,0x73,0x73,0x00,0x00,0x00,0x00,0xB0,0x00,0x00,0x00,0x07,0x00,0x00,0x00,0x03,0x01,
0x00,0x00,0x00,0x00,0x00,0x00,0x00,0x00,0x00,0x00,0x00,0x00,0x00,0x00,0x00,0x00,0x00,0x00,0x2E,0x69,
0x64,0x61,0x74,0x61,0x24,0x32,0xDC,0x00,0x00,0x00,0x08,0x00,0x00,0x00,0x03,0x01,0x14,0x00,0x00,0x00,
0x03,0x00,0x00,0x00,0x00,0x00,0x00,0x00,0x00,0x00,0x00,0x00,0x00,0x00,0x2E,0x69,0x64,0x61,0x74,0x61,
0x24,0x34,0xC8,0x03,0x00,0x00,0x08,0x00,0x00,0x00,0x03,0x00,0x2E,0x69,0x64,0x61,0x74,0x61,0x24,0x35,
0x10,0x07,0x00,0x00,0x08,0x00,0x00,0x00,0x03,0x00,0x2E,0x66,0x69,0x6C,0x65,0x00,0x00,0x00,0x27,0x01,
0x00,0x00,0xFE,0xFF,0x00,0x00,0x67,0x01,0x66,0x61,0x6B,0x65,0x00,0x00,0x00,0x00,0x00,0x00,0x00,0x00,
0x00,0x00,0x00,0x00,0x00,0x00,0x2E,0x74,0x65,0x78,0x74,0x00,0x00,0x00,0x90,0x21,0x00,0x00,0x01,0x00,
0x00,0x00,0x03,0x01,0x00,0x00,0x00,0x00,0x00,0x00,0x00,0x00,0x00,0x00,0x00,0x00,0x00,0x00,0x00,0x00,
0x00,0x00,0x2E,0x64,0x61,0x74,0x61,0x00,0x00,0x00,0x10,0x00,0x00,0x00,0x02,0x00,0x00,0x00,0x03,0x01,
0x00,0x00,0x00,0x00,0x00,0x00,0x00,0x00,0x00,0x00,0x00,0x00,0x00,0x00,0x00,0x00,0x00,0x00,0x2E,0x62,
0x73,0x73,0x00,0x00,0x00,0x00,0xB0,0x00,0x00,0x00,0x07,0x00,0x00,0x00,0x03,0x01,0x00,0x00,0x00,0x00,
0x00,0x00,0x00,0x00,0x00,0x00,0x00,0x00,0x00,0x00,0x00,0x00,0x00,0x00,0x2E,0x69,0x64,0x61,0x74,0x61,
0x24,0x34,0x48,0x04,0x00,0x00,0x08,0x00,0x00,0x00,0x03,0x01,0x08,0x00,0x00,0x00,0x00,0x00,0x00,0x00,
0x00,0x00,0x00,0x00,0x00,0x00,0x00,0x00,0x00,0x00,0x2E,0x69,0x64,0x61,0x74,0x61,0x24,0x35,0x90,0x07,
0x00,0x00,0x08,0x00,0x00,0x00,0x03,0x01,0x08,0x00,0x00,0x00,0x00,0x00,0x00,0x00,0x00,0x00,0x00,0x00,
0x00,0x00,0x00,0x00,0x00,0x00,0x2E,0x69,0x64,0x61,0x74,0x61,0x24,0x37,0x18,0x10,0x00,0x00,0x08,0x00,
0x00,0x00,0x03,0x01,0x0B,0x00,0x00,0x00,0x00,0x00,0x00,0x00,0x00,0x00,0x00,0x00,0x00,0x00,0x00,0x00,
0x00,0x00,0x2E,0x74,0x65,0x78,0x74,0x00,0x00,0x00,0x90,0x21,0x00,0x00,0x01,0x00,0x00,0x00,0x03,0x00,
0x2E,0x64,0x61,0x74,0x61,0x00,0x00,0x00,0x10,0x00,0x00,0x00,0x02,0x00,0x00,0x00,0x03,0x00,0x2E,0x62,
0x73,0x73,0x00,0x00,0x00,0x00,0xB0,0x00,0x00,0x00,0x07,0x00,0x00,0x00,0x03,0x00,0x2E,0x69,0x64,0x61,
0x74,0x61,0x24,0x37,0x7C,0x0D,0x00,0x00,0x08,0x00,0x00,0x00,0x03,0x00,0x2E,0x69,0x64,0x61,0x74,0x61,
0x24,0x35,0x70,0x04,0x00,0x00,0x08,0x00,0x00,0x00,0x03,0x00,0x2E,0x69,0x64,0x61,0x74,0x61,0x24,0x34,
0x28,0x01,0x00,0x00,0x08,0x00,0x00,0x00,0x03,0x00,0x2E,0x69,0x64,0x61,0x74,0x61,0x24,0x36,0xCE,0x07,
0x00,0x00,0x08,0x00,0x00,0x00,0x03,0x00,0x2E,0x74,0x65,0x78,0x74,0x00,0x00,0x00,0x98,0x21,0x00,0x00,
0x01,0x00,0x00,0x00,0x03,0x00,0x2E,0x64,0x61,0x74,0x61,0x00,0x00,0x00,0x10,0x00,0x00,0x00,0x02,0x00,
0x00,0x00,0x03,0x00,0x2E,0x62,0x73,0x73,0x00,0x00,0x00,0x00,0xB0,0x00,0x00,0x00,0x07,0x00,0x00,0x00,
0x03,0x00,0x2E,0x69,0x64,0x61,0x74,0x61,0x24,0x37,0x78,0x0D,0x00,0x00,0x08,0x00,0x00,0x00,0x03,0x00,
0x2E,0x69,0x64,0x61,0x74,0x61,0x24,0x35,0x68,0x04,0x00,0x00,0x08,0x00,0x00,0x00,0x03,0x00,0x2E,0x69,
0x64,0x61,0x74,0x61,0x24,0x34,0x20,0x01,0x00,0x00,0x08,0x00,0x00,0x00,0x03,0x00,0x2E,0x69,0x64,0x61,
0x74,0x61,0x24,0x36,0xC0,0x07,0x00,0x00,0x08,0x00,0x00,0x00,0x03,0x00,0x2E,0x66,0x69,0x6C,0x65,0x00,
0x00,0x00,0x35,0x01,0x00,0x00,0xFE,0xFF,0x00,0x00,0x67,0x01,0x66,0x61,0x6B,0x65,0x00,0x00,0x00,0x00,
0x00,0x00,0x00,0x00,0x00,0x00,0x00,0x00,0x00,0x00,0x68,0x6E,0x61,0x6D,0x65,0x00,0x00,0x00,0x20,0x01,
0x00,0x00,0x08,0x00,0x00,0x00,0x03,0x00,0x66,0x74,0x68,0x75,0x6E,0x6B,0x00,0x00,0x68,0x04,0x00,0x00,
0x08,0x00,0x00,0x00,0x03,0x00,0x2E,0x74,0x65,0x78,0x74,0x00,0x00,0x00,0xA0,0x21,0x00,0x00,0x01,0x00,
0x00,0x00,0x03,0x01,0x00,0x00,0x00,0x00,0x00,0x00,0x00,0x00,0x00,0x00,0x00,0x00,0x00,0x00,0x00,0x00,
0x00,0x00,0x2E,0x64,0x61,0x74,0x61,0x00,0x00,0x00,0x10,0x00,0x00,0x00,0x02,0x00,0x00,0x00,0x03,0x01,
0x00,0x00,0x00,0x00,0x00,0x00,0x00,0x00,0x00,0x00,0x00,0x00,0x00,0x00,0x00,0x00,0x00,0x00,0x2E,0x62,
0x73,0x73,0x00,0x00,0x00,0x00,0xB0,0x00,0x00,0x00,0x07,0x00,0x00,0x00,0x03,0x01,0x00,0x00,0x00,0x00,
0x00,0x00,0x00,0x00,0x00,0x00,0x00,0x00,0x00,0x00,0x00,0x00,0x00,0x00,0x2E,0x69,0x64,0x61,0x74,0x61,
0x24,0x32,0x14,0x00,0x00,0x00,0x08,0x00,0x00,0x00,0x03,0x01,0x14,0x00,0x00,0x00,0x03,0x00,0x00,0x00,
0x00,0x00,0x00,0x00,0x00,0x00,0x00,0x00,0x00,0x00,0x2E,0x69,0x64,0x61,0x74,0x61,0x24,0x34,0x20,0x01,
0x00,0x00,0x08,0x00,0x00,0x00,0x03,0x00,0x2E,0x69,0x64,0x61,0x74,0x61,0x24,0x35,0x68,0x04,0x00,0x00,
0x08,0x00,0x00,0x00,0x03,0x00,0x2E,0x66,0x69,0x6C,0x65,0x00,0x00,0x00,0x51,0x01,0x00,0x00,0xFE,0xFF,
0x00,0x00,0x67,0x01,0x66,0x61,0x6B,0x65,0x00,0x00,0x00,0x00,0x00,0x00,0x00,0x00,0x00,0x00,0x00,0x00,
0x00,0x00,0x2E,0x74,0x65,0x78,0x74,0x00,0x00,0x00,0xA0,0x21,0x00,0x00,0x01,0x00,0x00,0x00,0x03,0x01,
0x00,0x00,0x00,0x00,0x00,0x00,0x00,0x00,0x00,0x00,0x00,0x00,0x00,0x00,0x00,0x00,0x00,0x00,0x2E,0x64,
0x61,0x74,0x61,0x00,0x00,0x00,0x10,0x00,0x00,0x00,0x02,0x00,0x00,0x00,0x03,0x01,0x00,0x00,0x00,0x00,
0x00,0x00,0x00,0x00,0x00,0x00,0x00,0x00,0x00,0x00,0x00,0x00,0x00,0x00,0x2E,0x62,0x73,0x73,0x00,0x00,
0x00,0x00,0xB0,0x00,0x00,0x00,0x07,0x00,0x00,0x00,0x03,0x01,0x00,0x00,0x00,0x00,0x00,0x00,0x00,0x00,
0x00,0x00,0x00,0x00,0x00,0x00,0x00,0x00,0x00,0x00,0x2E,0x69,0x64,0x61,0x74,0x61,0x24,0x34,0x30,0x01,
0x00,0x00,0x08,0x00,0x00,0x00,0x03,0x01,0x08,0x00,0x00,0x00,0x00,0x00,0x00,0x00,0x00,0x00,0x00,0x00,
0x00,0x00,0x00,0x00,0x00,0x00,0x2E,0x69,0x64,0x61,0x74,0x61,0x24,0x35,0x78,0x04,0x00,0x00,0x08,0x00,
0x00,0x00,0x03,0x01,0x08,0x00,0x00,0x00,0x00,0x00,0x00,0x00,0x00,0x00,0x00,0x00,0x00,0x00,0x00,0x00,
0x00,0x00,0x2E,0x69,0x64,0x61,0x74,0x61,0x24,0x37,0x80,0x0D,0x00,0x00,0x08,0x00,0x00,0x00,0x03,0x01,
0x0A,0x00,0x00,0x00,0x00,0x00,0x00,0x00,0x00,0x00,0x00,0x00,0x00,0x00,0x00,0x00,0x00,0x00,0x2E,0x74,
0x65,0x78,0x74,0x00,0x00,0x00,0xA0,0x21,0x00,0x00,0x01,0x00,0x00,0x00,0x03,0x00,0x2E,0x64,0x61,0x74,
0x61,0x00,0x00,0x00,0x10,0x00,0x00,0x00,0x02,0x00,0x00,0x00,0x03,0x00,0x2E,0x62,0x73,0x73,0x00,0x00,
0x00,0x00,0xB0,0x00,0x00,0x00,0x07,0x00,0x00,0x00,0x03,0x00,0x2E,0x69,0x64,0x61,0x74,0x61,0x24,0x37,
0x64,0x0D,0x00,0x00,0x08,0x00,0x00,0x00,0x03,0x00,0x2E,0x69,0x64,0x61,0x74,0x61,0x24,0x35,0x58,0x04,
0x00,0x00,0x08,0x00,0x00,0x00,0x03,0x00,0x2E,0x69,0x64,0x61,0x74,0x61,0x24,0x34,0x10,0x01,0x00,0x00,
0x08,0x00,0x00,0x00,0x03,0x00,0x2E,0x69,0x64,0x61,0x74,0x61,0x24,0x36,0xAC,0x07,0x00,0x00,0x08,0x00,
0x00,0x00,0x03,0x00,0x2E,0x74,0x65,0x78,0x74,0x00,0x00,0x00,0xA8,0x21,0x00,0x00,0x01,0x00,0x00,0x00,
0x03,0x00,0x2E,0x64,0x61,0x74,0x61,0x00,0x00,0x00,0x10,0x00,0x00,0x00,0x02,0x00,0x00,0x00,0x03,0x00,
0x2E,0x62,0x73,0x73,0x00,0x00,0x00,0x00,0xB0,0x00,0x00,0x00,0x07,0x00,0x00,0x00,0x03,0x00,0x2E,0x69,
0x64,0x61,0x74,0x61,0x24,0x37,0x60,0x0D,0x00,0x00,0x08,0x00,0x00,0x00,0x03,0x00,0x2E,0x69,0x64,0x61,
0x74,0x61,0x24,0x35,0x50,0x04,0x00,0x00,0x08,0x00,0x00,0x00,0x03,0x00,0x2E,0x69,0x64,0x61,0x74,0x61,
0x24,0x34,0x08,0x01,0x00,0x00,0x08,0x00,0x00,0x00,0x03,0x00,0x2E,0x69,0x64,0x61,0x74,0x61,0x24,0x36,
0x98,0x07,0x00,0x00,0x08,0x00,0x00,0x00,0x03,0x00,0x2E,0x66,0x69,0x6C,0x65,0x00,0x00,0x00,0x5F,0x01,
0x00,0x00,0xFE,0xFF,0x00,0x00,0x67,0x01,0x66,0x61,0x6B,0x65,0x00,0x00,0x00,0x00,0x00,0x00,0x00,0x00,
0x00,0x00,0x00,0x00,0x00,0x00,0x68,0x6E,0x61,0x6D,0x65,0x00,0x00,0x00,0x08,0x01,0x00,0x00,0x08,0x00,
0x00,0x00,0x03,0x00,0x66,0x74,0x68,0x75,0x6E,0x6B,0x00,0x00,0x50,0x04,0x00,0x00,0x08,0x00,0x00,0x00,
0x03,0x00,0x2E,0x74,0x65,0x78,0x74,0x00,0x00,0x00,0xB0,0x21,0x00,0x00,0x01,0x00,0x00,0x00,0x03,0x01,
0x00,0x00,0x00,0x00,0x00,0x00,0x00,0x00,0x00,0x00,0x00,0x00,0x00,0x00,0x00,0x00,0x00,0x00,0x2E,0x64,
0x61,0x74,0x61,0x00,0x00,0x00,0x10,0x00,0x00,0x00,0x02,0x00,0x00,0x00,0x03,0x01,0x00,0x00,0x00,0x00,
0x00,0x00,0x00,0x00,0x00,0x00,0x00,0x00,0x00,0x00,0x00,0x00,0x00,0x00,0x2E,0x62,0x73,0x73,0x00,0x00,
0x00,0x00,0xB0,0x00,0x00,0x00,0x07,0x00,0x00,0x00,0x03,0x01,0x00,0x00,0x00,0x00,0x00,0x00,0x00,0x00,
0x00,0x00,0x00,0x00,0x00,0x00,0x00,0x00,0x00,0x00,0x2E,0x69,0x64,0x61,0x74,0x61,0x24,0x32,0x00,0x00,
0x00,0x00,0x08,0x00,0x00,0x00,0x03,0x01,0x14,0x00,0x00,0x00,0x03,0x00,0x00,0x00,0x00,0x00,0x00,0x00,
0x00,0x00,0x00,0x00,0x00,0x00,0x2E,0x69,0x64,0x61,0x74,0x61,0x24,0x34,0x08,0x01,0x00,0x00,0x08,0x00,
0x00,0x00,0x03,0x00,0x2E,0x69,0x64,0x61,0x74,0x61,0x24,0x35,0x50,0x04,0x00,0x00,0x08,0x00,0x00,0x00,
0x03,0x00,0x2E,0x66,0x69,0x6C,0x65,0x00,0x00,0x00,0x6D,0x01,0x00,0x00,0xFE,0xFF,0x00,0x00,0x67,0x01,
0x66,0x61,0x6B,0x65,0x00,0x00,0x00,0x00,0x00,0x00,0x00,0x00,0x00,0x00,0x00,0x00,0x00,0x00,0x2E,0x74,
0x65,0x78,0x74,0x00,0x00,0x00,0xB0,0x21,0x00,0x00,0x01,0x00,0x00,0x00,0x03,0x01,0x00,0x00,0x00,0x00,
0x00,0x00,0x00,0x00,0x00,0x00,0x00,0x00,0x00,0x00,0x00,0x00,0x00,0x00,0x2E,0x64,0x61,0x74,0x61,0x00,
0x00,0x00,0x10,0x00,0x00,0x00,0x02,0x00,0x00,0x00,0x03,0x01,0x00,0x00,0x00,0x00,0x00,0x00,0x00,0x00,
0x00,0x00,0x00,0x00,0x00,0x00,0x00,0x00,0x00,0x00,0x2E,0x62,0x73,0x73,0x00,0x00,0x00,0x00,0xB0,0x00,
0x00,0x00,0x07,0x00,0x00,0x00,0x03,0x01,0x00,0x00,0x00,0x00,0x00,0x00,0x00,0x00,0x00,0x00,0x00,0x00,
0x00,0x00,0x00,0x00,0x00,0x00,0x2E,0x69,0x64,0x61,0x74,0x61,0x24,0x34,0x18,0x01,0x00,0x00,0x08,0x00,
0x00,0x00,0x03,0x01,0x08,0x00,0x00,0x00,0x00,0x00,0x00,0x00,0x00,0x00,0x00,0x00,0x00,0x00,0x00,0x00,
0x00,0x00,0x2E,0x69,0x64,0x61,0x74,0x61,0x24,0x35,0x60,0x04,0x00,0x00,0x08,0x00,0x00,0x00,0x03,0x01,
0x08,0x00,0x00,0x00,0x00,0x00,0x00,0x00,0x00,0x00,0x00,0x00,0x00,0x00,0x00,0x00,0x00,0x00,0x2E,0x69,
0x64,0x61,0x74,0x61,0x24,0x37,0x68,0x0D,0x00,0x00,0x08,0x00,0x00,0x00,0x03,0x01,0x0D,0x00,0x00,0x00,
0x00,0x00,0x00,0x00,0x00,0x00,0x00,0x00,0x00,0x00,0x00,0x00,0x00,0x00,0x2E,0x66,0x69,0x6C,0x65,0x00,
0x00,0x00,0x7F,0x01,0x00,0x00,0xFE,0xFF,0x00,0x00,0x67,0x01,0x63,0x72,0x74,0x65,0x78,0x65,0x77,0x69,
0x6E,0x2E,0x63,0x00,0x00,0x00,0x00,0x00,0x00,0x00,0x6D,0x61,0x69,0x6E,0x00,0x00,0x00,0x00,0xB0,0x21,
0x00,0x00,0x01,0x00,0x20,0x00,0x02,0x01,0x00,0x00,0x00,0x00,0x00,0x00,0x00,0x00,0x00,0x00,0x00,0x00,
0x00,0x00,0x00,0x00,0x00,0x00,0x2E,0x74,0x65,0x78,0x74,0x00,0x00,0x00,0xB0,0x21,0x00,0x00,0x01,0x00,
0x00,0x00,0x03,0x01,0x2A,0x01,0x00,0x00,0x07,0x00,0x00,0x00,0x00,0x00,0x00,0x00,0x00,0x00,0x00,0x00,
0x00,0x00,0x2E,0x64,0x61,0x74,0x61,0x00,0x00,0x00,0x10,0x00,0x00,0x00,0x02,0x00,0x00,0x00,0x03,0x01,
0x00,0x00,0x00,0x00,0x00,0x00,0x00,0x00,0x00,0x00,0x00,0x00,0x00,0x00,0x00,0x00,0x00,0x00,0x2E,0x62,
0x73,0x73,0x00,0x00,0x00,0x00,0xB0,0x00,0x00,0x00,0x07,0x00,0x00,0x00,0x03,0x01,0x00,0x00,0x00,0x00,
0x00,0x00,0x00,0x00,0x00,0x00,0x00,0x00,0x00,0x00,0x00,0x00,0x00,0x00,0x2E,0x72,0x64,0x61,0x74,0x61,
0x00,0x00,0x80,0x08,0x00,0x00,0x03,0x00,0x00,0x00,0x03,0x01,0x01,0x00,0x00,0x00,0x00,0x00,0x00,0x00,
0x00,0x00,0x00,0x00,0x00,0x00,0x00,0x00,0x00,0x00,0x2E,0x78,0x64,0x61,0x74,0x61,0x00,0x00,0x24,0x01,
0x00,0x00,0x06,0x00,0x00,0x00,0x03,0x01,0x0C,0x00,0x00,0x00,0x00,0x00,0x00,0x00,0x00,0x00,0x00,0x00,
0x00,0x00,0x00,0x00,0x00,0x00,0x2E,0x70,0x64,0x61,0x74,0x61,0x00,0x00,0xD8,0x00,0x00,0x00,0x05,0x00,
0x00,0x00,0x03,0x01,0x0C,0x00,0x00,0x00,0x03,0x00,0x00,0x00,0x00,0x00,0x00,0x00,0x00,0x00,0x00,0x00,
0x00,0x00,0x00,0x00,0x00,0x00,0xA3,0x03,0x00,0x00,0x20,0x0E,0x00,0x00,0x03,0x00,0x00,0x00,0x03,0x01,
0x49,0x00,0x00,0x00,0x00,0x00,0x00,0x00,0x00,0x00,0x00,0x00,0x00,0x00,0x00,0x00,0x00,0x00,0x2E,0x66,
0x69,0x6C,0x65,0x00,0x00,0x00,0x97,0x01,0x00,0x00,0xFE,0xFF,0x00,0x00,0x67,0x01,0x67,0x63,0x63,0x6D,
0x61,0x69,0x6E,0x2E,0x63,0x00,0x00,0x00,0x00,0x00,0x00,0x00,0x00,0x00,0x00,0x00,0x00,0x00,0x47,0x04,
0x00,0x00,0xE0,0x22,0x00,0x00,0x01,0x00,0x20,0x00,0x02,0x01,0x00,0x00,0x00,0x00,0x00,0x00,0x00,0x00,
0x00,0x00,0x00,0x00,0x84,0x01,0x00,0x00,0x00,0x00,0x70,0x2E,0x30,0x00,0x00,0x00,0x00,0x00,0x10,0x00,
0x00,0x00,0x02,0x00,0x00,0x00,0x03,0x00,0x00,0x00,0x00,0x00,0x59,0x04,0x00,0x00,0x1F,0x23,0x00,0x00,
0x01,0x00,0x20,0x00,0x02,0x01,0x00,0x00,0x00,0x00,0x00,0x00,0x00,0x00,0x00,0x00,0x00,0x00,0x89,0x01,
0x00,0x00,0x00,0x00,0x00,0x00,0x00,0x00,0x6B,0x04,0x00,0x00,0xB0,0x0B,0x00,0x00,0x03,0x00,0x00,0x00,
0x03,0x01,0x08,0x00,0x00,0x00,0x01,0x00,0x00,0x00,0x00,0x00,0x00,0x00,0x00,0x00,0x02,0x00,0x00,0x00,
0x00,0x00,0x00,0x00,0x88,0x04,0x00,0x00,0xB0,0x00,0x00,0x00,0x07,0x00,0x00,0x00,0x03,0x00,0x5F,0x5F,
0x6D,0x61,0x69,0x6E,0x00,0x00,0x97,0x23,0x00,0x00,0x01,0x00,0x20,0x00,0x02,0x01,0x00,0x00,0x00,0x00,
0x00,0x00,0x00,0x00,0x00,0x00,0x00,0x00,0x00,0x00,0x00,0x00,0x00,0x00,0x2E,0x74,0x65,0x78,0x74,0x00,
0x00,0x00,0xE0,0x22,0x00,0x00,0x01,0x00,0x00,0x00,0x03,0x01,0xDF,0x00,0x00,0x00,0x0A,0x00,0x00,0x00,
0x00,0x00,0x00,0x00,0x00,0x00,0x00,0x00,0x00,0x00,0x2E,0x64,0x61,0x74,0x61,0x00,0x00,0x00,0x10,0x00,
0x00,0x00,0x02,0x00,0x00,0x00,0x03,0x01,0x08,0x00,0x00,0x00,0x01,0x00,0x00,0x00,0x00,0x00,0x00,0x00,
0x00,0x00,0x00,0x00,0x00,0x00,0x2E,0x62,0x73,0x73,0x00,0x00,0x00,0x00,0xB0,0x00,0x00,0x00,0x07,0x00,
0x00,0x00,0x03,0x01,0x04,0x00,0x00,0x00,0x00,0x00,0x00,0x00,0x00,0x00,0x00,0x00,0x00,0x00,0x00,0x00,
0x00,0x00,0x2E,0x78,0x64,0x61,0x74,0x61,0x00,0x00,0x30,0x01,0x00,0x00,0x06,0x00,0x00,0x00,0x03,0x01,
0x24,0x00,0x00,0x00,0x00,0x00,0x00,0x00,0x00,0x00,0x00,0x00,0x00,0x00,0x00,0x00,0x00,0x00,0x2E,0x70,
0x64,0x61,0x74,0x61,0x00,0x00,0xE4,0x00,0x00,0x00,0x05,0x00,0x00,0x00,0x03,0x01,0x24,0x00,0x00,0x00,
0x09,0x00,0x00,0x00,0x00,0x00,0x00,0x00,0x00,0x00,0x00,0x00,0x00,0x00,0x00,0x00,0x00,0x00,0xA3,0x03,
0x00,0x00,0x70,0x0E,0x00,0x00,0x03,0x00,0x00,0x00,0x03,0x01,0x49,0x00,0x00,0x00,0x00,0x00,0x00,0x00,
0x00,0x00,0x00,0x00,0x00,0x00,0x00,0x00,0x00,0x00,0x2E,0x66,0x69,0x6C,0x65,0x00,0x00,0x00,0xA1,0x01,
0x00,0x00,0xFE,0xFF,0x00,0x00,0x67,0x01,0x6E,0x61,0x74,0x73,0x74,0x61,0x72,0x74,0x2E,0x63,0x00,0x00,
0x00,0x00,0x00,0x00,0x00,0x00,0x2E,0x74,0x65,0x78,0x74,0x00,0x00,0x00,0xC0,0x23,0x00,0x00,0x01,0x00,
0x00,0x00,0x03,0x01,0x00,0x00,0x00,0x00,0x00,0x00,0x00,0x00,0x00,0x00,0x00,0x00,0x00,0x00,0x00,0x00,
0x00,0x00,0x2E,0x64,0x61,0x74,0x61,0x00,0x00,0x00,0x20,0x00,0x00,0x00,0x02,0x00,0x00,0x00,0x03,0x01,
0x08,0x00,0x00,0x00,0x00,0x00,0x00,0x00,0x00,0x00,0x00,0x00,0x00,0x00,0x00,0x00,0x00,0x00,0x2E,0x62,
0x73,0x73,0x00,0x00,0x00,0x00,0xC0,0x00,0x00,0x00,0x07,0x00,0x00,0x00,0x03,0x01,0x10,0x00,0x00,0x00,
0x00,0x00,0x00,0x00,0x00,0x00,0x00,0x00,0x00,0x00,0x00,0x00,0x00,0x00,0x00,0x00,0x00,0x00,0xA3,0x03,
0x00,0x00,0xC0,0x0E,0x00,0x00,0x03,0x00,0x00,0x00,0x03,0x01,0x49,0x00,0x00,0x00,0x00,0x00,0x00,0x00,
0x00,0x00,0x00,0x00,0x00,0x00,0x00,0x00,0x00,0x00,0x2E,0x66,0x69,0x6C,0x65,0x00,0x00,0x00,0xAB,0x01,
0x00,0x00,0xFE,0xFF,0x00,0x00,0x67,0x01,0x77,0x69,0x6C,0x64,0x63,0x61,0x72,0x64,0x2E,0x63,0x00,0x00,
0x00,0x00,0x00,0x00,0x00,0x00,0x2E,0x74,0x65,0x78,0x74,0x00,0x00,0x00,0xC0,0x23,0x00,0x00,0x01,0x00,
0x00,0x00,0x03,0x01,0x00,0x00,0x00,0x00,0x00,0x00,0x00,0x00,0x00,0x00,0x00,0x00,0x00,0x00,0x00,0x00,
0x00,0x00,0x2E,0x64,0x61,0x74,0x61,0x00,0x00,0x00,0x30,0x00,0x00,0x00,0x02,0x00,0x00,0x00,0x03,0x01,
0x04,0x00,0x00,0x00,0x00,0x00,0x00,0x00,0x00,0x00,0x00,0x00,0x00,0x00,0x00,0x00,0x00,0x00,0x2E,0x62,
0x73,0x73,0x00,0x00,0x00,0x00,0xD0,0x00,0x00,0x00,0x07,0x00,0x00,0x00,0x03,0x01,0x00,0x00,0x00,0x00,
0x00,0x00,0x00,0x00,0x00,0x00,0x00,0x00,0x00,0x00,0x00,0x00,0x00,0x00,0x00,0x00,0x00,0x00,0xA3,0x03,
0x00,0x00,0x10,0x0F,0x00,0x00,0x03,0x00,0x00,0x00,0x03,0x01,0x49,0x00,0x00,0x00,0x00,0x00,0x00,0x00,
0x00,0x00,0x00,0x00,0x00,0x00,0x00,0x00,0x00,0x00,0x2E,0x66,0x69,0x6C,0x65,0x00,0x00,0x00,0xBB,0x01,
0x00,0x00,0xFE,0xFF,0x00,0x00,0x67,0x01,0x64,0x6C,0x6C,0x61,0x72,0x67,0x76,0x2E,0x63,0x00,0x00,0x00,
0x00,0x00,0x00,0x00,0x00,0x00,0x5F,0x73,0x65,0x74,0x61,0x72,0x67,0x76,0xC0,0x23,0x00,0x00,0x01,0x00,
0x20,0x00,0x02,0x01,0x00,0x00,0x00,0x00,0x00,0x00,0x00,0x00,0x00,0x00,0x00,0x00,0x00,0x00,0x00,0x00,
0x00,0x00,0x2E,0x74,0x65,0x78,0x74,0x00,0x00,0x00,0xC0,0x23,0x00,0x00,0x01,0x00,0x00,0x00,0x03,0x01,
0x0B,0x00,0x00,0x00,0x00,0x00,0x00,0x00,0x00,0x00,0x00,0x00,0x00,0x00,0x00,0x00,0x00,0x00,0x2E,0x64,
0x61,0x74,0x61,0x00,0x00,0x00,0x40,0x00,0x00,0x00,0x02,0x00,0x00,0x00,0x03,0x01,0x00,0x00,0x00,0x00,
0x00,0x00,0x00,0x00,0x00,0x00,0x00,0x00,0x00,0x00,0x00,0x00,0x00,0x00,0x2E,0x62,0x73,0x73,0x00,0x00,
0x00,0x00,0xD0,0x00,0x00,0x00,0x07,0x00,0x00,0x00,0x03,0x01,0x00,0x00,0x00,0x00,0x00,0x00,0x00,0x00,
0x00,0x00,0x00,0x00,0x00,0x00,0x00,0x00,0x00,0x00,0x2E,0x78,0x64,0x61,0x74,0x61,0x00,0x00,0x54,0x01,
0x00,0x00,0x06,0x00,0x00,0x00,0x03,0x01,0x08,0x00,0x00,0x00,0x00,0x00,0x00,0x00,0x00,0x00,0x00,0x00,
0x00,0x00,0x00,0x00,0x00,0x00,0x2E,0x70,0x64,0x61,0x74,0x61,0x00,0x00,0x08,0x01,0x00,0x00,0x05,0x00,
0x00,0x00,0x03,0x01,0x0C,0x00,0x00,0x00,0x03,0x00,0x00,0x00,0x00,0x00,0x00,0x00,0x00,0x00,0x00,0x00,
0x00,0x00,0x00,0x00,0x00,0x00,0xA3,0x03,0x00,0x00,0x60,0x0F,0x00,0x00,0x03,0x00,0x00,0x00,0x03,0x01,
0x49,0x00,0x00,0x00,0x00,0x00,0x00,0x00,0x00,0x00,0x00,0x00,0x00,0x00,0x00,0x00,0x00,0x00,0x2E,0x66,
0x69,0x6C,0x65,0x00,0x00,0x00,0xC5,0x01,0x00,0x00,0xFE,0xFF,0x00,0x00,0x67,0x01,0x5F,0x6E,0x65,0x77,
0x6D,0x6F,0x64,0x65,0x2E,0x63,0x00,0x00,0x00,0x00,0x00,0x00,0x00,0x00,0x2E,0x74,0x65,0x78,0x74,0x00,
0x00,0x00,0xD0,0x23,0x00,0x00,0x01,0x00,0x00,0x00,0x03,0x01,0x00,0x00,0x00,0x00,0x00,0x00,0x00,0x00,
0x00,0x00,0x00,0x00,0x00,0x00,0x00,0x00,0x00,0x00,0x2E,0x64,0x61,0x74,0x61,0x00,0x00,0x00,0x40,0x00,
0x00,0x00,0x02,0x00,0x00,0x00,0x03,0x01,0x00,0x00,0x00,0x00,0x00,0x00,0x00,0x00,0x00,0x00,0x00,0x00,
0x00,0x00,0x00,0x00,0x00,0x00,0x2E,0x62,0x73,0x73,0x00,0x00,0x00,0x00,0xD0,0x00,0x00,0x00,0x07,0x00,
0x00,0x00,0x03,0x01,0x04,0x00,0x00,0x00,0x00,0x00,0x00,0x00,0x00,0x00,0x00,0x00,0x00,0x00,0x00,0x00,
0x00,0x00,0x00,0x00,0x00,0x00,0xA3,0x03,0x00,0x00,0xB0,0x0F,0x00,0x00,0x03,0x00,0x00,0x00,0x03,0x01,
0x49,0x00,0x00,0x00,0x00,0x00,0x00,0x00,0x00,0x00,0x00,0x00,0x00,0x00,0x00,0x00,0x00,0x00,0x2E,0x66,
0x69,0x6C,0x65,0x00,0x00,0x00,0xEF,0x01,0x00,0x00,0xFE,0xFF,0x00,0x00,0x67,0x01,0x74,0x6C,0x73,0x73,
0x75,0x70,0x2E,0x63,0x00,0x00,0x00,0x00,0x00,0x00,0x00,0x00,0x00,0x00,0x5F,0x5F,0x78,0x64,0x5F,0x61,
0x00,0x00,0x38,0x18,0x00,0x00,0x03,0x00,0x00,0x00,0x03,0x00,0x5F,0x5F,0x78,0x64,0x5F,0x7A,0x00,0x00,
0x40,0x18,0x00,0x00,0x03,0x00,0x00,0x00,0x03,0x00,0x00,0x00,0x00,0x00,0x94,0x04,0x00,0x00,0xD0,0x23,
0x00,0x00,0x01,0x00,0x20,0x00,0x02,0x01,0x00,0x00,0x00,0x00,0x00,0x00,0x00,0x00,0x00,0x00,0x00,0x00,
0xCD,0x01,0x00,0x00,0x00,0x00,0x00,0x00,0x00,0x00,0xA3,0x04,0x00,0x00,0x90,0x0B,0x00,0x00,0x03,0x00,
0x00,0x00,0x03,0x01,0x08,0x00,0x00,0x00,0x01,0x00,0x00,0x00,0x00,0x00,0x00,0x00,0x00,0x00,0x02,0x00,
0x00,0x00,0x00,0x00,0x00,0x00,0xBA,0x04,0x00,0x00,0x6C,0x24,0x00,0x00,0x01,0x00,0x20,0x00,0x02,0x01,
0x00,0x00,0x00,0x00,0x00,0x00,0x00,0x00,0x00,0x00,0x00,0x00,0xCF,0x01,0x00,0x00,0x00,0x00,0x00,0x00,
0x00,0x00,0xC6,0x04,0x00,0x00,0x89,0x24,0x00,0x00,0x01,0x00,0x20,0x00,0x02,0x01,0x00,0x00,0x00,0x00,
0x00,0x00,0x00,0x00,0x00,0x00,0x00,0x00,0x00,0x00,0x00,0x00,0x00,0x00,0x2E,0x74,0x65,0x78,0x74,0x00,
0x00,0x00,0xD0,0x23,0x00,0x00,0x01,0x00,0x00,0x00,0x03,0x01,0xF7,0x00,0x00,0x00,0x06,0x00,0x00,0x00,
0x00,0x00,0x00,0x00,0x00,0x00,0x00,0x00,0x00,0x00,0x2E,0x64,0x61,0x74,0x61,0x00,0x00,0x00,0x40,0x00,
0x00,0x00,0x02,0x00,0x00,0x00,0x03,0x01,0x00,0x00,0x00,0x00,0x00,0x00,0x00,0x00,0x00,0x00,0x00,0x00,
0x00,0x00,0x00,0x00,0x00,0x00,0x2E,0x62,0x73,0x73,0x00,0x00,0x00,0x00,0xE0,0x00,0x00,0x00,0x07,0x00,
0x00,0x00,0x03,0x01,0x10,0x00,0x00,0x00,0x00,0x00,0x00,0x00,0x00,0x00,0x00,0x00,0x00,0x00,0x00,0x00,
0x00,0x00,0x2E,0x74,0x6C,0x73,0x00,0x00,0x00,0x00,0x00,0x00,0x00,0x00,0x09,0x00,0x00,0x00,0x03,0x01,
0x08,0x00,0x00,0x00,0x00,0x00,0x00,0x00,0x00,0x00,0x00,0x00,0x00,0x00,0x00,0x00,0x00,0x00,0x2E,0x74,
0x6C,0x73,0x24,0x5A,0x5A,0x5A,0x08,0x00,0x00,0x00,0x09,0x00,0x00,0x00,0x03,0x01,0x08,0x00,0x00,0x00,
0x00,0x00,0x00,0x00,0x00,0x00,0x00,0x00,0x00,0x00,0x00,0x00,0x00,0x00,0x2E,0x43,0x52,0x54,0x24,0x58,
0x4C,0x41,0x18,0x18,0x00,0x00,0x03,0x00,0x00,0x00,0x03,0x01,0x08,0x00,0x00,0x00,0x00,0x00,0x00,0x00,
0x00,0x00,0x00,0x00,0x00,0x00,0x00,0x00,0x00,0x00,0x2E,0x43,0x52,0x54,0x24,0x58,0x4C,0x5A,0x30,0x18,
0x00,0x00,0x03,0x00,0x00,0x00,0x03,0x01,0x08,0x00,0x00,0x00,0x00,0x00,0x00,0x00,0x00,0x00,0x00,0x00,
0x00,0x00,0x00,0x00,0x00,0x00,0x2E,0x72,0x64,0x61,0x74,0x61,0x00,0x00,0xA0,0x08,0x00,0x00,0x03,0x00,
0x00,0x00,0x03,0x01,0x30,0x00,0x00,0x00,0x05,0x00,0x00,0x00,0x00,0x00,0x00,0x00,0x00,0x00,0x00,0x00,
0x00,0x00,0x2E,0x43,0x52,0x54,0x24,0x58,0x44,0x41,0x38,0x18,0x00,0x00,0x03,0x00,0x00,0x00,0x03,0x01,
0x08,0x00,0x00,0x00,0x00,0x00,0x00,0x00,0x00,0x00,0x00,0x00,0x00,0x00,0x00,0x00,0x00,0x00,0x2E,0x43,
0x52,0x54,0x24,0x58,0x44,0x5A,0x40,0x18,0x00,0x00,0x03,0x00,0x00,0x00,0x03,0x01,0x08,0x00,0x00,0x00,
0x00,0x00,0x00,0x00,0x00,0x00,0x00,0x00,0x00,0x00,0x00,0x00,0x00,0x00,0x2E,0x78,0x64,0x61,0x74,0x61,
0x00,0x00,0x5C,0x01,0x00,0x00,0x06,0x00,0x00,0x00,0x03,0x01,0x20,0x00,0x00,0x00,0x00,0x00,0x00,0x00,
0x00,0x00,0x00,0x00,0x00,0x00,0x00,0x00,0x00,0x00,0x2E,0x70,0x64,0x61,0x74,0x61,0x00,0x00,0x14,0x01,
0x00,0x00,0x05,0x00,0x00,0x00,0x03,0x01,0x24,0x00,0x00,0x00,0x09,0x00,0x00,0x00,0x00,0x00,0x00,0x00,
0x00,0x00,0x00,0x00,0x00,0x00,0x2E,0x43,0x52,0x54,0x24,0x58,0x4C,0x43,0x20,0x18,0x00,0x00,0x03,0x00,
0x00,0x00,0x03,0x01,0x08,0x00,0x00,0x00,0x01,0x00,0x00,0x00,0x00,0x00,0x00,0x00,0x00,0x00,0x00,0x00,
0x00,0x00,0x2E,0x43,0x52,0x54,0x24,0x58,0x4C,0x44,0x28,0x18,0x00,0x00,0x03,0x00,0x00,0x00,0x03,0x01,
0x08,0x00,0x00,0x00,0x01,0x00,0x00,0x00,0x00,0x00,0x00,0x00,0x00,0x00,0x00,0x00,0x00,0x00,0x00,0x00,
0x00,0x00,0xA3,0x03,0x00,0x00,0x00,0x10,0x00,0x00,0x03,0x00,0x00,0x00,0x03,0x01,0x49,0x00,0x00,0x00,
0x00,0x00,0x00,0x00,0x00,0x00,0x00,0x00,0x00,0x00,0x00,0x00,0x00,0x00,0x2E,0x66,0x69,0x6C,0x65,0x00,
0x00,0x00,0xF9,0x01,0x00,0x00,0xFE,0xFF,0x00,0x00,0x67,0x01,0x78,0x6E,0x63,0x6F,0x6D,0x6D,0x6F,0x64,
0x2E,0x63,0x00,0x00,0x00,0x00,0x00,0x00,0x00,0x00,0x2E,0x74,0x65,0x78,0x74,0x00,0x00,0x00,0xD0,0x24,
0x00,0x00,0x01,0x00,0x00,0x00,0x03,0x01,0x00,0x00,0x00,0x00,0x00,0x00,0x00,0x00,0x00,0x00,0x00,0x00,
0x00,0x00,0x00,0x00,0x00,0x00,0x2E,0x64,0x61,0x74,0x61,0x00,0x00,0x00,0x40,0x00,0x00,0x00,0x02,0x00,
0x00,0x00,0x03,0x01,0x00,0x00,0x00,0x00,0x00,0x00,0x00,0x00,0x00,0x00,0x00,0x00,0x00,0x00,0x00,0x00,
0x00,0x00,0x2E,0x62,0x73,0x73,0x00,0x00,0x00,0x00,0xF0,0x00,0x00,0x00,0x07,0x00,0x00,0x00,0x03,0x01,
0x04,0x00,0x00,0x00,0x00,0x00,0x00,0x00,0x00,0x00,0x00,0x00,0x00,0x00,0x00,0x00,0x00,0x00,0x00,0x00,
0x00,0x00,0xA3,0x03,0x00,0x00,0x50,0x10,0x00,0x00,0x03,0x00,0x00,0x00,0x03,0x01,0x49,0x00,0x00,0x00,
0x00,0x00,0x00,0x00,0x00,0x00,0x00,0x00,0x00,0x00,0x00,0x00,0x00,0x00,0x2E,0x66,0x69,0x6C,0x65,0x00,
0x00,0x00,0x0B,0x02,0x00,0x00,0xFE,0xFF,0x00,0x00,0x67,0x01,0x63,0x69,0x6E,0x69,0x74,0x65,0x78,0x65,
0x2E,0x63,0x00,0x00,0x00,0x00,0x00,0x00,0x00,0x00,0x2E,0x74,0x65,0x78,0x74,0x00,0x00,0x00,0xD0,0x24,
0x00,0x00,0x01,0x00,0x00,0x00,0x03,0x01,0x00,0x00,0x00,0x00,0x00,0x00,0x00,0x00,0x00,0x00,0x00,0x00,
0x00,0x00,0x00,0x00,0x00,0x00,0x2E,0x64,0x61,0x74,0x61,0x00,0x00,0x00,0x40,0x00,0x00,0x00,0x02,0x00,
0x00,0x00,0x03,0x01,0x00,0x00,0x00,0x00,0x00,0x00,0x00,0x00,0x00,0x00,0x00,0x00,0x00,0x00,0x00,0x00,
0x00,0x00,0x2E,0x62,0x73,0x73,0x00,0x00,0x00,0x00,0x00,0x01,0x00,0x00,0x07,0x00,0x00,0x00,0x03,0x01,
0x00,0x00,0x00,0x00,0x00,0x00,0x00,0x00,0x00,0x00,0x00,0x00,0x00,0x00,0x00,0x00,0x00,0x00,0x2E,0x43,
0x52,0x54,0x24,0x58,0x49,0x41,0x08,0x18,0x00,0x00,0x03,0x00,0x00,0x00,0x03,0x01,0x08,0x00,0x00,0x00,
0x00,0x00,0x00,0x00,0x00,0x00,0x00,0x00,0x00,0x00,0x00,0x00,0x00,0x00,0x2E,0x43,0x52,0x54,0x24,0x58,
0x49,0x5A,0x10,0x18,0x00,0x00,0x03,0x00,0x00,0x00,0x03,0x01,0x08,0x00,0x00,0x00,0x00,0x00,0x00,0x00,
0x00,0x00,0x00,0x00,0x00,0x00,0x00,0x00,0x00,0x00,0x2E,0x43,0x52,0x54,0x24,0x58,0x43,0x41,0xF8,0x17,
0x00,0x00,0x03,0x00,0x00,0x00,0x03,0x01,0x08,0x00,0x00,0x00,0x00,0x00,0x00,0x00,0x00,0x00,0x00,0x00,
0x00,0x00,0x00,0x00,0x00,0x00,0x2E,0x43,0x52,0x54,0x24,0x58,0x43,0x5A,0x00,0x18,0x00,0x00,0x03,0x00,
0x00,0x00,0x03,0x01,0x08,0x00,0x00,0x00,0x00,0x00,0x00,0x00,0x00,0x00,0x00,0x00,0x00,0x00,0x00,0x00,
0x00,0x00,0x00,0x00,0x00,0x00,0xA3,0x03,0x00,0x00,0xA0,0x10,0x00,0x00,0x03,0x00,0x00,0x00,0x03,0x01,
0x49,0x00,0x00,0x00,0x00,0x00,0x00,0x00,0x00,0x00,0x00,0x00,0x00,0x00,0x00,0x00,0x00,0x00,0x2E,0x66,
0x69,0x6C,0x65,0x00,0x00,0x00,0x1D,0x02,0x00,0x00,0xFE,0xFF,0x00,0x00,0x67,0x01,0x6D,0x65,0x72,0x72,
0x2E,0x63,0x00,0x00,0x00,0x00,0x00,0x00,0x00,0x00,0x00,0x00,0x00,0x00,0x5F,0x6D,0x61,0x74,0x68,0x65,
0x72,0x72,0xD0,0x24,0x00,0x00,0x01,0x00,0x20,0x00,0x02,0x01,0x00,0x00,0x00,0x00,0x00,0x00,0x00,0x00,
0x00,0x00,0x00,0x00,0x00,0x00,0x00,0x00,0x00,0x00,0x2E,0x74,0x65,0x78,0x74,0x00,0x00,0x00,0xD0,0x24,
0x00,0x00,0x01,0x00,0x00,0x00,0x03,0x01,0x2C,0x01,0x00,0x00,0x0A,0x00,0x00,0x00,0x00,0x00,0x00,0x00,
0x00,0x00,0x00,0x00,0x00,0x00,0x2E,0x64,0x61,0x74,0x61,0x00,0x00,0x00,0x40,0x00,0x00,0x00,0x02,0x00,
0x00,0x00,0x03,0x01,0x00,0x00,0x00,0x00,0x00,0x00,0x00,0x00,0x00,0x00,0x00,0x00,0x00,0x00,0x00,0x00,
0x00,0x00,0x2E,0x62,0x73,0x73,0x00,0x00,0x00,0x00,0x00,0x01,0x00,0x00,0x07,0x00,0x00,0x00,0x03,0x01,
0x00,0x00,0x00,0x00,0x00,0x00,0x00,0x00,0x00,0x00,0x00,0x00,0x00,0x00,0x00,0x00,0x00,0x00,0x2E,0x72,
0x64,0x61,0x74,0x61,0x00,0x00,0xE0,0x08,0x00,0x00,0x03,0x00,0x00,0x00,0x03,0x01,0x23,0x01,0x00,0x00,
0x00,0x00,0x00,0x00,0x00,0x00,0x00,0x00,0x00,0x00,0x00,0x00,0x00,0x00,0x2E,0x78,0x64,0x61,0x74,0x61,
0x00,0x00,0x7C,0x01,0x00,0x00,0x06,0x00,0x00,0x00,0x03,0x01,0x1C,0x00,0x00,0x00,0x00,0x00,0x00,0x00,
0x00,0x00,0x00,0x00,0x00,0x00,0x00,0x00,0x00,0x00,0x2E,0x70,0x64,0x61,0x74,0x61,0x00,0x00,0x38,0x01,
0x00,0x00,0x05,0x00,0x00,0x00,0x03,0x01,0x0C,0x00,0x00,0x00,0x03,0x00,0x00,0x00,0x00,0x00,0x00,0x00,
0x00,0x00,0x00,0x00,0x00,0x00,0x00,0x00,0x00,0x00,0xA3,0x03,0x00,0x00,0xF0,0x10,0x00,0x00,0x03,0x00,
0x00,0x00,0x03,0x01,0x49,0x00,0x00,0x00,0x00,0x00,0x00,0x00,0x00,0x00,0x00,0x00,0x00,0x00,0x00,0x00,
0x00,0x00,0x2E,0x66,0x69,0x6C,0x65,0x00,0x00,0x00,0x27,0x02,0x00,0x00,0xFE,0xFF,0x00,0x00,0x67,0x01,
0x78,0x74,0x68,0x64,0x6C,0x6F,0x63,0x2E,0x63,0x00,0x00,0x00,0x00,0x00,0x00,0x00,0x00,0x00,0x2E,0x74,
0x65,0x78,0x74,0x00,0x00,0x00,0x00,0x26,0x00,0x00,0x01,0x00,0x00,0x00,0x03,0x01,0x00,0x00,0x00,0x00,
0x00,0x00,0x00,0x00,0x00,0x00,0x00,0x00,0x00,0x00,0x00,0x00,0x00,0x00,0x2E,0x64,0x61,0x74,0x61,0x00,
0x00,0x00,0x40,0x00,0x00,0x00,0x02,0x00,0x00,0x00,0x03,0x01,0x04,0x00,0x00,0x00,0x00,0x00,0x00,0x00,
0x00,0x00,0x00,0x00,0x00,0x00,0x00,0x00,0x00,0x00,0x2E,0x62,0x73,0x73,0x00,0x00,0x00,0x00,0x00,0x01,
0x00,0x00,0x07,0x00,0x00,0x00,0x03,0x01,0x00,0x00,0x00,0x00,0x00,0x00,0x00,0x00,0x00,0x00,0x00,0x00,
0x00,0x00,0x00,0x00,0x00,0x00,0x00,0x00,0x00,0x00,0xA3,0x03,0x00,0x00,0x40,0x11,0x00,0x00,0x03,0x00,
0x00,0x00,0x03,0x01,0x49,0x00,0x00,0x00,0x00,0x00,0x00,0x00,0x00,0x00,0x00,0x00,0x00,0x00,0x00,0x00,
0x00,0x00,0x2E,0x66,0x69,0x6C,0x65,0x00,0x00,0x00,0x31,0x02,0x00,0x00,0xFE,0xFF,0x00,0x00,0x67,0x01,
0x6D,0x69,0x6E,0x67,0x77,0x5F,0x68,0x65,0x6C,0x70,0x65,0x72,0x73,0x2E,0x63,0x00,0x00,0x00,0x2E,0x74,
0x65,0x78,0x74,0x00,0x00,0x00,0x00,0x26,0x00,0x00,0x01,0x00,0x00,0x00,0x03,0x01,0x00,0x00,0x00,0x00,
0x00,0x00,0x00,0x00,0x00,0x00,0x00,0x00,0x00,0x00,0x00,0x00,0x00,0x00,0x2E,0x64,0x61,0x74,0x61,0x00,
0x00,0x00,0x50,0x00,0x00,0x00,0x02,0x00,0x00,0x00,0x03,0x01,0x00,0x00,0x00,0x00,0x00,0x00,0x00,0x00,
0x00,0x00,0x00,0x00,0x00,0x00,0x00,0x00,0x00,0x00,0x2E,0x62,0x73,0x73,0x00,0x00,0x00,0x00,0x00,0x01,
0x00,0x00,0x07,0x00,0x00,0x00,0x03,0x01,0x04,0x00,0x00,0x00,0x00,0x00,0x00,0x00,0x00,0x00,0x00,0x00,
0x00,0x00,0x00,0x00,0x00,0x00,0x00,0x00,0x00,0x00,0xA3,0x03,0x00,0x00,0x90,0x11,0x00,0x00,0x03,0x00,
0x00,0x00,0x03,0x01,0x49,0x00,0x00,0x00,0x00,0x00,0x00,0x00,0x00,0x00,0x00,0x00,0x00,0x00,0x00,0x00,
0x00,0x00,0x2E,0x66,0x69,0x6C,0x65,0x00,0x00,0x00,0x54,0x02,0x00,0x00,0xFE,0xFF,0x00,0x00,0x67,0x01,
0x70,0x73,0x65,0x75,0x64,0x6F,0x2D,0x72,0x65,0x6C,0x6F,0x63,0x2E,0x63,0x00,0x00,0x00,0x00,0x00,0x00,
0x00,0x00,0xD5,0x04,0x00,0x00,0x00,0x26,0x00,0x00,0x01,0x00,0x20,0x00,0x03,0x01,0x00,0x00,0x00,0x00,
0x00,0x00,0x00,0x00,0x00,0x00,0x00,0x00,0x37,0x02,0x00,0x00,0x00,0x00,0x74,0x68,0x65,0x5F,0x73,0x65,
0x63,0x73,0x10,0x01,0x00,0x00,0x07,0x00,0x00,0x00,0x03,0x00,0x00,0x00,0x00,0x00,0xE4,0x04,0x00,0x00,
0x18,0x01,0x00,0x00,0x07,0x00,0x00,0x00,0x03,0x00,0x00,0x00,0x00,0x00,0xF0,0x04,0x00,0x00,0x65,0x26,
0x00,0x00,0x01,0x00,0x20,0x00,0x03,0x01,0x00,0x00,0x00,0x00,0x00,0x00,0x00,0x00,0x00,0x00,0x00,0x00,
0x39,0x02,0x00,0x00,0x00,0x00,0x00,0x00,0x00,0x00,0x06,0x05,0x00,0x00,0x43,0x29,0x00,0x00,0x01,0x00,
0x20,0x00,0x03,0x01,0x00,0x00,0x00,0x00,0x00,0x00,0x00,0x00,0x00,0x00,0x00,0x00,0x3B,0x02,0x00,0x00,
0x00,0x00,0x00,0x00,0x00,0x00,0x20,0x05,0x00,0x00,0x1B,0x2A,0x00,0x00,0x01,0x00,0x20,0x00,0x03,0x01,
0x00,0x00,0x00,0x00,0x00,0x00,0x00,0x00,0x00,0x00,0x00,0x00,0x3D,0x02,0x00,0x00,0x00,0x00,0x00,0x00,
0x00,0x00,0x2F,0x05,0x00,0x00,0x62,0x2A,0x00,0x00,0x01,0x00,0x20,0x00,0x03,0x01,0x00,0x00,0x00,0x00,
0x00,0x00,0x00,0x00,0x00,0x00,0x00,0x00,0x3F,0x02,0x00,0x00,0x00,0x00,0x00,0x00,0x00,0x00,0x3F,0x05,
0x00,0x00,0xE0,0x2D,0x00,0x00,0x01,0x00,0x20,0x00,0x02,0x01,0x00,0x00,0x00,0x00,0x00,0x00,0x00,0x00,
0x00,0x00,0x00,0x00,0x00,0x00,0x00,0x00,0x00,0x00,0x00,0x00,0x00,0x00,0x59,0x05,0x00,0x00,0x1C,0x01,
0x00,0x00,0x07,0x00,0x00,0x00,0x03,0x00,0x00,0x00,0x00,0x00,0x64,0x05,0x00,0x00,0xD0,0x0B,0x00,0x00,
0x03,0x00,0x00,0x00,0x03,0x01,0x08,0x00,0x00,0x00,0x01,0x00,0x00,0x00,0x00,0x00,0x00,0x00,0x00,0x00,
0x02,0x00,0x00,0x00,0x00,0x00,0x00,0x00,0x95,0x05,0x00,0x00,0xE0,0x0B,0x00,0x00,0x03,0x00,0x00,0x00,
0x03,0x01,0x08,0x00,0x00,0x00,0x01,0x00,0x00,0x00,0x00,0x00,0x00,0x00,0x00,0x00,0x02,0x00,0x00,0x00,
0x2E,0x74,0x65,0x78,0x74,0x00,0x00,0x00,0x00,0x26,0x00,0x00,0x01,0x00,0x00,0x00,0x03,0x01,0x84,0x08,
0x00,0x00,0x30,0x00,0x00,0x00,0x00,0x00,0x00,0x00,0x00,0x00,0x00,0x00,0x00,0x00,0x2E,0x64,0x61,0x74,
0x61,0x00,0x00,0x00,0x50,0x00,0x00,0x00,0x02,0x00,0x00,0x00,0x03,0x01,0x00,0x00,0x00,0x00,0x00,0x00,
0x00,0x00,0x00,0x00,0x00,0x00,0x00,0x00,0x00,0x00,0x00,0x00,0x2E,0x62,0x73,0x73,0x00,0x00,0x00,0x00,
0x10,0x01,0x00,0x00,0x07,0x00,0x00,0x00,0x03,0x01,0x10,0x00,0x00,0x00,0x00,0x00,0x00,0x00,0x00,0x00,
0x00,0x00,0x00,0x00,0x00,0x00,0x00,0x00,0x2E,0x72,0x64,0x61,0x74,0x61,0x00,0x00,0x10,0x0A,0x00,0x00,
0x03,0x00,0x00,0x00,0x03,0x01,0x5B,0x01,0x00,0x00,0x00,0x00,0x00,0x00,0x00,0x00,0x00,0x00,0x00,0x00,
0x00,0x00,0x00,0x00,0x2E,0x78,0x64,0x61,0x74,0x61,0x00,0x00,0x98,0x01,0x00,0x00,0x06,0x00,0x00,0x00,
0x03,0x01,0x48,0x00,0x00,0x00,0x00,0x00,0x00,0x00,0x00,0x00,0x00,0x00,0x00,0x00,0x00,0x00,0x00,0x00,
0x2E,0x70,0x64,0x61,0x74,0x61,0x00,0x00,0x44,0x01,0x00,0x00,0x05,0x00,0x00,0x00,0x03,0x01,0x48,0x00,
0x00,0x00,0x12,0x00,0x00,0x00,0x00,0x00,0x00,0x00,0x00,0x00,0x00,0x00,0x00,0x00,0x00,0x00,0x00,0x00,
0xA3,0x03,0x00,0x00,0xE0,0x11,0x00,0x00,0x03,0x00,0x00,0x00,0x03,0x01,0x49,0x00,0x00,0x00,0x00,0x00,
0x00,0x00,0x00,0x00,0x00,0x00,0x00,0x00,0x00,0x00,0x00,0x00,0x2E,0x66,0x69,0x6C,0x65,0x00,0x00,0x00,
0x67,0x02,0x00,0x00,0xFE,0xFF,0x00,0x00,0x67,0x01,0x75,0x73,0x65,0x72,0x6D,0x61,0x74,0x68,0x65,0x72,
0x72,0x2E,0x63,0x00,0x00,0x00,0x00,0x00,0x00,0x00,0x00,0x00,0xC2,0x05,0x00,0x00,0x20,0x01,0x00,0x00,
0x07,0x00,0x00,0x00,0x03,0x00,0x00,0x00,0x00,0x00,0xD0,0x05,0x00,0x00,0x90,0x2E,0x00,0x00,0x01,0x00,
0x20,0x00,0x02,0x01,0x00,0x00,0x00,0x00,0x00,0x00,0x00,0x00,0x00,0x00,0x00,0x00,0x59,0x02,0x00,0x00,
0x00,0x00,0x00,0x00,0x00,0x00,0xE6,0x05,0x00,0x00,0xFA,0x2E,0x00,0x00,0x01,0x00,0x20,0x00,0x02,0x01,
0x00,0x00,0x00,0x00,0x00,0x00,0x00,0x00,0x00,0x00,0x00,0x00,0x00,0x00,0x00,0x00,0x00,0x00,0x2E,0x74,
0x65,0x78,0x74,0x00,0x00,0x00,0x90,0x2E,0x00,0x00,0x01,0x00,0x00,0x00,0x03,0x01,0x94,0x00,0x00,0x00,
0x04,0x00,0x00,0x00,0x00,0x00,0x00,0x00,0x00,0x00,0x00,0x00,0x00,0x00,0x2E,0x64,0x61,0x74,0x61,0x00,
0x00,0x00,0x50,0x00,0x00,0x00,0x02,0x00,0x00,0x00,0x03,0x01,0x00,0x00,0x00,0x00,0x00,0x00,0x00,0x00,
0x00,0x00,0x00,0x00,0x00,0x00,0x00,0x00,0x00,0x00,0x2E,0x62,0x73,0x73,0x00,0x00,0x00,0x00,0x20,0x01,
0x00,0x00,0x07,0x00,0x00,0x00,0x03,0x01,0x08,0x00,0x00,0x00,0x00,0x00,0x00,0x00,0x00,0x00,0x00,0x00,
0x00,0x00,0x00,0x00,0x00,0x00,0x2E,0x78,0x64,0x61,0x74,0x61,0x00,0x00,0xE0,0x01,0x00,0x00,0x06,0x00,
0x00,0x00,0x03,0x01,0x18,0x00,0x00,0x00,0x00,0x00,0x00,0x00,0x00,0x00,0x00,0x00,0x00,0x00,0x00,0x00,
0x00,0x00,0x2E,0x70,0x64,0x61,0x74,0x61,0x00,0x00,0x8C,0x01,0x00,0x00,0x05,0x00,0x00,0x00,0x03,0x01,
0x18,0x00,0x00,0x00,0x06,0x00,0x00,0x00,0x00,0x00,0x00,0x00,0x00,0x00,0x00,0x00,0x00,0x00,0x00,0x00,
0x00,0x00,0xA3,0x03,0x00,0x00,0x30,0x12,0x00,0x00,0x03,0x00,0x00,0x00,0x03,0x01,0x49,0x00,0x00,0x00,
0x00,0x00,0x00,0x00,0x00,0x00,0x00,0x00,0x00,0x00,0x00,0x00,0x00,0x00,0x2E,0x66,0x69,0x6C,0x65,0x00,
0x00,0x00,0x71,0x02,0x00,0x00,0xFE,0xFF,0x00,0x00,0x67,0x01,0x78,0x74,0x78,0x74,0x6D,0x6F,0x64,0x65,
0x2E,0x63,0x00,0x00,0x00,0x00,0x00,0x00,0x00,0x00,0x2E,0x74,0x65,0x78,0x74,0x00,0x00,0x00,0x30,0x2F,
0x00,0x00,0x01,0x00,0x00,0x00,0x03,0x01,0x00,0x00,0x00,0x00,0x00,0x00,0x00,0x00,0x00,0x00,0x00,0x00,
0x00,0x00,0x00,0x00,0x00,0x00,0x2E,0x64,0x61,0x74,0x61,0x00,0x00,0x00,0x50,0x00,0x00,0x00,0x02,0x00,
0x00,0x00,0x03,0x01,0x00,0x00,0x00,0x00,0x00,0x00,0x00,0x00,0x00,0x00,0x00,0x00,0x00,0x00,0x00,0x00,
0x00,0x00,0x2E,0x62,0x73,0x73,0x00,0x00,0x00,0x00,0x30,0x01,0x00,0x00,0x07,0x00,0x00,0x00,0x03,0x01,
0x04,0x00,0x00,0x00,0x00,0x00,0x00,0x00,0x00,0x00,0x00,0x00,0x00,0x00,0x00,0x00,0x00,0x00,0x00,0x00,
0x00,0x00,0xA3,0x03,0x00,0x00,0x80,0x12,0x00,0x00,0x03,0x00,0x00,0x00,0x03,0x01,0x49,0x00,0x00,0x00,
0x00,0x00,0x00,0x00,0x00,0x00,0x00,0x00,0x00,0x00,0x00,0x00,0x00,0x00,0x2E,0x66,0x69,0x6C,0x65,0x00,
0x00,0x00,0x83,0x02,0x00,0x00,0xFE,0xFF,0x00,0x00,0x67,0x01,0x63,0x72,0x74,0x5F,0x68,0x61,0x6E,0x64,
0x6C,0x65,0x72,0x2E,0x63,0x00,0x00,0x00,0x00,0x00,0x00,0x00,0x00,0x00,0xFD,0x05,0x00,0x00,0x30,0x2F,
0x00,0x00,0x01,0x00,0x20,0x00,0x02,0x01,0x00,0x00,0x00,0x00,0x00,0x00,0x00,0x00,0x00,0x00,0x00,0x00,
0x75,0x02,0x00,0x00,0x00,0x00,0x00,0x00,0x00,0x00,0x17,0x06,0x00,0x00,0x8A,0x31,0x00,0x00,0x01,0x00,
0x20,0x00,0x02,0x01,0x00,0x00,0x00,0x00,0x00,0x00,0x00,0x00,0x00,0x00,0x00,0x00,0x00,0x00,0x00,0x00,
0x00,0x00,0x2E,0x74,0x65,0x78,0x74,0x00,0x00,0x00,0x30,0x2F,0x00,0x00,0x01,0x00,0x00,0x00,0x03,0x01,
0xBE,0x04,0x00,0x00,0x10,0x00,0x00,0x00,0x00,0x00,0x00,0x00,0x00,0x00,0x00,0x00,0x00,0x00,0x2E,0x64,
0x61,0x74,0x61,0x00,0x00,0x00,0x50,0x00,0x00,0x00,0x02,0x00,0x00,0x00,0x03,0x01,0x00,0x00,0x00,0x00,
0x00,0x00,0x00,0x00,0x00,0x00,0x00,0x00,0x00,0x00,0x00,0x00,0x00,0x00,0x2E,0x62,0x73,0x73,0x00,0x00,
0x00,0x00,0x40,0x01,0x00,0x00,0x07,0x00,0x00,0x00,0x03,0x01,0x08,0x00,0x00,0x00,0x00,0x00,0x00,0x00,
0x00,0x00,0x00,0x00,0x00,0x00,0x00,0x00,0x00,0x00,0x2E,0x78,0x64,0x61,0x74,0x61,0x00,0x00,0xF8,0x01,
0x00,0x00,0x06,0x00,0x00,0x00,0x03,0x01,0x18,0x00,0x00,0x00,0x00,0x00,0x00,0x00,0x00,0x00,0x00,0x00,
0x00,0x00,0x00,0x00,0x00,0x00,0x2E,0x70,0x64,0x61,0x74,0x61,0x00,0x00,0xA4,0x01,0x00,0x00,0x05,0x00,
0x00,0x00,0x03,0x01,0x18,0x00,0x00,0x00,0x06,0x00,0x00,0x00,0x00,0x00,0x00,0x00,0x00,0x00,0x00,0x00,
0x00,0x00,0x00,0x00,0x00,0x00,0xA3,0x03,0x00,0x00,0xD0,0x12,0x00,0x00,0x03,0x00,0x00,0x00,0x03,0x01,
0x49,0x00,0x00,0x00,0x00,0x00,0x00,0x00,0x00,0x00,0x00,0x00,0x00,0x00,0x00,0x00,0x00,0x00,0x2E,0x66,
0x69,0x6C,0x65,0x00,0x00,0x00,0x9C,0x02,0x00,0x00,0xFE,0xFF,0x00,0x00,0x67,0x01,0x74,0x6C,0x73,0x74,
0x68,0x72,0x64,0x2E,0x63,0x00,0x00,0x00,0x00,0x00,0x00,0x00,0x00,0x00,0x00,0x00,0x00,0x00,0x2E,0x06,
0x00,0x00,0x60,0x01,0x00,0x00,0x07,0x00,0x00,0x00,0x03,0x00,0x00,0x00,0x00,0x00,0x3C,0x06,0x00,0x00,
0x88,0x01,0x00,0x00,0x07,0x00,0x00,0x00,0x03,0x00,0x00,0x00,0x00,0x00,0x4F,0x06,0x00,0x00,0x90,0x01,
0x00,0x00,0x07,0x00,0x00,0x00,0x03,0x00,0x00,0x00,0x00,0x00,0x5D,0x06,0x00,0x00,0xF0,0x33,0x00,0x00,
0x01,0x00,0x20,0x00,0x02,0x01,0x00,0x00,0x00,0x00,0x00,0x00,0x00,0x00,0x00,0x00,0x00,0x00,0x8A,0x02,
0x00,0x00,0x00,0x00,0x00,0x00,0x00,0x00,0x7A,0x06,0x00,0x00,0x91,0x34,0x00,0x00,0x01,0x00,0x20,0x00,
0x02,0x01,0x00,0x00,0x00,0x00,0x00,0x00,0x00,0x00,0x00,0x00,0x00,0x00,0x8C,0x02,0x00,0x00,0x00,0x00,
0x00,0x00,0x00,0x00,0x9A,0x06,0x00,0x00,0x52,0x35,0x00,0x00,0x01,0x00,0x20,0x00,0x03,0x01,0x00,0x00,
0x00,0x00,0x00,0x00,0x00,0x00,0x00,0x00,0x00,0x00,0x8E,0x02,0x00,0x00,0x00,0x00,0x00,0x00,0x00,0x00,
0xB3,0x06,0x00,0x00,0xF1,0x35,0x00,0x00,0x01,0x00,0x20,0x00,0x02,0x01,0x00,0x00,0x00,0x00,0x00,0x00,
0x00,0x00,0x00,0x00,0x00,0x00,0x00,0x00,0x00,0x00,0x00,0x00,0x2E,0x74,0x65,0x78,0x74,0x00,0x00,0x00,
0xF0,0x33,0x00,0x00,0x01,0x00,0x00,0x00,0x03,0x01,0xFD,0x02,0x00,0x00,0x24,0x00,0x00,0x00,0x00,0x00,
0x00,0x00,0x00,0x00,0x00,0x00,0x00,0x00,0x2E,0x64,0x61,0x74,0x61,0x00,0x00,0x00,0x50,0x00,0x00,0x00,
0x02,0x00,0x00,0x00,0x03,0x01,0x00,0x00,0x00,0x00,0x00,0x00,0x00,0x00,0x00,0x00,0x00,0x00,0x00,0x00,
0x00,0x00,0x00,0x00,0x2E,0x62,0x73,0x73,0x00,0x00,0x00,0x00,0x60,0x01,0x00,0x00,0x07,0x00,0x00,0x00,
0x03,0x01,0x38,0x00,0x00,0x00,0x00,0x00,0x00,0x00,0x00,0x00,0x00,0x00,0x00,0x00,0x00,0x00,0x00,0x00,
0x2E,0x78,0x64,0x61,0x74,0x61,0x00,0x00,0x10,0x02,0x00,0x00,0x06,0x00,0x00,0x00,0x03,0x01,0x30,0x00,
0x00,0x00,0x00,0x00,0x00,0x00,0x00,0x00,0x00,0x00,0x00,0x00,0x00,0x00,0x00,0x00,0x2E,0x70,0x64,0x61,
0x74,0x61,0x00,0x00,0xBC,0x01,0x00,0x00,0x05,0x00,0x00,0x00,0x03,0x01,0x30,0x00,0x00,0x00,0x0C,0x00,
0x00,0x00,0x00,0x00,0x00,0x00,0x00,0x00,0x00,0x00,0x00,0x00,0x00,0x00,0x00,0x00,0xA3,0x03,0x00,0x00,
0x20,0x13,0x00,0x00,0x03,0x00,0x00,0x00,0x03,0x01,0x49,0x00,0x00,0x00,0x00,0x00,0x00,0x00,0x00,0x00,
0x00,0x00,0x00,0x00,0x00,0x00,0x00,0x00,0x2E,0x66,0x69,0x6C,0x65,0x00,0x00,0x00,0xA6,0x02,0x00,0x00,
0xFE,0xFF,0x00,0x00,0x67,0x01,0x74,0x6C,0x73,0x6D,0x63,0x72,0x74,0x2E,0x63,0x00,0x00,0x00,0x00,0x00,
0x00,0x00,0x00,0x00,0x2E,0x74,0x65,0x78,0x74,0x00,0x00,0x00,0xF0,0x36,0x00,0x00,0x01,0x00,0x00,0x00,
0x03,0x01,0x00,0x00,0x00,0x00,0x00,0x00,0x00,0x00,0x00,0x00,0x00,0x00,0x00,0x00,0x00,0x00,0x00,0x00,
0x2E,0x64,0x61,0x74,0x61,0x00,0x00,0x00,0x50,0x00,0x00,0x00,0x02,0x00,0x00,0x00,0x03,0x01,0x04,0x00,
0x00,0x00,0x00,0x00,0x00,0x00,0x00,0x00,0x00,0x00,0x00,0x00,0x00,0x00,0x00,0x00,0x2E,0x62,0x73,0x73,
0x00,0x00,0x00,0x00,0xA0,0x01,0x00,0x00,0x07,0x00,0x00,0x00,0x03,0x01,0x00,0x00,0x00,0x00,0x00,0x00,
0x00,0x00,0x00,0x00,0x00,0x00,0x00,0x00,0x00,0x00,0x00,0x00,0x00,0x00,0x00,0x00,0xA3,0x03,0x00,0x00,
0x70,0x13,0x00,0x00,0x03,0x00,0x00,0x00,0x03,0x01,0x49,0x00,0x00,0x00,0x00,0x00,0x00,0x00,0x00,0x00,
0x00,0x00,0x00,0x00,0x00,0x00,0x00,0x00,0x2E,0x66,0x69,0x6C,0x65,0x00,0x00,0x00,0xB8,0x02,0x00,0x00,
0xFE,0xFF,0x00,0x00,0x67,0x01,0x43,0x52,0x54,0x5F,0x66,0x70,0x31,0x30,0x2E,0x63,0x00,0x00,0x00,0x00,
0x00,0x00,0x00,0x00,0x5F,0x66,0x70,0x72,0x65,0x73,0x65,0x74,0xF0,0x36,0x00,0x00,0x01,0x00,0x20,0x00,
0x02,0x01,0x00,0x00,0x00,0x00,0x00,0x00,0x00,0x00,0x00,0x00,0x00,0x00,0xAA,0x02,0x00,0x00,0x00,0x00,
0x66,0x70,0x72,0x65,0x73,0x65,0x74,0x00,0xF0,0x36,0x00,0x00,0x01,0x00,0x20,0x00,0x02,0x01,0x00,0x00,
0x00,0x00,0x00,0x00,0x00,0x00,0x00,0x00,0x00,0x00,0x00,0x00,0x00,0x00,0x00,0x00,0x2E,0x74,0x65,0x78,
0x74,0x00,0x00,0x00,0xF0,0x36,0x00,0x00,0x01,0x00,0x00,0x00,0x03,0x01,0x09,0x00,0x00,0x00,0x00,0x00,
0x00,0x00,0x00,0x00,0x00,0x00,0x00,0x00,0x00,0x00,0x00,0x00,0x2E,0x64,0x61,0x74,0x61,0x00,0x00,0x00,
0x60,0x00,0x00,0x00,0x02,0x00,0x00,0x00,0x03,0x01,0x00,0x00,0x00,0x00,0x00,0x00,0x00,0x00,0x00,0x00,
0x00,0x00,0x00,0x00,0x00,0x00,0x00,0x00,0x2E,0x62,0x73,0x73,0x00,0x00,0x00,0x00,0xA0,0x01,0x00,0x00,
0x07,0x00,0x00,0x00,0x03,0x01,0x00,0x00,0x00,0x00,0x00,0x00,0x00,0x00,0x00,0x00,0x00,0x00,0x00,0x00,
0x00,0x00,0x00,0x00,0x2E,0x78,0x64,0x61,0x74,0x61,0x00,0x00,0x40,0x02,0x00,0x00,0x06,0x00,0x00,0x00,
0x03,0x01,0x08,0x00,0x00,0x00,0x00,0x00,0x00,0x00,0x00,0x00,0x00,0x00,0x00,0x00,0x00,0x00,0x00,0x00,
0x2E,0x70,0x64,0x61,0x74,0x61,0x00,0x00,0xEC,0x01,0x00,0x00,0x05,0x00,0x00,0x00,0x03,0x01,0x0C,0x00,
0x00,0x00,0x03,0x00,0x00,0x00,0x00,0x00,0x00,0x00,0x00,0x00,0x00,0x00,0x00,0x00,0x00,0x00,0x00,0x00,
0xA3,0x03,0x00,0x00,0xC0,0x13,0x00,0x00,0x03,0x00,0x00,0x00,0x03,0x01,0x49,0x00,0x00,0x00,0x00,0x00,
0x00,0x00,0x00,0x00,0x00,0x00,0x00,0x00,0x00,0x00,0x00,0x00,0x2E,0x66,0x69,0x6C,0x65,0x00,0x00,0x00,
0xC2,0x02,0x00,0x00,0xFE,0xFF,0x00,0x00,0x67,0x01,0x00,0x00,0x00,0x00,0xC7,0x06,0x00,0x00,0x00,0x00,
0x00,0x00,0x00,0x00,0x00,0x00,0x00,0x00,0x2E,0x74,0x65,0x78,0x74,0x00,0x00,0x00,0x00,0x37,0x00,0x00,
0x01,0x00,0x00,0x00,0x03,0x01,0x00,0x00,0x00,0x00,0x00,0x00,0x00,0x00,0x00,0x00,0x00,0x00,0x00,0x00,
0x00,0x00,0x00,0x00,0x2E,0x64,0x61,0x74,0x61,0x00,0x00,0x00,0x60,0x00,0x00,0x00,0x02,0x00,0x00,0x00,
0x03,0x01,0x00,0x00,0x00,0x00,0x00,0x00,0x00,0x00,0x00,0x00,0x00,0x00,0x00,0x00,0x00,0x00,0x00,0x00,
0x2E,0x62,0x73,0x73,0x00,0x00,0x00,0x00,0xA0,0x01,0x00,0x00,0x07,0x00,0x00,0x00,0x03,0x01,0x02,0x00,
0x00,0x00,0x00,0x00,0x00,0x00,0x00,0x00,0x00,0x00,0x00,0x00,0x00,0x00,0x00,0x00,0x00,0x00,0x00,0x00,
0xA3,0x03,0x00,0x00,0x10,0x14,0x00,0x00,0x03,0x00,0x00,0x00,0x03,0x01,0x49,0x00,0x00,0x00,0x00,0x00,
0x00,0x00,0x00,0x00,0x00,0x00,0x00,0x00,0x00,0x00,0x00,0x00,0x2E,0x66,0x69,0x6C,0x65,0x00,0x00,0x00,
0xE2,0x02,0x00,0x00,0xFE,0xFF,0x00,0x00,0x67,0x01,0x70,0x65,0x73,0x65,0x63,0x74,0x2E,0x63,0x00,0x00,
0x00,0x00,0x00,0x00,0x00,0x00,0x00,0x00,0x00,0x00,0x00,0x00,0xDB,0x06,0x00,0x00,0x00,0x37,0x00,0x00,
0x01,0x00,0x20,0x00,0x02,0x01,0x00,0x00,0x00,0x00,0x00,0x00,0x00,0x00,0x00,0x00,0x00,0x00,0xC6,0x02,
0x00,0x00,0x00,0x00,0x00,0x00,0x00,0x00,0xEE,0x06,0x00,0x00,0x7C,0x37,0x00,0x00,0x01,0x00,0x20,0x00,
0x02,0x01,0x00,0x00,0x00,0x00,0x00,0x00,0x00,0x00,0x00,0x00,0x00,0x00,0xC8,0x02,0x00,0x00,0x00,0x00,
0x00,0x00,0x00,0x00,0xFD,0x06,0x00,0x00,0x15,0x38,0x00,0x00,0x01,0x00,0x20,0x00,0x02,0x01,0x00,0x00,
0x00,0x00,0x00,0x00,0x00,0x00,0x00,0x00,0x00,0x00,0xCA,0x02,0x00,0x00,0x00,0x00,0x00,0x00,0x00,0x00,
0x12,0x07,0x00,0x00,0xDB,0x38,0x00,0x00,0x01,0x00,0x20,0x00,0x02,0x01,0x00,0x00,0x00,0x00,0x00,0x00,
0x00,0x00,0x00,0x00,0x00,0x00,0xCC,0x02,0x00,0x00,0x00,0x00,0x00,0x00,0x00,0x00,0x2F,0x07,0x00,0x00,
0x2B,0x39,0x00,0x00,0x01,0x00,0x20,0x00,0x02,0x01,0x00,0x00,0x00,0x00,0x00,0x00,0x00,0x00,0x00,0x00,
0x00,0x00,0xCE,0x02,0x00,0x00,0x00,0x00,0x00,0x00,0x00,0x00,0x47,0x07,0x00,0x00,0x7B,0x39,0x00,0x00,
0x01,0x00,0x20,0x00,0x02,0x01,0x00,0x00,0x00,0x00,0x00,0x00,0x00,0x00,0x00,0x00,0x00,0x00,0xD0,0x02,
0x00,0x00,0x00,0x00,0x00,0x00,0x00,0x00,0x5A,0x07,0x00,0x00,0x27,0x3A,0x00,0x00,0x01,0x00,0x20,0x00,
0x02,0x01,0x00,0x00,0x00,0x00,0x00,0x00,0x00,0x00,0x00,0x00,0x00,0x00,0xD2,0x02,0x00,0x00,0x00,0x00,
0x00,0x00,0x00,0x00,0x6A,0x07,0x00,0x00,0x5B,0x3A,0x00,0x00,0x01,0x00,0x20,0x00,0x02,0x01,0x00,0x00,
0x00,0x00,0x00,0x00,0x00,0x00,0x00,0x00,0x00,0x00,0xD4,0x02,0x00,0x00,0x00,0x00,0x00,0x00,0x00,0x00,
0x87,0x07,0x00,0x00,0xCC,0x3A,0x00,0x00,0x01,0x00,0x20,0x00,0x02,0x01,0x00,0x00,0x00,0x00,0x00,0x00,
0x00,0x00,0x00,0x00,0x00,0x00,0x00,0x00,0x00,0x00,0x00,0x00,0x2E,0x74,0x65,0x78,0x74,0x00,0x00,0x00,
0x00,0x37,0x00,0x00,0x01,0x00,0x00,0x00,0x03,0x01,0xAD,0x04,0x00,0x00,0x09,0x00,0x00,0x00,0x00,0x00,
0x00,0x00,0x00,0x00,0x00,0x00,0x00,0x00,0x2E,0x64,0x61,0x74,0x61,0x00,0x00,0x00,0x60,0x00,0x00,0x00,
0x02,0x00,0x00,0x00,0x03,0x01,0x00,0x00,0x00,0x00,0x00,0x00,0x00,0x00,0x00,0x00,0x00,0x00,0x00,0x00,
0x00,0x00,0x00,0x00,0x2E,0x62,0x73,0x73,0x00,0x00,0x00,0x00,0xB0,0x01,0x00,0x00,0x07,0x00,0x00,0x00,
0x03,0x01,0x00,0x00,0x00,0x00,0x00,0x00,0x00,0x00,0x00,0x00,0x00,0x00,0x00,0x00,0x00,0x00,0x00,0x00,
0x2E,0x78,0x64,0x61,0x74,0x61,0x00,0x00,0x48,0x02,0x00,0x00,0x06,0x00,0x00,0x00,0x03,0x01,0x6C,0x00,
0x00,0x00,0x00,0x00,0x00,0x00,0x00,0x00,0x00,0x00,0x00,0x00,0x00,0x00,0x00,0x00,0x2E,0x70,0x64,0x61,
0x74,0x61,0x00,0x00,0xF8,0x01,0x00,0x00,0x05,0x00,0x00,0x00,0x03,0x01,0x6C,0x00,0x00,0x00,0x1B,0x00,
0x00,0x00,0x00,0x00,0x00,0x00,0x00,0x00,0x00,0x00,0x00,0x00,0x00,0x00,0x00,0x00,0xA3,0x03,0x00,0x00,
0x60,0x14,0x00,0x00,0x03,0x00,0x00,0x00,0x03,0x01,0x49,0x00,0x00,0x00,0x00,0x00,0x00,0x00,0x00,0x00,
0x00,0x00,0x00,0x00,0x00,0x00,0x00,0x00,0x2E,0x66,0x69,0x6C,0x65,0x00,0x00,0x00,0xF8,0x02,0x00,0x00,
0xFE,0xFF,0x00,0x00,0x67,0x01,0x66,0x61,0x6B,0x65,0x00,0x00,0x00,0x00,0x00,0x00,0x00,0x00,0x00,0x00,
0x00,0x00,0x00,0x00,0x00,0x00,0x00,0x00,0xA9,0x07,0x00,0x00,0x00,0x00,0x00,0x00,0x0C,0x00,0x00,0x00,
0x03,0x01,0x28,0x00,0x00,0x00,0x06,0x00,0x00,0x00,0x00,0x00,0x00,0x00,0x00,0x00,0x00,0x00,0x00,0x00,
0x00,0x00,0x00,0x00,0xB5,0x07,0x00,0x00,0x00,0x00,0x00,0x00,0x0D,0x00,0x00,0x00,0x03,0x01,0x14,0x00,
0x00,0x00,0x00,0x00,0x00,0x00,0x00,0x00,0x00,0x00,0x00,0x00,0x00,0x00,0x00,0x00,0x00,0x00,0x00,0x00,
0xC3,0x07,0x00,0x00,0x00,0x00,0x00,0x00,0x0E,0x00,0x00,0x00,0x03,0x01,0x5C,0x00,0x00,0x00,0x05,0x00,
0x00,0x00,0x00,0x00,0x00,0x00,0x00,0x00,0x00,0x00,0x00,0x00,0x2E,0x74,0x65,0x78,0x74,0x00,0x00,0x00,
0xB0,0x3B,0x00,0x00,0x01,0x00,0x00,0x00,0x03,0x01,0x32,0x00,0x00,0x00,0x00,0x00,0x00,0x00,0x00,0x00,
0x00,0x00,0x00,0x00,0x00,0x00,0x00,0x00,0x2E,0x64,0x61,0x74,0x61,0x00,0x00,0x00,0x60,0x00,0x00,0x00,
0x02,0x00,0x00,0x00,0x03,0x01,0x00,0x00,0x00,0x00,0x00,0x00,0x00,0x00,0x00,0x00,0x00,0x00,0x00,0x00,
0x00,0x00,0x00,0x00,0x2E,0x62,0x73,0x73,0x00,0x00,0x00,0x00,0xB0,0x01,0x00,0x00,0x07,0x00,0x00,0x00,
0x03,0x01,0x00,0x00,0x00,0x00,0x00,0x00,0x00,0x00,0x00,0x00,0x00,0x00,0x00,0x00,0x00,0x00,0x00,0x00,
0x00,0x00,0x00,0x00,0xCF,0x07,0x00,0x00,0x00,0x00,0x00,0x00,0x11,0x00,0x00,0x00,0x03,0x01,0x7E,0x00,
0x00,0x00,0x00,0x00,0x00,0x00,0x00,0x00,0x00,0x00,0x00,0x00,0x00,0x00,0x00,0x00,0x00,0x00,0x00,0x00,
0xDF,0x07,0x00,0x00,0x00,0x00,0x00,0x00,0x0B,0x00,0x00,0x00,0x03,0x01,0x30,0x00,0x00,0x00,0x02,0x00,
0x00,0x00,0x00,0x00,0x00,0x00,0x00,0x00,0x00,0x00,0x00,0x00,0x00,0x00,0x00,0x00,0xEE,0x07,0x00,0x00,
0x00,0x00,0x00,0x00,0x10,0x00,0x00,0x00,0x03,0x01,0x8C,0x00,0x00,0x00,0x00,0x00,0x00,0x00,0x00,0x00,
0x00,0x00,0x00,0x00,0x00,0x00,0x00,0x00,0x00,0x00,0x00,0x00,0xF9,0x07,0x00,0x00,0x00,0x00,0x00,0x00,
0x0F,0x00,0x00,0x00,0x03,0x01,0x48,0x00,0x00,0x00,0x02,0x00,0x00,0x00,0x00,0x00,0x00,0x00,0x00,0x00,
0x00,0x00,0x00,0x00,0x2E,0x66,0x69,0x6C,0x65,0x00,0x00,0x00,0x0C,0x03,0x00,0x00,0xFE,0xFF,0x00,0x00,
0x67,0x01,0x6C,0x69,0x62,0x67,0x63,0x63,0x32,0x2E,0x63,0x00,0x00,0x00,0x00,0x00,0x00,0x00,0x00,0x00,
0x2E,0x74,0x65,0x78,0x74,0x00,0x00,0x00,0xF0,0x3B,0x00,0x00,0x01,0x00,0x00,0x00,0x03,0x01,0x00,0x00,
0x00,0x00,0x00,0x00,0x00,0x00,0x00,0x00,0x00,0x00,0x00,0x00,0x00,0x00,0x00,0x00,0x2E,0x64,0x61,0x74,
0x61,0x00,0x00,0x00,0x60,0x00,0x00,0x00,0x02,0x00,0x00,0x00,0x03,0x01,0x00,0x00,0x00,0x00,0x00,0x00,
0x00,0x00,0x00,0x00,0x00,0x00,0x00,0x00,0x00,0x00,0x00,0x00,0x2E,0x62,0x73,0x73,0x00,0x00,0x00,0x00,
0xB0,0x01,0x00,0x00,0x07,0x00,0x00,0x00,0x03,0x01,0x20,0x00,0x00,0x00,0x00,0x00,0x00,0x00,0x00,0x00,
0x00,0x00,0x00,0x00,0x00,0x00,0x00,0x00,0x00,0x00,0x00,0x00,0xA9,0x07,0x00,0x00,0x28,0x00,0x00,0x00,
0x0C,0x00,0x00,0x00,0x03,0x01,0x1C,0x12,0x00,0x00,0x06,0x00,0x00,0x00,0x00,0x00,0x00,0x00,0x00,0x00,
0x00,0x00,0x00,0x00,0x00,0x00,0x00,0x00,0xB5,0x07,0x00,0x00,0x14,0x00,0x00,0x00,0x0D,0x00,0x00,0x00,
0x03,0x01,0xB6,0x00,0x00,0x00,0x00,0x00,0x00,0x00,0x00,0x00,0x00,0x00,0x00,0x00,0x00,0x00,0x00,0x00,
0x00,0x00,0x00,0x00,0xDF,0x07,0x00,0x00,0x30,0x00,0x00,0x00,0x0B,0x00,0x00,0x00,0x03,0x01,0x20,0x00,
0x00,0x00,0x01,0x00,0x00,0x00,0x00,0x00,0x00,0x00,0x00,0x00,0x00,0x00,0x00,0x00,0x00,0x00,0x00,0x00,
0xC3,0x07,0x00,0x00,0x5C,0x00,0x00,0x00,0x0E,0x00,0x00,0x00,0x03,0x01,0x48,0x00,0x00,0x00,0x07,0x00,
0x00,0x00,0x00,0x00,0x00,0x00,0x00,0x00,0x00,0x00,0x00,0x00,0x00,0x00,0x00,0x00,0xCF,0x07,0x00,0x00,
0x7E,0x00,0x00,0x00,0x11,0x00,0x00,0x00,0x03,0x01,0x26,0x01,0x00,0x00,0x00,0x00,0x00,0x00,0x00,0x00,
0x00,0x00,0x00,0x00,0x00,0x00,0x00,0x00,0x00,0x00,0x00,0x00,0xA3,0x03,0x00,0x00,0xB0,0x14,0x00,0x00,
0x03,0x00,0x00,0x00,0x03,0x01,0x49,0x00,0x00,0x00,0x00,0x00,0x00,0x00,0x00,0x00,0x00,0x00,0x00,0x00,
0x00,0x00,0x00,0x00,0x2E,0x66,0x69,0x6C,0x65,0x00,0x00,0x00,0x16,0x03,0x00,0x00,0xFE,0xFF,0x00,0x00,
0x67,0x01,0x6D,0x69,0x6E,0x67,0x77,0x5F,0x6D,0x61,0x74,0x68,0x65,0x72,0x72,0x2E,0x63,0x00,0x00,0x00,
0x2E,0x74,0x65,0x78,0x74,0x00,0x00,0x00,0xF0,0x3B,0x00,0x00,0x01,0x00,0x00,0x00,0x03,0x01,0x00,0x00,
0x00,0x00,0x00,0x00,0x00,0x00,0x00,0x00,0x00,0x00,0x00,0x00,0x00,0x00,0x00,0x00,0x2E,0x64,0x61,0x74,
0x61,0x00,0x00,0x00,0x60,0x00,0x00,0x00,0x02,0x00,0x00,0x00,0x03,0x01,0x04,0x00,0x00,0x00,0x00,0x00,
0x00,0x00,0x00,0x00,0x00,0x00,0x00,0x00,0x00,0x00,0x00,0x00,0x2E,0x62,0x73,0x73,0x00,0x00,0x00,0x00,
0xD0,0x01,0x00,0x00,0x07,0x00,0x00,0x00,0x03,0x01,0x00,0x00,0x00,0x00,0x00,0x00,0x00,0x00,0x00,0x00,
0x00,0x00,0x00,0x00,0x00,0x00,0x00,0x00,0x00,0x00,0x00,0x00,0xA3,0x03,0x00,0x00,0x00,0x15,0x00,0x00,
0x03,0x00,0x00,0x00,0x03,0x01,0x49,0x00,0x00,0x00,0x00,0x00,0x00,0x00,0x00,0x00,0x00,0x00,0x00,0x00,
0x00,0x00,0x00,0x00,0x2E,0x66,0x69,0x6C,0x65,0x00,0x00,0x00,0x26,0x03,0x00,0x00,0xFE,0xFF,0x00,0x00,
0x67,0x01,0x75,0x63,0x72,0x74,0x5F,0x76,0x66,0x70,0x72,0x69,0x6E,0x74,0x66,0x2E,0x63,0x00,0x00,0x00,
0x76,0x66,0x70,0x72,0x69,0x6E,0x74,0x66,0xF0,0x3B,0x00,0x00,0x01,0x00,0x20,0x00,0x02,0x01,0x00,0x00,
0x00,0x00,0x00,0x00,0x00,0x00,0x00,0x00,0x00,0x00,0x00,0x00,0x00,0x00,0x00,0x00,0x2E,0x74,0x65,0x78,
0x74,0x00,0x00,0x00,0xF0,0x3B,0x00,0x00,0x01,0x00,0x00,0x00,0x03,0x01,0x41,0x00,0x00,0x00,0x02,0x00,
0x00,0x00,0x00,0x00,0x00,0x00,0x00,0x00,0x00,0x00,0x00,0x00,0x2E,0x64,0x61,0x74,0x61,0x00,0x00,0x00,
0x70,0x00,0x00,0x00,0x02,0x00,0x00,0x00,0x03,0x01,0x00,0x00,0x00,0x00,0x00,0x00,0x00,0x00,0x00,0x00,
0x00,0x00,0x00,0x00,0x00,0x00,0x00,0x00,0x2E,0x62,0x73,0x73,0x00,0x00,0x00,0x00,0xD0,0x01,0x00,0x00,
0x07,0x00,0x00,0x00,0x03,0x01,0x00,0x00,0x00,0x00,0x00,0x00,0x00,0x00,0x00,0x00,0x00,0x00,0x00,0x00,
0x00,0x00,0x00,0x00,0x2E,0x78,0x64,0x61,0x74,0x61,0x00,0x00,0xB4,0x02,0x00,0x00,0x06,0x00,0x00,0x00,
0x03,0x01,0x0C,0x00,0x00,0x00,0x00,0x00,0x00,0x00,0x00,0x00,0x00,0x00,0x00,0x00,0x00,0x00,0x00,0x00,
0x2E,0x70,0x64,0x61,0x74,0x61,0x00,0x00,0x64,0x02,0x00,0x00,0x05,0x00,0x00,0x00,0x03,0x01,0x0C,0x00,
0x00,0x00,0x03,0x00,0x00,0x00,0x00,0x00,0x00,0x00,0x00,0x00,0x00,0x00,0x00,0x00,0x00,0x00,0x00,0x00,
0xA3,0x03,0x00,0x00,0x50,0x15,0x00,0x00,0x03,0x00,0x00,0x00,0x03,0x01,0x49,0x00,0x00,0x00,0x00,0x00,
0x00,0x00,0x00,0x00,0x00,0x00,0x00,0x00,0x00,0x00,0x00,0x00,0x2E,0x66,0x69,0x6C,0x65,0x00,0x00,0x00,
0x36,0x03,0x00,0x00,0xFE,0xFF,0x00,0x00,0x67,0x01,0x75,0x63,0x72,0x74,0x5F,0x66,0x70,0x72,0x69,0x6E,
0x74,0x66,0x2E,0x63,0x00,0x00,0x00,0x00,0x66,0x70,0x72,0x69,0x6E,0x74,0x66,0x00,0x40,0x3C,0x00,0x00,
0x01,0x00,0x20,0x00,0x02,0x01,0x00,0x00,0x00,0x00,0x00,0x00,0x00,0x00,0x00,0x00,0x00,0x00,0x00,0x00,
0x00,0x00,0x00,0x00,0x2E,0x74,0x65,0x78,0x74,0x00,0x00,0x00,0x40,0x3C,0x00,0x00,0x01,0x00,0x00,0x00,
0x03,0x01,0x5A,0x00,0x00,0x00,0x02,0x00,0x00,0x00,0x00,0x00,0x00,0x00,0x00,0x00,0x00,0x00,0x00,0x00,
0x2E,0x64,0x61,0x74,0x61,0x00,0x00,0x00,0x70,0x00,0x00,0x00,0x02,0x00,0x00,0x00,0x03,0x01,0x00,0x00,
0x00,0x00,0x00,0x00,0x00,0x00,0x00,0x00,0x00,0x00,0x00,0x00,0x00,0x00,0x00,0x00,0x2E,0x62,0x73,0x73,
0x00,0x00,0x00,0x00,0xD0,0x01,0x00,0x00,0x07,0x00,0x00,0x00,0x03,0x01,0x00,0x00,0x00,0x00,0x00,0x00,
0x00,0x00,0x00,0x00,0x00,0x00,0x00,0x00,0x00,0x00,0x00,0x00,0x2E,0x78,0x64,0x61,0x74,0x61,0x00,0x00,
0xC0,0x02,0x00,0x00,0x06,0x00,0x00,0x00,0x03,0x01,0x0C,0x00,0x00,0x00,0x00,0x00,0x00,0x00,0x00,0x00,
0x00,0x00,0x00,0x00,0x00,0x00,0x00,0x00,0x2E,0x70,0x64,0x61,0x74,0x61,0x00,0x00,0x70,0x02,0x00,0x00,
0x05,0x00,0x00,0x00,0x03,0x01,0x0C,0x00,0x00,0x00,0x03,0x00,0x00,0x00,0x00,0x00,0x00,0x00,0x00,0x00,
0x00,0x00,0x00,0x00,0x00,0x00,0x00,0x00,0xA3,0x03,0x00,0x00,0xA0,0x15,0x00,0x00,0x03,0x00,0x00,0x00,
0x03,0x01,0x49,0x00,0x00,0x00,0x00,0x00,0x00,0x00,0x00,0x00,0x00,0x00,0x00,0x00,0x00,0x00,0x00,0x00,
0x2E,0x66,0x69,0x6C,0x65,0x00,0x00,0x00,0x47,0x03,0x00,0x00,0xFE,0xFF,0x00,0x00,0x67,0x01,0x00,0x00,
0x00,0x00,0x23,0x08,0x00,0x00,0x00,0x00,0x00,0x00,0x00,0x00,0x00,0x00,0x00,0x00,0x6F,0x70,0x74,0x69,
0x6F,0x6E,0x73,0x00,0x70,0x00,0x00,0x00,0x02,0x00,0x00,0x00,0x03,0x00,0x00,0x00,0x00,0x00,0x06,0x08,
0x00,0x00,0xA0,0x3C,0x00,0x00,0x01,0x00,0x20,0x00,0x02,0x01,0x00,0x00,0x00,0x00,0x00,0x00,0x00,0x00,
0x00,0x00,0x00,0x00,0x00,0x00,0x00,0x00,0x00,0x00,0x2E,0x74,0x65,0x78,0x74,0x00,0x00,0x00,0xA0,0x3C,
0x00,0x00,0x01,0x00,0x00,0x00,0x03,0x01,0x0D,0x00,0x00,0x00,0x01,0x00,0x00,0x00,0x00,0x00,0x00,0x00,
0x00,0x00,0x00,0x00,0x00,0x00,0x2E,0x64,0x61,0x74,0x61,0x00,0x00,0x00,0x70,0x00,0x00,0x00,0x02,0x00,
0x00,0x00,0x03,0x01,0x08,0x00,0x00,0x00,0x00,0x00,0x00,0x00,0x00,0x00,0x00,0x00,0x00,0x00,0x00,0x00,
0x00,0x00,0x2E,0x62,0x73,0x73,0x00,0x00,0x00,0x00,0xD0,0x01,0x00,0x00,0x07,0x00,0x00,0x00,0x03,0x01,
0x00,0x00,0x00,0x00,0x00,0x00,0x00,0x00,0x00,0x00,0x00,0x00,0x00,0x00,0x00,0x00,0x00,0x00,0x2E,0x78,
0x64,0x61,0x74,0x61,0x00,0x00,0xCC,0x02,0x00,0x00,0x06,0x00,0x00,0x00,0x03,0x01,0x08,0x00,0x00,0x00,
0x00,0x00,0x00,0x00,0x00,0x00,0x00,0x00,0x00,0x00,0x00,0x00,0x00,0x00,0x2E,0x70,0x64,0x61,0x74,0x61,
0x00,0x00,0x7C,0x02,0x00,0x00,0x05,0x00,0x00,0x00,0x03,0x01,0x0C,0x00,0x00,0x00,0x03,0x00,0x00,0x00,
0x00,0x00,0x00,0x00,0x00,0x00,0x00,0x00,0x00,0x00,0x00,0x00,0x00,0x00,0xA3,0x03,0x00,0x00,0xF0,0x15,
0x00,0x00,0x03,0x00,0x00,0x00,0x03,0x01,0x49,0x00,0x00,0x00,0x00,0x00,0x00,0x00,0x00,0x00,0x00,0x00,
0x00,0x00,0x00,0x00,0x00,0x00,0x2E,0x66,0x69,0x6C,0x65,0x00,0x00,0x00,0x59,0x03,0x00,0x00,0xFE,0xFF,
0x00,0x00,0x67,0x01,0x5F,0x5F,0x70,0x5F,0x5F,0x5F,0x69,0x6E,0x69,0x74,0x65,0x6E,0x76,0x2E,0x63,0x00,
0x00,0x00,0x00,0x00,0x00,0x00,0x47,0x08,0x00,0x00,0xB0,0x3C,0x00,0x00,0x01,0x00,0x20,0x00,0x02,0x01,
0x00,0x00,0x00,0x00,0x00,0x00,0x00,0x00,0x00,0x00,0x00,0x00,0x00,0x00,0x00,0x00,0x00,0x00,0x00,0x00,
0x00,0x00,0x55,0x08,0x00,0x00,0x10,0x0C,0x00,0x00,0x03,0x00,0x00,0x00,0x03,0x01,0x08,0x00,0x00,0x00,
0x01,0x00,0x00,0x00,0x00,0x00,0x00,0x00,0x00,0x00,0x02,0x00,0x00,0x00,0x2E,0x74,0x65,0x78,0x74,0x00,
0x00,0x00,0xB0,0x3C,0x00,0x00,0x01,0x00,0x00,0x00,0x03,0x01,0x10,0x00,0x00,0x00,0x01,0x00,0x00,0x00,
0x00,0x00,0x00,0x00,0x00,0x00,0x00,0x00,0x00,0x00,0x2E,0x64,0x61,0x74,0x61,0x00,0x00,0x00,0x80,0x00,
0x00,0x00,0x02,0x00,0x00,0x00,0x03,0x01,0x08,0x00,0x00,0x00,0x01,0x00,0x00,0x00,0x00,0x00,0x00,0x00,
0x00,0x00,0x00,0x00,0x00,0x00,0x2E,0x62,0x73,0x73,0x00,0x00,0x00,0x00,0xD0,0x01,0x00,0x00,0x07,0x00,
0x00,0x00,0x03,0x01,0x00,0x00,0x00,0x00,0x00,0x00,0x00,0x00,0x00,0x00,0x00,0x00,0x00,0x00,0x00,0x00,
0x00,0x00,0x2E,0x78,0x64,0x61,0x74,0x61,0x00,0x00,0xD4,0x02,0x00,0x00,0x06,0x00,0x00,0x00,0x03,0x01,
0x08,0x00,0x00,0x00,0x00,0x00,0x00,0x00,0x00,0x00,0x00,0x00,0x00,0x00,0x00,0x00,0x00,0x00,0x2E,0x70,
0x64,0x61,0x74,0x61,0x00,0x00,0x88,0x02,0x00,0x00,0x05,0x00,0x00,0x00,0x03,0x01,0x0C,0x00,0x00,0x00,
0x03,0x00,0x00,0x00,0x00,0x00,0x00,0x00,0x00,0x00,0x00,0x00,0x00,0x00,0x00,0x00,0x00,0x00,0xA3,0x03,
0x00,0x00,0x40,0x16,0x00,0x00,0x03,0x00,0x00,0x00,0x03,0x01,0x49,0x00,0x00,0x00,0x00,0x00,0x00,0x00,
0x00,0x00,0x00,0x00,0x00,0x00,0x00,0x00,0x00,0x00,0x2E,0x66,0x69,0x6C,0x65,0x00,0x00,0x00,0x6B,0x03,
0x00,0x00,0xFE,0xFF,0x00,0x00,0x67,0x01,0x75,0x63,0x72,0x74,0x5F,0x61,0x6D,0x73,0x67,0x5F,0x65,0x78,
0x69,0x74,0x2E,0x63,0x00,0x00,0x00,0x00,0x00,0x00,0x74,0x08,0x00,0x00,0xC0,0x3C,0x00,0x00,0x01,0x00,
0x20,0x00,0x02,0x01,0x00,0x00,0x00,0x00,0x00,0x00,0x00,0x00,0x00,0x00,0x00,0x00,0x00,0x00,0x00,0x00,
0x00,0x00,0x2E,0x74,0x65,0x78,0x74,0x00,0x00,0x00,0xC0,0x3C,0x00,0x00,0x01,0x00,0x00,0x00,0x03,0x01,
0x38,0x00,0x00,0x00,0x04,0x00,0x00,0x00,0x00,0x00,0x00,0x00,0x00,0x00,0x00,0x00,0x00,0x00,0x2E,0x64,
0x61,0x74,0x61,0x00,0x00,0x00,0x90,0x00,0x00,0x00,0x02,0x00,0x00,0x00,0x03,0x01,0x08,0x00,0x00,0x00,
0x01,0x00,0x00,0x00,0x00,0x00,0x00,0x00,0x00,0x00,0x00,0x00,0x00,0x00,0x2E,0x62,0x73,0x73,0x00,0x00,
0x00,0x00,0xD0,0x01,0x00,0x00,0x07,0x00,0x00,0x00,0x03,0x01,0x00,0x00,0x00,0x00,0x00,0x00,0x00,0x00,
0x00,0x00,0x00,0x00,0x00,0x00,0x00,0x00,0x00,0x00,0x2E,0x72,0x64,0x61,0x74,0x61,0x00,0x00,0x70,0x0B,
0x00,0x00,0x03,0x00,0x00,0x00,0x03,0x01,0x12,0x00,0x00,0x00,0x00,0x00,0x00,0x00,0x00,0x00,0x00,0x00,
0x00,0x00,0x00,0x00,0x00,0x00,0x2E,0x78,0x64,0x61,0x74,0x61,0x00,0x00,0xDC,0x02,0x00,0x00,0x06,0x00,
0x00,0x00,0x03,0x01,0x0C,0x00,0x00,0x00,0x00,0x00,0x00,0x00,0x00,0x00,0x00,0x00,0x00,0x00,0x00,0x00,
0x00,0x00,0x2E,0x70,0x64,0x61,0x74,0x61,0x00,0x00,0x94,0x02,0x00,0x00,0x05,0x00,0x00,0x00,0x03,0x01,
0x0C,0x00,0x00,0x00,0x03,0x00,0x00,0x00,0x00,0x00,0x00,0x00,0x00,0x00,0x00,0x00,0x00,0x00,0x00,0x00,
0x00,0x00,0xA3,0x03,0x00,0x00,0x90,0x16,0x00,0x00,0x03,0x00,0x00,0x00,0x03,0x01,0x49,0x00,0x00,0x00,
0x00,0x00,0x00,0x00,0x00,0x00,0x00,0x00,0x00,0x00,0x00,0x00,0x00,0x00,0x2E,0x66,0x69,0x6C,0x65,0x00,
0x00,0x00,0xAC,0x03,0x00,0x00,0xFE,0xFF,0x00,0x00,0x67,0x01,0x00,0x00,0x00,0x00,0x8D,0x08,0x00,0x00,
0x00,0x00,0x00,0x00,0x00,0x00,0x00,0x00,0x00,0x00,0x00,0x00,0x00,0x00,0x7F,0x08,0x00,0x00,0x00,0x3D,
0x00,0x00,0x01,0x00,0x20,0x00,0x02,0x01,0x00,0x00,0x00,0x00,0x00,0x00,0x00,0x00,0x00,0x00,0x00,0x00,
0x00,0x00,0x00,0x00,0x00,0x00,0x2E,0x74,0x65,0x78,0x74,0x00,0x00,0x00,0x00,0x3D,0x00,0x00,0x01,0x00,
0x00,0x00,0x03,0x01,0x79,0x00,0x00,0x00,0x06,0x00,0x00,0x00,0x00,0x00,0x00,0x00,0x00,0x00,0x00,0x00,
0x00,0x00,0x2E,0x64,0x61,0x74,0x61,0x00,0x00,0x00,0xA0,0x00,0x00,0x00,0x02,0x00,0x00,0x00,0x03,0x01,
0x08,0x00,0x00,0x00,0x01,0x00,0x00,0x00,0x00,0x00,0x00,0x00,0x00,0x00,0x00,0x00,0x00,0x00,0x2E,0x62,
0x73,0x73,0x00,0x00,0x00,0x00,0xD0,0x01,0x00,0x00,0x07,0x00,0x00,0x00,0x03,0x01,0x00,0x00,0x00,0x00,
0x00,0x00,0x00,0x00,0x00,0x00,0x00,0x00,0x00,0x00,0x00,0x00,0x00,0x00,0x2E,0x78,0x64,0x61,0x74,0x61,
0x00,0x00,0xE8,0x02,0x00,0x00,0x06,0x00,0x00,0x00,0x03,0x01,0x0C,0x00,0x00,0x00,0x00,0x00,0x00,0x00,
0x00,0x00,0x00,0x00,0x00,0x00,0x00,0x00,0x00,0x00,0x2E,0x70,0x64,0x61,0x74,0x61,0x00,0x00,0xA0,0x02,
0x00,0x00,0x05,0x00,0x00,0x00,0x03,0x01,0x0C,0x00,0x00,0x00,0x03,0x00,0x00,0x00,0x00,0x00,0x00,0x00,
0x00,0x00,0x00,0x00,0x00,0x00,0x00,0x00,0x00,0x00,0xA3,0x03,0x00,0x00,0xE0,0x16,0x00,0x00,0x03,0x00,
0x00,0x00,0x03,0x01,0x49,0x00,0x00,0x00,0x00,0x00,0x00,0x00,0x00,0x00,0x00,0x00,0x00,0x00,0x00,0x00,
0x00,0x00,0x2E,0x74,0x65,0x78,0x74,0x00,0x00,0x00,0x80,0x3D,0x00,0x00,0x01,0x00,0x00,0x00,0x03,0x00,
0x2E,0x64,0x61,0x74,0x61,0x00,0x00,0x00,0xB0,0x00,0x00,0x00,0x02,0x00,0x00,0x00,0x03,0x00,0x2E,0x62,
0x73,0x73,0x00,0x00,0x00,0x00,0xD0,0x01,0x00,0x00,0x07,0x00,0x00,0x00,0x03,0x00,0x2E,0x69,0x64,0x61,
0x74,0x61,0x24,0x37,0x98,0x0F,0x00,0x00,0x08,0x00,0x00,0x00,0x03,0x00,0x2E,0x69,0x64,0x61,0x74,0x61,
0x24,0x35,0xD0,0x06,0x00,0x00,0x08,0x00,0x00,0x00,0x03,0x00,0x2E,0x69,0x64,0x61,0x74,0x61,0x24,0x34,
0x88,0x03,0x00,0x00,0x08,0x00,0x00,0x00,0x03,0x00,0x2E,0x69,0x64,0x61,0x74,0x61,0x24,0x36,0x12,0x0C,
0x00,0x00,0x08,0x00,0x00,0x00,0x03,0x00,0x2E,0x74,0x65,0x78,0x74,0x00,0x00,0x00,0x88,0x3D,0x00,0x00,
0x01,0x00,0x00,0x00,0x03,0x00,0x2E,0x64,0x61,0x74,0x61,0x00,0x00,0x00,0xB0,0x00,0x00,0x00,0x02,0x00,
0x00,0x00,0x03,0x00,0x2E,0x62,0x73,0x73,0x00,0x00,0x00,0x00,0xD0,0x01,0x00,0x00,0x07,0x00,0x00,0x00,
0x03,0x00,0x2E,0x69,0x64,0x61,0x74,0x61,0x24,0x37,0x9C,0x0F,0x00,0x00,0x08,0x00,0x00,0x00,0x03,0x00,
0x2E,0x69,0x64,0x61,0x74,0x61,0x24,0x35,0xD8,0x06,0x00,0x00,0x08,0x00,0x00,0x00,0x03,0x00,0x2E,0x69,
0x64,0x61,0x74,0x61,0x24,0x34,0x90,0x03,0x00,0x00,0x08,0x00,0x00,0x00,0x03,0x00,0x2E,0x69,0x64,0x61,
0x74,0x61,0x24,0x36,0x1C,0x0C,0x00,0x00,0x08,0x00,0x00,0x00,0x03,0x00,0x2E,0x74,0x65,0x78,0x74,0x00,
0x00,0x00,0x90,0x3D,0x00,0x00,0x01,0x00,0x00,0x00,0x03,0x00,0x2E,0x64,0x61,0x74,0x61,0x00,0x00,0x00,
0xB0,0x00,0x00,0x00,0x02,0x00,0x00,0x00,0x03,0x00,0x2E,0x62,0x73,0x73,0x00,0x00,0x00,0x00,0xD0,0x01,
0x00,0x00,0x07,0x00,0x00,0x00,0x03,0x00,0x2E,0x69,0x64,0x61,0x74,0x61,0x24,0x37,0xA0,0x0F,0x00,0x00,
0x08,0x00,0x00,0x00,0x03,0x00,0x2E,0x69,0x64,0x61,0x74,0x61,0x24,0x35,0xE0,0x06,0x00,0x00,0x08,0x00,
0x00,0x00,0x03,0x00,0x2E,0x69,0x64,0x61,0x74,0x61,0x24,0x34,0x98,0x03,0x00,0x00,0x08,0x00,0x00,0x00,
0x03,0x00,0x2E,0x69,0x64,0x61,0x74,0x61,0x24,0x36,0x26,0x0C,0x00,0x00,0x08,0x00,0x00,0x00,0x03,0x00,
0x2E,0x74,0x65,0x78,0x74,0x00,0x00,0x00,0x98,0x3D,0x00,0x00,0x01,0x00,0x00,0x00,0x03,0x00,0x2E,0x64,
0x61,0x74,0x61,0x00,0x00,0x00,0xB0,0x00,0x00,0x00,0x02,0x00,0x00,0x00,0x03,0x00,0x2E,0x62,0x73,0x73,
0x00,0x00,0x00,0x00,0xD0,0x01,0x00,0x00,0x07,0x00,0x00,0x00,0x03,0x00,0x2E,0x69,0x64,0x61,0x74,0x61,
0x24,0x37,0xA4,0x0F,0x00,0x00,0x08,0x00,0x00,0x00,0x03,0x00,0x2E,0x69,0x64,0x61,0x74,0x61,0x24,0x35,
0xE8,0x06,0x00,0x00,0x08,0x00,0x00,0x00,0x03,0x00,0x2E,0x69,0x64,0x61,0x74,0x61,0x24,0x34,0xA0,0x03,
0x00,0x00,0x08,0x00,0x00,0x00,0x03,0x00,0x2E,0x69,0x64,0x61,0x74,0x61,0x24,0x36,0x30,0x0C,0x00,0x00,
0x08,0x00,0x00,0x00,0x03,0x00,0x2E,0x74,0x65,0x78,0x74,0x00,0x00,0x00,0xA0,0x3D,0x00,0x00,0x01,0x00,
0x00,0x00,0x03,0x00,0x2E,0x64,0x61,0x74,0x61,0x00,0x00,0x00,0xB0,0x00,0x00,0x00,0x02,0x00,0x00,0x00,
0x03,0x00,0x2E,0x62,0x73,0x73,0x00,0x00,0x00,0x00,0xD0,0x01,0x00,0x00,0x07,0x00,0x00,0x00,0x03,0x00,
0x2E,0x69,0x64,0x61,0x74,0x61,0x24,0x37,0xA8,0x0F,0x00,0x00,0x08,0x00,0x00,0x00,0x03,0x00,0x2E,0x69,
0x64,0x61,0x74,0x61,0x24,0x35,0xF0,0x06,0x00,0x00,0x08,0x00,0x00,0x00,0x03,0x00,0x2E,0x69,0x64,0x61,
0x74,0x61,0x24,0x34,0xA8,0x03,0x00,0x00,0x08,0x00,0x00,0x00,0x03,0x00,0x2E,0x69,0x64,0x61,0x74,0x61,
0x24,0x36,0x3A,0x0C,0x00,0x00,0x08,0x00,0x00,0x00,0x03,0x00,0x2E,0x74,0x65,0x78,0x74,0x00,0x00,0x00,
0xA8,0x3D,0x00,0x00,0x01,0x00,0x00,0x00,0x03,0x00,0x2E,0x64,0x61,0x74,0x61,0x00,0x00,0x00,0xB0,0x00,
0x00,0x00,0x02,0x00,0x00,0x00,0x03,0x00,0x2E,0x62,0x73,0x73,0x00,0x00,0x00,0x00,0xD0,0x01,0x00,0x00,
0x07,0x00,0x00,0x00,0x03,0x00,0x2E,0x69,0x64,0x61,0x74,0x61,0x24,0x37,0xAC,0x0F,0x00,0x00,0x08,0x00,
0x00,0x00,0x03,0x00,0x2E,0x69,0x64,0x61,0x74,0x61,0x24,0x35,0xF8,0x06,0x00,0x00,0x08,0x00,0x00,0x00,
0x03,0x00,0x2E,0x69,0x64,0x61,0x74,0x61,0x24,0x34,0xB0,0x03,0x00,0x00,0x08,0x00,0x00,0x00,0x03,0x00,
0x2E,0x69,0x64,0x61,0x74,0x61,0x24,0x36,0x44,0x0C,0x00,0x00,0x08,0x00,0x00,0x00,0x03,0x00,0x2E,0x74,
0x65,0x78,0x74,0x00,0x00,0x00,0xB0,0x3D,0x00,0x00,0x01,0x00,0x00,0x00,0x03,0x00,0x2E,0x64,0x61,0x74,
0x61,0x00,0x00,0x00,0xB0,0x00,0x00,0x00,0x02,0x00,0x00,0x00,0x03,0x00,0x2E,0x62,0x73,0x73,0x00,0x00,
0x00,0x00,0xD0,0x01,0x00,0x00,0x07,0x00,0x00,0x00,0x03,0x00,0x2E,0x69,0x64,0x61,0x74,0x61,0x24,0x37,
0xB0,0x0F,0x00,0x00,0x08,0x00,0x00,0x00,0x03,0x00,0x2E,0x69,0x64,0x61,0x74,0x61,0x24,0x35,0x00,0x07,
0x00,0x00,0x08,0x00,0x00,0x00,0x03,0x00,0x2E,0x69,0x64,0x61,0x74,0x61,0x24,0x34,0xB8,0x03,0x00,0x00,
0x08,0x00,0x00,0x00,0x03,0x00,0x2E,0x69,0x64,0x61,0x74,0x61,0x24,0x36,0x4E,0x0C,0x00,0x00,0x08,0x00,
0x00,0x00,0x03,0x00,0x2E,0x66,0x69,0x6C,0x65,0x00,0x00,0x00,0xBA,0x03,0x00,0x00,0xFE,0xFF,0x00,0x00,
0x67,0x01,0x66,0x61,0x6B,0x65,0x00,0x00,0x00,0x00,0x00,0x00,0x00,0x00,0x00,0x00,0x00,0x00,0x00,0x00,
0x68,0x6E,0x61,0x6D,0x65,0x00,0x00,0x00,0x88,0x03,0x00,0x00,0x08,0x00,0x00,0x00,0x03,0x00,0x66,0x74,
0x68,0x75,0x6E,0x6B,0x00,0x00,0xD0,0x06,0x00,0x00,0x08,0x00,0x00,0x00,0x03,0x00,0x2E,0x74,0x65,0x78,
0x74,0x00,0x00,0x00,0xC0,0x3D,0x00,0x00,0x01,0x00,0x00,0x00,0x03,0x01,0x00,0x00,0x00,0x00,0x00,0x00,
0x00,0x00,0x00,0x00,0x00,0x00,0x00,0x00,0x00,0x00,0x00,0x00,0x2E,0x64,0x61,0x74,0x61,0x00,0x00,0x00,
0xB0,0x00,0x00,0x00,0x02,0x00,0x00,0x00,0x03,0x01,0x00,0x00,0x00,0x00,0x00,0x00,0x00,0x00,0x00,0x00,
0x00,0x00,0x00,0x00,0x00,0x00,0x00,0x00,0x2E,0x62,0x73,0x73,0x00,0x00,0x00,0x00,0xD0,0x01,0x00,0x00,
0x07,0x00,0x00,0x00,0x03,0x01,0x00,0x00,0x00,0x00,0x00,0x00,0x00,0x00,0x00,0x00,0x00,0x00,0x00,0x00,
0x00,0x00,0x00,0x00,0x2E,0x69,0x64,0x61,0x74,0x61,0x24,0x32,0xC8,0x00,0x00,0x00,0x08,0x00,0x00,0x00,
0x03,0x01,0x14,0x00,0x00,0x00,0x03,0x00,0x00,0x00,0x00,0x00,0x00,0x00,0x00,0x00,0x00,0x00,0x00,0x00,
0x2E,0x69,0x64,0x61,0x74,0x61,0x24,0x34,0x88,0x03,0x00,0x00,0x08,0x00,0x00,0x00,0x03,0x00,0x2E,0x69,
0x64,0x61,0x74,0x61,0x24,0x35,0xD0,0x06,0x00,0x00,0x08,0x00,0x00,0x00,0x03,0x00,0x2E,0x66,0x69,0x6C,
0x65,0x00,0x00,0x00,0x1C,0x04,0x00,0x00,0xFE,0xFF,0x00,0x00,0x67,0x01,0x66,0x61,0x6B,0x65,0x00,0x00,
0x00,0x00,0x00,0x00,0x00,0x00,0x00,0x00,0x00,0x00,0x00,0x00,0x2E,0x74,0x65,0x78,0x74,0x00,0x00,0x00,
0xC0,0x3D,0x00,0x00,0x01,0x00,0x00,0x00,0x03,0x01,0x00,0x00,0x00,0x00,0x00,0x00,0x00,0x00,0x00,0x00,
0x00,0x00,0x00,0x00,0x00,0x00,0x00,0x00,0x2E,0x64,0x61,0x74,0x61,0x00,0x00,0x00,0xB0,0x00,0x00,0x00,
0x02,0x00,0x00,0x00,0x03,0x01,0x00,0x00,0x00,0x00,0x00,0x00,0x00,0x00,0x00,0x00,0x00,0x00,0x00,0x00,
0x00,0x00,0x00,0x00,0x2E,0x62,0x73,0x73,0x00,0x00,0x00,0x00,0xD0,0x01,0x00,0x00,0x07,0x00,0x00,0x00,
0x03,0x01,0x00,0x00,0x00,0x00,0x00,0x00,0x00,0x00,0x00,0x00,0x00,0x00,0x00,0x00,0x00,0x00,0x00,0x00,
0x2E,0x69,0x64,0x61,0x74,0x61,0x24,0x34,0xC0,0x03,0x00,0x00,0x08,0x00,0x00,0x00,0x03,0x01,0x08,0x00,
0x00,0x00,0x00,0x00,0x00,0x00,0x00,0x00,0x00,0x00,0x00,0x00,0x00,0x00,0x00,0x00,0x2E,0x69,0x64,0x61,
0x74,0x61,0x24,0x35,0x08,0x07,0x00,0x00,0x08,0x00,0x00,0x00,0x03,0x01,0x08,0x00,0x00,0x00,0x00,0x00,
0x00,0x00,0x00,0x00,0x00,0x00,0x00,0x00,0x00,0x00,0x00,0x00,0x2E,0x69,0x64,0x61,0x74,0x61,0x24,0x37,
0xB4,0x0F,0x00,0x00,0x08,0x00,0x00,0x00,0x03,0x01,0x21,0x00,0x00,0x00,0x00,0x00,0x00,0x00,0x00,0x00,
0x00,0x00,0x00,0x00,0x00,0x00,0x00,0x00,0x2E,0x74,0x65,0x78,0x74,0x00,0x00,0x00,0xC0,0x3D,0x00,0x00,
0x01,0x00,0x00,0x00,0x03,0x00,0x2E,0x64,0x61,0x74,0x61,0x00,0x00,0x00,0xB0,0x00,0x00,0x00,0x02,0x00,
0x00,0x00,0x03,0x00,0x2E,0x62,0x73,0x73,0x00,0x00,0x00,0x00,0xD0,0x01,0x00,0x00,0x07,0x00,0x00,0x00,
0x03,0x00,0x2E,0x69,0x64,0x61,0x74,0x61,0x24,0x37,0x48,0x0F,0x00,0x00,0x08,0x00,0x00,0x00,0x03,0x00,
0x2E,0x69,0x64,0x61,0x74,0x61,0x24,0x35,0x68,0x06,0x00,0x00,0x08,0x00,0x00,0x00,0x03,0x00,0x2E,0x69,
0x64,0x61,0x74,0x61,0x24,0x34,0x20,0x03,0x00,0x00,0x08,0x00,0x00,0x00,0x03,0x00,0x2E,0x69,0x64,0x61,
0x74,0x61,0x24,0x36,0x7E,0x0B,0x00,0x00,0x08,0x00,0x00,0x00,0x03,0x00,0x2E,0x74,0x65,0x78,0x74,0x00,
0x00,0x00,0xC8,0x3D,0x00,0x00,0x01,0x00,0x00,0x00,0x03,0x00,0x2E,0x64,0x61,0x74,0x61,0x00,0x00,0x00,
0xB0,0x00,0x00,0x00,0x02,0x00,0x00,0x00,0x03,0x00,0x2E,0x62,0x73,0x73,0x00,0x00,0x00,0x00,0xD0,0x01,
0x00,0x00,0x07,0x00,0x00,0x00,0x03,0x00,0x2E,0x69,0x64,0x61,0x74,0x61,0x24,0x37,0x4C,0x0F,0x00,0x00,
0x08,0x00,0x00,0x00,0x03,0x00,0x2E,0x69,0x64,0x61,0x74,0x61,0x24,0x35,0x70,0x06,0x00,0x00,0x08,0x00,
0x00,0x00,0x03,0x00,0x2E,0x69,0x64,0x61,0x74,0x61,0x24,0x34,0x28,0x03,0x00,0x00,0x08,0x00,0x00,0x00,
0x03,0x00,0x2E,0x69,0x64,0x61,0x74,0x61,0x24,0x36,0x90,0x0B,0x00,0x00,0x08,0x00,0x00,0x00,0x03,0x00,
0x2E,0x74,0x65,0x78,0x74,0x00,0x00,0x00,0xD0,0x3D,0x00,0x00,0x01,0x00,0x00,0x00,0x03,0x00,0x2E,0x64,
0x61,0x74,0x61,0x00,0x00,0x00,0xB0,0x00,0x00,0x00,0x02,0x00,0x00,0x00,0x03,0x00,0x2E,0x62,0x73,0x73,
0x00,0x00,0x00,0x00,0xD0,0x01,0x00,0x00,0x07,0x00,0x00,0x00,0x03,0x00,0x2E,0x69,0x64,0x61,0x74,0x61,
0x24,0x37,0x50,0x0F,0x00,0x00,0x08,0x00,0x00,0x00,0x03,0x00,0x2E,0x69,0x64,0x61,0x74,0x61,0x24,0x35,
0x78,0x06,0x00,0x00,0x08,0x00,0x00,0x00,0x03,0x00,0x2E,0x69,0x64,0x61,0x74,0x61,0x24,0x34,0x30,0x03,
0x00,0x00,0x08,0x00,0x00,0x00,0x03,0x00,0x2E,0x69,0x64,0x61,0x74,0x61,0x24,0x36,0xA0,0x0B,0x00,0x00,
0x08,0x00,0x00,0x00,0x03,0x00,0x2E,0x74,0x65,0x78,0x74,0x00,0x00,0x00,0xD8,0x3D,0x00,0x00,0x01,0x00,
0x00,0x00,0x03,0x00,0x2E,0x64,0x61,0x74,0x61,0x00,0x00,0x00,0xB0,0x00,0x00,0x00,0x02,0x00,0x00,0x00,
0x03,0x00,0x2E,0x62,0x73,0x73,0x00,0x00,0x00,0x00,0xD0,0x01,0x00,0x00,0x07,0x00,0x00,0x00,0x03,0x00,
0x2E,0x69,0x64,0x61,0x74,0x61,0x24,0x37,0x54,0x0F,0x00,0x00,0x08,0x00,0x00,0x00,0x03,0x00,0x2E,0x69,
0x64,0x61,0x74,0x61,0x24,0x35,0x80,0x06,0x00,0x00,0x08,0x00,0x00,0x00,0x03,0x00,0x2E,0x69,0x64,0x61,
0x74,0x61,0x24,0x34,0x38,0x03,0x00,0x00,0x08,0x00,0x00,0x00,0x03,0x00,0x2E,0x69,0x64,0x61,0x74,0x61,
0x24,0x36,0xAE,0x0B,0x00,0x00,0x08,0x00,0x00,0x00,0x03,0x00,0x2E,0x74,0x65,0x78,0x74,0x00,0x00,0x00,
0xE0,0x3D,0x00,0x00,0x01,0x00,0x00,0x00,0x03,0x00,0x2E,0x64,0x61,0x74,0x61,0x00,0x00,0x00,0xB0,0x00,
0x00,0x00,0x02,0x00,0x00,0x00,0x03,0x00,0x2E,0x62,0x73,0x73,0x00,0x00,0x00,0x00,0xD0,0x01,0x00,0x00,
0x07,0x00,0x00,0x00,0x03,0x00,0x2E,0x69,0x64,0x61,0x74,0x61,0x24,0x37,0x58,0x0F,0x00,0x00,0x08,0x00,
0x00,0x00,0x03,0x00,0x2E,0x69,0x64,0x61,0x74,0x61,0x24,0x35,0x88,0x06,0x00,0x00,0x08,0x00,0x00,0x00,
0x03,0x00,0x2E,0x69,0x64,0x61,0x74,0x61,0x24,0x34,0x40,0x03,0x00,0x00,0x08,0x00,0x00,0x00,0x03,0x00,
0x2E,0x69,0x64,0x61,0x74,0x61,0x24,0x36,0xC8,0x0B,0x00,0x00,0x08,0x00,0x00,0x00,0x03,0x00,0x2E,0x74,
0x65,0x78,0x74,0x00,0x00,0x00,0xE8,0x3D,0x00,0x00,0x01,0x00,0x00,0x00,0x03,0x00,0x2E,0x64,0x61,0x74,
0x61,0x00,0x00,0x00,0xB0,0x00,0x00,0x00,0x02,0x00,0x00,0x00,0x03,0x00,0x2E,0x62,0x73,0x73,0x00,0x00,
0x00,0x00,0xD0,0x01,0x00,0x00,0x07,0x00,0x00,0x00,0x03,0x00,0x2E,0x69,0x64,0x61,0x74,0x61,0x24,0x37,
0x5C,0x0F,0x00,0x00,0x08,0x00,0x00,0x00,0x03,0x00,0x2E,0x69,0x64,0x61,0x74,0x61,0x24,0x35,0x90,0x06,
0x00,0x00,0x08,0x00,0x00,0x00,0x03,0x00,0x2E,0x69,0x64,0x61,0x74,0x61,0x24,0x34,0x48,0x03,0x00,0x00,
0x08,0x00,0x00,0x00,0x03,0x00,0x2E,0x69,0x64,0x61,0x74,0x61,0x24,0x36,0xD2,0x0B,0x00,0x00,0x08,0x00,
0x00,0x00,0x03,0x00,0x2E,0x74,0x65,0x78,0x74,0x00,0x00,0x00,0xF0,0x3D,0x00,0x00,0x01,0x00,0x00,0x00,
0x03,0x00,0x2E,0x64,0x61,0x74,0x61,0x00,0x00,0x00,0xB0,0x00,0x00,0x00,0x02,0x00,0x00,0x00,0x03,0x00,
0x2E,0x62,0x73,0x73,0x00,0x00,0x00,0x00,0xD0,0x01,0x00,0x00,0x07,0x00,0x00,0x00,0x03,0x00,0x2E,0x69,
0x64,0x61,0x74,0x61,0x24,0x37,0x60,0x0F,0x00,0x00,0x08,0x00,0x00,0x00,0x03,0x00,0x2E,0x69,0x64,0x61,
0x74,0x61,0x24,0x35,0x98,0x06,0x00,0x00,0x08,0x00,0x00,0x00,0x03,0x00,0x2E,0x69,0x64,0x61,0x74,0x61,
0x24,0x34,0x50,0x03,0x00,0x00,0x08,0x00,0x00,0x00,0x03,0x00,0x2E,0x69,0x64,0x61,0x74,0x61,0x24,0x36,
0xDC,0x0B,0x00,0x00,0x08,0x00,0x00,0x00,0x03,0x00,0x2E,0x74,0x65,0x78,0x74,0x00,0x00,0x00,0xF8,0x3D,
0x00,0x00,0x01,0x00,0x00,0x00,0x03,0x00,0x2E,0x64,0x61,0x74,0x61,0x00,0x00,0x00,0xB0,0x00,0x00,0x00,
0x02,0x00,0x00,0x00,0x03,0x00,0x2E,0x62,0x73,0x73,0x00,0x00,0x00,0x00,0xD0,0x01,0x00,0x00,0x07,0x00,
0x00,0x00,0x03,0x00,0x2E,0x69,0x64,0x61,0x74,0x61,0x24,0x37,0x64,0x0F,0x00,0x00,0x08,0x00,0x00,0x00,
0x03,0x00,0x2E,0x69,0x64,0x61,0x74,0x61,0x24,0x35,0xA0,0x06,0x00,0x00,0x08,0x00,0x00,0x00,0x03,0x00,
0x2E,0x69,0x64,0x61,0x74,0x61,0x24,0x34,0x58,0x03,0x00,0x00,0x08,0x00,0x00,0x00,0x03,0x00,0x2E,0x69,
0x64,0x61,0x74,0x61,0x24,0x36,0xE6,0x0B,0x00,0x00,0x08,0x00,0x00,0x00,0x03,0x00,0x2E,0x74,0x65,0x78,
0x74,0x00,0x00,0x00,0x00,0x3E,0x00,0x00,0x01,0x00,0x00,0x00,0x03,0x00,0x2E,0x64,0x61,0x74,0x61,0x00,
0x00,0x00,0xB0,0x00,0x00,0x00,0x02,0x00,0x00,0x00,0x03,0x00,0x2E,0x62,0x73,0x73,0x00,0x00,0x00,0x00,
0xD0,0x01,0x00,0x00,0x07,0x00,0x00,0x00,0x03,0x00,0x2E,0x69,0x64,0x61,0x74,0x61,0x24,0x37,0x68,0x0F,
0x00,0x00,0x08,0x00,0x00,0x00,0x03,0x00,0x2E,0x69,0x64,0x61,0x74,0x61,0x24,0x35,0xA8,0x06,0x00,0x00,
0x08,0x00,0x00,0x00,0x03,0x00,0x2E,0x69,0x64,0x61,0x74,0x61,0x24,0x34,0x60,0x03,0x00,0x00,0x08,0x00,
0x00,0x00,0x03,0x00,0x2E,0x69,0x64,0x61,0x74,0x61,0x24,0x36,0xEE,0x0B,0x00,0x00,0x08,0x00,0x00,0x00,
0x03,0x00,0x2E,0x74,0x65,0x78,0x74,0x00,0x00,0x00,0x08,0x3E,0x00,0x00,0x01,0x00,0x00,0x00,0x03,0x00,
0x2E,0x64,0x61,0x74,0x61,0x00,0x00,0x00,0xB0,0x00,0x00,0x00,0x02,0x00,0x00,0x00,0x03,0x00,0x2E,0x62,
0x73,0x73,0x00,0x00,0x00,0x00,0xD0,0x01,0x00,0x00,0x07,0x00,0x00,0x00,0x03,0x00,0x2E,0x69,0x64,0x61,
0x74,0x61,0x24,0x37,0x6C,0x0F,0x00,0x00,0x08,0x00,0x00,0x00,0x03,0x00,0x2E,0x69,0x64,0x61,0x74,0x61,
0x24,0x35,0xB0,0x06,0x00,0x00,0x08,0x00,0x00,0x00,0x03,0x00,0x2E,0x69,0x64,0x61,0x74,0x61,0x24,0x34,
0x68,0x03,0x00,0x00,0x08,0x00,0x00,0x00,0x03,0x00,0x2E,0x69,0x64,0x61,0x74,0x61,0x24,0x36,0xF6,0x0B,
0x00,0x00,0x08,0x00,0x00,0x00,0x03,0x00,0x2E,0x74,0x65,0x78,0x74,0x00,0x00,0x00,0x10,0x3E,0x00,0x00,
0x01,0x00,0x00,0x00,0x03,0x00,0x2E,0x64,0x61,0x74,0x61,0x00,0x00,0x00,0xB0,0x00,0x00,0x00,0x02,0x00,
0x00,0x00,0x03,0x00,0x2E,0x62,0x73,0x73,0x00,0x00,0x00,0x00,0xD0,0x01,0x00,0x00,0x07,0x00,0x00,0x00,
0x03,0x00,0x2E,0x69,0x64,0x61,0x74,0x61,0x24,0x37,0x70,0x0F,0x00,0x00,0x08,0x00,0x00,0x00,0x03,0x00,
0x2E,0x69,0x64,0x61,0x74,0x61,0x24,0x35,0xB8,0x06,0x00,0x00,0x08,0x00,0x00,0x00,0x03,0x00,0x2E,0x69,
0x64,0x61,0x74,0x61,0x24,0x34,0x70,0x03,0x00,0x00,0x08,0x00,0x00,0x00,0x03,0x00,0x2E,0x69,0x64,0x61,
0x74,0x61,0x24,0x36,0xFE,0x0B,0x00,0x00,0x08,0x00,0x00,0x00,0x03,0x00,0x2E,0x74,0x65,0x78,0x74,0x00,
0x00,0x00,0x18,0x3E,0x00,0x00,0x01,0x00,0x00,0x00,0x03,0x00,0x2E,0x64,0x61,0x74,0x61,0x00,0x00,0x00,
0xB0,0x00,0x00,0x00,0x02,0x00,0x00,0x00,0x03,0x00,0x2E,0x62,0x73,0x73,0x00,0x00,0x00,0x00,0xD0,0x01,
0x00,0x00,0x07,0x00,0x00,0x00,0x03,0x00,0x2E,0x69,0x64,0x61,0x74,0x61,0x24,0x37,0x74,0x0F,0x00,0x00,
0x08,0x00,0x00,0x00,0x03,0x00,0x2E,0x69,0x64,0x61,0x74,0x61,0x24,0x35,0xC0,0x06,0x00,0x00,0x08,0x00,
0x00,0x00,0x03,0x00,0x2E,0x69,0x64,0x61,0x74,0x61,0x24,0x34,0x78,0x03,0x00,0x00,0x08,0x00,0x00,0x00,
0x03,0x00,0x2E,0x69,0x64,0x61,0x74,0x61,0x24,0x36,0x08,0x0C,0x00,0x00,0x08,0x00,0x00,0x00,0x03,0x00,
0x2E,0x66,0x69,0x6C,0x65,0x00,0x00,0x00,0x2A,0x04,0x00,0x00,0xFE,0xFF,0x00,0x00,0x67,0x01,0x66,0x61,
0x6B,0x65,0x00,0x00,0x00,0x00,0x00,0x00,0x00,0x00,0x00,0x00,0x00,0x00,0x00,0x00,0x68,0x6E,0x61,0x6D,
0x65,0x00,0x00,0x00,0x20,0x03,0x00,0x00,0x08,0x00,0x00,0x00,0x03,0x00,0x66,0x74,0x68,0x75,0x6E,0x6B,
0x00,0x00,0x68,0x06,0x00,0x00,0x08,0x00,0x00,0x00,0x03,0x00,0x2E,0x74,0x65,0x78,0x74,0x00,0x00,0x00,
0x20,0x3E,0x00,0x00,0x01,0x00,0x00,0x00,0x03,0x01,0x00,0x00,0x00,0x00,0x00,0x00,0x00,0x00,0x00,0x00,
0x00,0x00,0x00,0x00,0x00,0x00,0x00,0x00,0x2E,0x64,0x61,0x74,0x61,0x00,0x00,0x00,0xB0,0x00,0x00,0x00,
0x02,0x00,0x00,0x00,0x03,0x01,0x00,0x00,0x00,0x00,0x00,0x00,0x00,0x00,0x00,0x00,0x00,0x00,0x00,0x00,
0x00,0x00,0x00,0x00,0x2E,0x62,0x73,0x73,0x00,0x00,0x00,0x00,0xD0,0x01,0x00,0x00,0x07,0x00,0x00,0x00,
0x03,0x01,0x00,0x00,0x00,0x00,0x00,0x00,0x00,0x00,0x00,0x00,0x00,0x00,0x00,0x00,0x00,0x00,0x00,0x00,
0x2E,0x69,0x64,0x61,0x74,0x61,0x24,0x32,0xB4,0x00,0x00,0x00,0x08,0x00,0x00,0x00,0x03,0x01,0x14,0x00,
0x00,0x00,0x03,0x00,0x00,0x00,0x00,0x00,0x00,0x00,0x00,0x00,0x00,0x00,0x00,0x00,0x2E,0x69,0x64,0x61,
0x74,0x61,0x24,0x34,0x20,0x03,0x00,0x00,0x08,0x00,0x00,0x00,0x03,0x00,0x2E,0x69,0x64,0x61,0x74,0x61,
0x24,0x35,0x68,0x06,0x00,0x00,0x08,0x00,0x00,0x00,0x03,0x00,0x2E,0x66,0x69,0x6C,0x65,0x00,0x00,0x00,
0xA1,0x04,0x00,0x00,0xFE,0xFF,0x00,0x00,0x67,0x01,0x66,0x61,0x6B,0x65,0x00,0x00,0x00,0x00,0x00,0x00,
0x00,0x00,0x00,0x00,0x00,0x00,0x00,0x00,0x2E,0x74,0x65,0x78,0x74,0x00,0x00,0x00,0x20,0x3E,0x00,0x00,
0x01,0x00,0x00,0x00,0x03,0x01,0x00,0x00,0x00,0x00,0x00,0x00,0x00,0x00,0x00,0x00,0x00,0x00,0x00,0x00,
0x00,0x00,0x00,0x00,0x2E,0x64,0x61,0x74,0x61,0x00,0x00,0x00,0xB0,0x00,0x00,0x00,0x02,0x00,0x00,0x00,
0x03,0x01,0x00,0x00,0x00,0x00,0x00,0x00,0x00,0x00,0x00,0x00,0x00,0x00,0x00,0x00,0x00,0x00,0x00,0x00,
0x2E,0x62,0x73,0x73,0x00,0x00,0x00,0x00,0xD0,0x01,0x00,0x00,0x07,0x00,0x00,0x00,0x03,0x01,0x00,0x00,
0x00,0x00,0x00,0x00,0x00,0x00,0x00,0x00,0x00,0x00,0x00,0x00,0x00,0x00,0x00,0x00,0x2E,0x69,0x64,0x61,
0x74,0x61,0x24,0x34,0x80,0x03,0x00,0x00,0x08,0x00,0x00,0x00,0x03,0x01,0x08,0x00,0x00,0x00,0x00,0x00,
0x00,0x00,0x00,0x00,0x00,0x00,0x00,0x00,0x00,0x00,0x00,0x00,0x2E,0x69,0x64,0x61,0x74,0x61,0x24,0x35,
0xC8,0x06,0x00,0x00,0x08,0x00,0x00,0x00,0x03,0x01,0x08,0x00,0x00,0x00,0x00,0x00,0x00,0x00,0x00,0x00,
0x00,0x00,0x00,0x00,0x00,0x00,0x00,0x00,0x2E,0x69,0x64,0x61,0x74,0x61,0x24,0x37,0x78,0x0F,0x00,0x00,
0x08,0x00,0x00,0x00,0x03,0x01,0x20,0x00,0x00,0x00,0x00,0x00,0x00,0x00,0x00,0x00,0x00,0x00,0x00,0x00,
0x00,0x00,0x00,0x00,0x2E,0x74,0x65,0x78,0x74,0x00,0x00,0x00,0x20,0x3E,0x00,0x00,0x01,0x00,0x00,0x00,
0x03,0x00,0x2E,0x64,0x61,0x74,0x61,0x00,0x00,0x00,0xB0,0x00,0x00,0x00,0x02,0x00,0x00,0x00,0x03,0x00,
0x2E,0x62,0x73,0x73,0x00,0x00,0x00,0x00,0xD0,0x01,0x00,0x00,0x07,0x00,0x00,0x00,0x03,0x00,0x2E,0x69,
0x64,0x61,0x74,0x61,0x24,0x37,0xE8,0x0E,0x00,0x00,0x08,0x00,0x00,0x00,0x03,0x00,0x2E,0x69,0x64,0x61,
0x74,0x61,0x24,0x35,0xE8,0x05,0x00,0x00,0x08,0x00,0x00,0x00,0x03,0x00,0x2E,0x69,0x64,0x61,0x74,0x61,
0x24,0x34,0xA0,0x02,0x00,0x00,0x08,0x00,0x00,0x00,0x03,0x00,0x2E,0x69,0x64,0x61,0x74,0x61,0x24,0x36,
0x92,0x0A,0x00,0x00,0x08,0x00,0x00,0x00,0x03,0x00,0x2E,0x74,0x65,0x78,0x74,0x00,0x00,0x00,0x28,0x3E,
0x00,0x00,0x01,0x00,0x00,0x00,0x03,0x00,0x2E,0x64,0x61,0x74,0x61,0x00,0x00,0x00,0xB0,0x00,0x00,0x00,
0x02,0x00,0x00,0x00,0x03,0x00,0x2E,0x62,0x73,0x73,0x00,0x00,0x00,0x00,0xD0,0x01,0x00,0x00,0x07,0x00,
0x00,0x00,0x03,0x00,0x2E,0x69,0x64,0x61,0x74,0x61,0x24,0x37,0xEC,0x0E,0x00,0x00,0x08,0x00,0x00,0x00,
0x03,0x00,0x2E,0x69,0x64,0x61,0x74,0x61,0x24,0x35,0xF0,0x05,0x00,0x00,0x08,0x00,0x00,0x00,0x03,0x00,
0x2E,0x69,0x64,0x61,0x74,0x61,0x24,0x34,0xA8,0x02,0x00,0x00,0x08,0x00,0x00,0x00,0x03,0x00,0x2E,0x69,
0x64,0x61,0x74,0x61,0x24,0x36,0xA0,0x0A,0x00,0x00,0x08,0x00,0x00,0x00,0x03,0x00,0x2E,0x74,0x65,0x78,
0x74,0x00,0x00,0x00,0x30,0x3E,0x00,0x00,0x01,0x00,0x00,0x00,0x03,0x00,0x2E,0x64,0x61,0x74,0x61,0x00,
0x00,0x00,0xB0,0x00,0x00,0x00,0x02,0x00,0x00,0x00,0x03,0x00,0x2E,0x62,0x73,0x73,0x00,0x00,0x00,0x00,
0xD0,0x01,0x00,0x00,0x07,0x00,0x00,0x00,0x03,0x00,0x2E,0x69,0x64,0x61,0x74,0x61,0x24,0x37,0xF0,0x0E,
0x00,0x00,0x08,0x00,0x00,0x00,0x03,0x00,0x2E,0x69,0x64,0x61,0x74,0x61,0x24,0x35,0xF8,0x05,0x00,0x00,
0x08,0x00,0x00,0x00,0x03,0x00,0x2E,0x69,0x64,0x61,0x74,0x61,0x24,0x34,0xB0,0x02,0x00,0x00,0x08,0x00,
0x00,0x00,0x03,0x00,0x2E,0x69,0x64,0x61,0x74,0x61,0x24,0x36,0xAE,0x0A,0x00,0x00,0x08,0x00,0x00,0x00,
0x03,0x00,0x2E,0x74,0x65,0x78,0x74,0x00,0x00,0x00,0x38,0x3E,0x00,0x00,0x01,0x00,0x00,0x00,0x03,0x00,
0x2E,0x64,0x61,0x74,0x61,0x00,0x00,0x00,0xB0,0x00,0x00,0x00,0x02,0x00,0x00,0x00,0x03,0x00,0x2E,0x62,
0x73,0x73,0x00,0x00,0x00,0x00,0xD0,0x01,0x00,0x00,0x07,0x00,0x00,0x00,0x03,0x00,0x2E,0x69,0x64,0x61,
0x74,0x61,0x24,0x37,0xF4,0x0E,0x00,0x00,0x08,0x00,0x00,0x00,0x03,0x00,0x2E,0x69,0x64,0x61,0x74,0x61,
0x24,0x35,0x00,0x06,0x00,0x00,0x08,0x00,0x00,0x00,0x03,0x00,0x2E,0x69,0x64,0x61,0x74,0x61,0x24,0x34,
0xB8,0x02,0x00,0x00,0x08,0x00,0x00,0x00,0x03,0x00,0x2E,0x69,0x64,0x61,0x74,0x61,0x24,0x36,0xBC,0x0A,
0x00,0x00,0x08,0x00,0x00,0x00,0x03,0x00,0x2E,0x74,0x65,0x78,0x74,0x00,0x00,0x00,0x40,0x3E,0x00,0x00,
0x01,0x00,0x00,0x00,0x03,0x00,0x2E,0x64,0x61,0x74,0x61,0x00,0x00,0x00,0xB0,0x00,0x00,0x00,0x02,0x00,
0x00,0x00,0x03,0x00,0x2E,0x62,0x73,0x73,0x00,0x00,0x00,0x00,0xD0,0x01,0x00,0x00,0x07,0x00,0x00,0x00,
0x03,0x00,0x2E,0x69,0x64,0x61,0x74,0x61,0x24,0x37,0xF8,0x0E,0x00,0x00,0x08,0x00,0x00,0x00,0x03,0x00,
0x2E,0x69,0x64,0x61,0x74,0x61,0x24,0x35,0x08,0x06,0x00,0x00,0x08,0x00,0x00,0x00,0x03,0x00,0x2E,0x69,
0x64,0x61,0x74,0x61,0x24,0x34,0xC0,0x02,0x00,0x00,0x08,0x00,0x00,0x00,0x03,0x00,0x2E,0x69,0x64,0x61,
0x74,0x61,0x24,0x36,0xC6,0x0A,0x00,0x00,0x08,0x00,0x00,0x00,0x03,0x00,0x2E,0x74,0x65,0x78,0x74,0x00,
0x00,0x00,0x48,0x3E,0x00,0x00,0x01,0x00,0x00,0x00,0x03,0x00,0x2E,0x64,0x61,0x74,0x61,0x00,0x00,0x00,
0xB0,0x00,0x00,0x00,0x02,0x00,0x00,0x00,0x03,0x00,0x2E,0x62,0x73,0x73,0x00,0x00,0x00,0x00,0xD0,0x01,
0x00,0x00,0x07,0x00,0x00,0x00,0x03,0x00,0x2E,0x69,0x64,0x61,0x74,0x61,0x24,0x37,0xFC,0x0E,0x00,0x00,
0x08,0x00,0x00,0x00,0x03,0x00,0x2E,0x69,0x64,0x61,0x74,0x61,0x24,0x35,0x10,0x06,0x00,0x00,0x08,0x00,
0x00,0x00,0x03,0x00,0x2E,0x69,0x64,0x61,0x74,0x61,0x24,0x34,0xC8,0x02,0x00,0x00,0x08,0x00,0x00,0x00,
0x03,0x00,0x2E,0x69,0x64,0x61,0x74,0x61,0x24,0x36,0xE0,0x0A,0x00,0x00,0x08,0x00,0x00,0x00,0x03,0x00,
0x2E,0x74,0x65,0x78,0x74,0x00,0x00,0x00,0x50,0x3E,0x00,0x00,0x01,0x00,0x00,0x00,0x03,0x00,0x2E,0x64,
0x61,0x74,0x61,0x00,0x00,0x00,0xB0,0x00,0x00,0x00,0x02,0x00,0x00,0x00,0x03,0x00,0x2E,0x62,0x73,0x73,
0x00,0x00,0x00,0x00,0xD0,0x01,0x00,0x00,0x07,0x00,0x00,0x00,0x03,0x00,0x2E,0x69,0x64,0x61,0x74,0x61,
0x24,0x37,0x00,0x0F,0x00,0x00,0x08,0x00,0x00,0x00,0x03,0x00,0x2E,0x69,0x64,0x61,0x74,0x61,0x24,0x35,
0x18,0x06,0x00,0x00,0x08,0x00,0x00,0x00,0x03,0x00,0x2E,0x69,0x64,0x61,0x74,0x61,0x24,0x34,0xD0,0x02,
0x00,0x00,0x08,0x00,0x00,0x00,0x03,0x00,0x2E,0x69,0x64,0x61,0x74,0x61,0x24,0x36,0xEE,0x0A,0x00,0x00,
0x08,0x00,0x00,0x00,0x03,0x00,0x2E,0x74,0x65,0x78,0x74,0x00,0x00,0x00,0x58,0x3E,0x00,0x00,0x01,0x00,
0x00,0x00,0x03,0x00,0x2E,0x64,0x61,0x74,0x61,0x00,0x00,0x00,0xB0,0x00,0x00,0x00,0x02,0x00,0x00,0x00,
0x03,0x00,0x2E,0x62,0x73,0x73,0x00,0x00,0x00,0x00,0xD0,0x01,0x00,0x00,0x07,0x00,0x00,0x00,0x03,0x00,
0x2E,0x69,0x64,0x61,0x74,0x61,0x24,0x37,0x04,0x0F,0x00,0x00,0x08,0x00,0x00,0x00,0x03,0x00,0x2E,0x69,
0x64,0x61,0x74,0x61,0x24,0x35,0x20,0x06,0x00,0x00,0x08,0x00,0x00,0x00,0x03,0x00,0x2E,0x69,0x64,0x61,
0x74,0x61,0x24,0x34,0xD8,0x02,0x00,0x00,0x08,0x00,0x00,0x00,0x03,0x00,0x2E,0x69,0x64,0x61,0x74,0x61,
0x24,0x36,0xF6,0x0A,0x00,0x00,0x08,0x00,0x00,0x00,0x03,0x00,0x2E,0x74,0x65,0x78,0x74,0x00,0x00,0x00,
0x60,0x3E,0x00,0x00,0x01,0x00,0x00,0x00,0x03,0x00,0x2E,0x64,0x61,0x74,0x61,0x00,0x00,0x00,0xB0,0x00,
0x00,0x00,0x02,0x00,0x00,0x00,0x03,0x00,0x2E,0x62,0x73,0x73,0x00,0x00,0x00,0x00,0xD0,0x01,0x00,0x00,
0x07,0x00,0x00,0x00,0x03,0x00,0x2E,0x69,0x64,0x61,0x74,0x61,0x24,0x37,0x08,0x0F,0x00,0x00,0x08,0x00,
0x00,0x00,0x03,0x00,0x2E,0x69,0x64,0x61,0x74,0x61,0x24,0x35,0x28,0x06,0x00,0x00,0x08,0x00,0x00,0x00,
0x03,0x00,0x2E,0x69,0x64,0x61,0x74,0x61,0x24,0x34,0xE0,0x02,0x00,0x00,0x08,0x00,0x00,0x00,0x03,0x00,
0x2E,0x69,0x64,0x61,0x74,0x61,0x24,0x36,0x18,0x0B,0x00,0x00,0x08,0x00,0x00,0x00,0x03,0x00,0x2E,0x74,
0x65,0x78,0x74,0x00,0x00,0x00,0x68,0x3E,0x00,0x00,0x01,0x00,0x00,0x00,0x03,0x00,0x2E,0x64,0x61,0x74,
0x61,0x00,0x00,0x00,0xB0,0x00,0x00,0x00,0x02,0x00,0x00,0x00,0x03,0x00,0x2E,0x62,0x73,0x73,0x00,0x00,
0x00,0x00,0xD0,0x01,0x00,0x00,0x07,0x00,0x00,0x00,0x03,0x00,0x2E,0x69,0x64,0x61,0x74,0x61,0x24,0x37,
0x0C,0x0F,0x00,0x00,0x08,0x00,0x00,0x00,0x03,0x00,0x2E,0x69,0x64,0x61,0x74,0x61,0x24,0x35,0x30,0x06,
0x00,0x00,0x08,0x00,0x00,0x00,0x03,0x00,0x2E,0x69,0x64,0x61,0x74,0x61,0x24,0x34,0xE8,0x02,0x00,0x00,
0x08,0x00,0x00,0x00,0x03,0x00,0x2E,0x69,0x64,0x61,0x74,0x61,0x24,0x36,0x28,0x0B,0x00,0x00,0x08,0x00,
0x00,0x00,0x03,0x00,0x2E,0x74,0x65,0x78,0x74,0x00,0x00,0x00,0x70,0x3E,0x00,0x00,0x01,0x00,0x00,0x00,
0x03,0x00,0x2E,0x64,0x61,0x74,0x61,0x00,0x00,0x00,0xB0,0x00,0x00,0x00,0x02,0x00,0x00,0x00,0x03,0x00,
0x2E,0x62,0x73,0x73,0x00,0x00,0x00,0x00,0xD0,0x01,0x00,0x00,0x07,0x00,0x00,0x00,0x03,0x00,0x2E,0x69,
0x64,0x61,0x74,0x61,0x24,0x37,0x10,0x0F,0x00,0x00,0x08,0x00,0x00,0x00,0x03,0x00,0x2E,0x69,0x64,0x61,
0x74,0x61,0x24,0x35,0x38,0x06,0x00,0x00,0x08,0x00,0x00,0x00,0x03,0x00,0x2E,0x69,0x64,0x61,0x74,0x61,
0x24,0x34,0xF0,0x02,0x00,0x00,0x08,0x00,0x00,0x00,0x03,0x00,0x2E,0x69,0x64,0x61,0x74,0x61,0x24,0x36,
0x34,0x0B,0x00,0x00,0x08,0x00,0x00,0x00,0x03,0x00,0x2E,0x74,0x65,0x78,0x74,0x00,0x00,0x00,0x78,0x3E,
0x00,0x00,0x01,0x00,0x00,0x00,0x03,0x00,0x2E,0x64,0x61,0x74,0x61,0x00,0x00,0x00,0xB0,0x00,0x00,0x00,
0x02,0x00,0x00,0x00,0x03,0x00,0x2E,0x62,0x73,0x73,0x00,0x00,0x00,0x00,0xD0,0x01,0x00,0x00,0x07,0x00,
0x00,0x00,0x03,0x00,0x2E,0x69,0x64,0x61,0x74,0x61,0x24,0x37,0x14,0x0F,0x00,0x00,0x08,0x00,0x00,0x00,
0x03,0x00,0x2E,0x69,0x64,0x61,0x74,0x61,0x24,0x35,0x40,0x06,0x00,0x00,0x08,0x00,0x00,0x00,0x03,0x00,
0x2E,0x69,0x64,0x61,0x74,0x61,0x24,0x34,0xF8,0x02,0x00,0x00,0x08,0x00,0x00,0x00,0x03,0x00,0x2E,0x69,
0x64,0x61,0x74,0x61,0x24,0x36,0x42,0x0B,0x00,0x00,0x08,0x00,0x00,0x00,0x03,0x00,0x2E,0x74,0x65,0x78,
0x74,0x00,0x00,0x00,0x80,0x3E,0x00,0x00,0x01,0x00,0x00,0x00,0x03,0x00,0x2E,0x64,0x61,0x74,0x61,0x00,
0x00,0x00,0xB0,0x00,0x00,0x00,0x02,0x00,0x00,0x00,0x03,0x00,0x2E,0x62,0x73,0x73,0x00,0x00,0x00,0x00,
0xD0,0x01,0x00,0x00,0x07,0x00,0x00,0x00,0x03,0x00,0x2E,0x69,0x64,0x61,0x74,0x61,0x24,0x37,0x18,0x0F,
0x00,0x00,0x08,0x00,0x00,0x00,0x03,0x00,0x2E,0x69,0x64,0x61,0x74,0x61,0x24,0x35,0x48,0x06,0x00,0x00,
0x08,0x00,0x00,0x00,0x03,0x00,0x2E,0x69,0x64,0x61,0x74,0x61,0x24,0x34,0x00,0x03,0x00,0x00,0x08,0x00,
0x00,0x00,0x03,0x00,0x2E,0x69,0x64,0x61,0x74,0x61,0x24,0x36,0x64,0x0B,0x00,0x00,0x08,0x00,0x00,0x00,
0x03,0x00,0x2E,0x74,0x65,0x78,0x74,0x00,0x00,0x00,0x88,0x3E,0x00,0x00,0x01,0x00,0x00,0x00,0x03,0x00,
0x2E,0x64,0x61,0x74,0x61,0x00,0x00,0x00,0xB0,0x00,0x00,0x00,0x02,0x00,0x00,0x00,0x03,0x00,0x2E,0x62,
0x73,0x73,0x00,0x00,0x00,0x00,0xD0,0x01,0x00,0x00,0x07,0x00,0x00,0x00,0x03,0x00,0x2E,0x69,0x64,0x61,
0x74,0x61,0x24,0x37,0x1C,0x0F,0x00,0x00,0x08,0x00,0x00,0x00,0x03,0x00,0x2E,0x69,0x64,0x61,0x74,0x61,
0x24,0x35,0x50,0x06,0x00,0x00,0x08,0x00,0x00,0x00,0x03,0x00,0x2E,0x69,0x64,0x61,0x74,0x61,0x24,0x34,
0x08,0x03,0x00,0x00,0x08,0x00,0x00,0x00,0x03,0x00,0x2E,0x69,0x64,0x61,0x74,0x61,0x24,0x36,0x6C,0x0B,
0x00,0x00,0x08,0x00,0x00,0x00,0x03,0x00,0x2E,0x74,0x65,0x78,0x74,0x00,0x00,0x00,0x90,0x3E,0x00,0x00,
0x01,0x00,0x00,0x00,0x03,0x00,0x2E,0x64,0x61,0x74,0x61,0x00,0x00,0x00,0xB0,0x00,0x00,0x00,0x02,0x00,
0x00,0x00,0x03,0x00,0x2E,0x62,0x73,0x73,0x00,0x00,0x00,0x00,0xD0,0x01,0x00,0x00,0x07,0x00,0x00,0x00,
0x03,0x00,0x2E,0x69,0x64,0x61,0x74,0x61,0x24,0x37,0x20,0x0F,0x00,0x00,0x08,0x00,0x00,0x00,0x03,0x00,
0x2E,0x69,0x64,0x61,0x74,0x61,0x24,0x35,0x58,0x06,0x00,0x00,0x08,0x00,0x00,0x00,0x03,0x00,0x2E,0x69,
0x64,0x61,0x74,0x61,0x24,0x34,0x10,0x03,0x00,0x00,0x08,0x00,0x00,0x00,0x03,0x00,0x2E,0x69,0x64,0x61,
0x74,0x61,0x24,0x36,0x74,0x0B,0x00,0x00,0x08,0x00,0x00,0x00,0x03,0x00,0x2E,0x66,0x69,0x6C,0x65,0x00,
0x00,0x00,0xAF,0x04,0x00,0x00,0xFE,0xFF,0x00,0x00,0x67,0x01,0x66,0x61,0x6B,0x65,0x00,0x00,0x00,0x00,
0x00,0x00,0x00,0x00,0x00,0x00,0x00,0x00,0x00,0x00,0x68,0x6E,0x61,0x6D,0x65,0x00,0x00,0x00,0xA0,0x02,
0x00,0x00,0x08,0x00,0x00,0x00,0x03,0x00,0x66,0x74,0x68,0x75,0x6E,0x6B,0x00,0x00,0xE8,0x05,0x00,0x00,
0x08,0x00,0x00,0x00,0x03,0x00,0x2E,0x74,0x65,0x78,0x74,0x00,0x00,0x00,0xA0,0x3E,0x00,0x00,0x01,0x00,
0x00,0x00,0x03,0x01,0x00,0x00,0x00,0x00,0x00,0x00,0x00,0x00,0x00,0x00,0x00,0x00,0x00,0x00,0x00,0x00,
0x00,0x00,0x2E,0x64,0x61,0x74,0x61,0x00,0x00,0x00,0xB0,0x00,0x00,0x00,0x02,0x00,0x00,0x00,0x03,0x01,
0x00,0x00,0x00,0x00,0x00,0x00,0x00,0x00,0x00,0x00,0x00,0x00,0x00,0x00,0x00,0x00,0x00,0x00,0x2E,0x62,
0x73,0x73,0x00,0x00,0x00,0x00,0xD0,0x01,0x00,0x00,0x07,0x00,0x00,0x00,0x03,0x01,0x00,0x00,0x00,0x00,
0x00,0x00,0x00,0x00,0x00,0x00,0x00,0x00,0x00,0x00,0x00,0x00,0x00,0x00,0x2E,0x69,0x64,0x61,0x74,0x61,
0x24,0x32,0xA0,0x00,0x00,0x00,0x08,0x00,0x00,0x00,0x03,0x01,0x14,0x00,0x00,0x00,0x03,0x00,0x00,0x00,
0x00,0x00,0x00,0x00,0x00,0x00,0x00,0x00,0x00,0x00,0x2E,0x69,0x64,0x61,0x74,0x61,0x24,0x34,0xA0,0x02,
0x00,0x00,0x08,0x00,0x00,0x00,0x03,0x00,0x2E,0x69,0x64,0x61,0x74,0x61,0x24,0x35,0xE8,0x05,0x00,0x00,
0x08,0x00,0x00,0x00,0x03,0x00,0x2E,0x66,0x69,0x6C,0x65,0x00,0x00,0x00,0xD2,0x04,0x00,0x00,0xFE,0xFF,
0x00,0x00,0x67,0x01,0x66,0x61,0x6B,0x65,0x00,0x00,0x00,0x00,0x00,0x00,0x00,0x00,0x00,0x00,0x00,0x00,
0x00,0x00,0x2E,0x74,0x65,0x78,0x74,0x00,0x00,0x00,0xA0,0x3E,0x00,0x00,0x01,0x00,0x00,0x00,0x03,0x01,
0x00,0x00,0x00,0x00,0x00,0x00,0x00,0x00,0x00,0x00,0x00,0x00,0x00,0x00,0x00,0x00,0x00,0x00,0x2E,0x64,
0x61,0x74,0x61,0x00,0x00,0x00,0xB0,0x00,0x00,0x00,0x02,0x00,0x00,0x00,0x03,0x01,0x00,0x00,0x00,0x00,
0x00,0x00,0x00,0x00,0x00,0x00,0x00,0x00,0x00,0x00,0x00,0x00,0x00,0x00,0x2E,0x62,0x73,0x73,0x00,0x00,
0x00,0x00,0xD0,0x01,0x00,0x00,0x07,0x00,0x00,0x00,0x03,0x01,0x00,0x00,0x00,0x00,0x00,0x00,0x00,0x00,
0x00,0x00,0x00,0x00,0x00,0x00,0x00,0x00,0x00,0x00,0x2E,0x69,0x64,0x61,0x74,0x61,0x24,0x34,0x18,0x03,
0x00,0x00,0x08,0x00,0x00,0x00,0x03,0x01,0x08,0x00,0x00,0x00,0x00,0x00,0x00,0x00,0x00,0x00,0x00,0x00,
0x00,0x00,0x00,0x00,0x00,0x00,0x2E,0x69,0x64,0x61,0x74,0x61,0x24,0x35,0x60,0x06,0x00,0x00,0x08,0x00,
0x00,0x00,0x03,0x01,0x08,0x00,0x00,0x00,0x00,0x00,0x00,0x00,0x00,0x00,0x00,0x00,0x00,0x00,0x00,0x00,
0x00,0x00,0x2E,0x69,0x64,0x61,0x74,0x61,0x24,0x37,0x24,0x0F,0x00,0x00,0x08,0x00,0x00,0x00,0x03,0x01,
0x22,0x00,0x00,0x00,0x00,0x00,0x00,0x00,0x00,0x00,0x00,0x00,0x00,0x00,0x00,0x00,0x00,0x00,0x2E,0x74,
0x65,0x78,0x74,0x00,0x00,0x00,0xA0,0x3E,0x00,0x00,0x01,0x00,0x00,0x00,0x03,0x00,0x2E,0x64,0x61,0x74,
0x61,0x00,0x00,0x00,0xB0,0x00,0x00,0x00,0x02,0x00,0x00,0x00,0x03,0x00,0x2E,0x62,0x73,0x73,0x00,0x00,
0x00,0x00,0xD0,0x01,0x00,0x00,0x07,0x00,0x00,0x00,0x03,0x00,0x2E,0x69,0x64,0x61,0x74,0x61,0x24,0x37,
0xB8,0x0E,0x00,0x00,0x08,0x00,0x00,0x00,0x03,0x00,0x2E,0x69,0x64,0x61,0x74,0x61,0x24,0x35,0xC8,0x05,
0x00,0x00,0x08,0x00,0x00,0x00,0x03,0x00,0x2E,0x69,0x64,0x61,0x74,0x61,0x24,0x34,0x80,0x02,0x00,0x00,
0x08,0x00,0x00,0x00,0x03,0x00,0x2E,0x69,0x64,0x61,0x74,0x61,0x24,0x36,0x66,0x0A,0x00,0x00,0x08,0x00,
0x00,0x00,0x03,0x00,0x2E,0x74,0x65,0x78,0x74,0x00,0x00,0x00,0xA8,0x3E,0x00,0x00,0x01,0x00,0x00,0x00,
0x03,0x00,0x2E,0x64,0x61,0x74,0x61,0x00,0x00,0x00,0xB0,0x00,0x00,0x00,0x02,0x00,0x00,0x00,0x03,0x00,
0x2E,0x62,0x73,0x73,0x00,0x00,0x00,0x00,0xD0,0x01,0x00,0x00,0x07,0x00,0x00,0x00,0x03,0x00,0x2E,0x69,
0x64,0x61,0x74,0x61,0x24,0x37,0xBC,0x0E,0x00,0x00,0x08,0x00,0x00,0x00,0x03,0x00,0x2E,0x69,0x64,0x61,
0x74,0x61,0x24,0x35,0xD0,0x05,0x00,0x00,0x08,0x00,0x00,0x00,0x03,0x00,0x2E,0x69,0x64,0x61,0x74,0x61,
0x24,0x34,0x88,0x02,0x00,0x00,0x08,0x00,0x00,0x00,0x03,0x00,0x2E,0x69,0x64,0x61,0x74,0x61,0x24,0x36,
0x7E,0x0A,0x00,0x00,0x08,0x00,0x00,0x00,0x03,0x00,0x2E,0x74,0x65,0x78,0x74,0x00,0x00,0x00,0xB0,0x3E,
0x00,0x00,0x01,0x00,0x00,0x00,0x03,0x00,0x2E,0x64,0x61,0x74,0x61,0x00,0x00,0x00,0xB0,0x00,0x00,0x00,
0x02,0x00,0x00,0x00,0x03,0x00,0x2E,0x62,0x73,0x73,0x00,0x00,0x00,0x00,0xD0,0x01,0x00,0x00,0x07,0x00,
0x00,0x00,0x03,0x00,0x2E,0x69,0x64,0x61,0x74,0x61,0x24,0x37,0xC0,0x0E,0x00,0x00,0x08,0x00,0x00,0x00,
0x03,0x00,0x2E,0x69,0x64,0x61,0x74,0x61,0x24,0x35,0xD8,0x05,0x00,0x00,0x08,0x00,0x00,0x00,0x03,0x00,
0x2E,0x69,0x64,0x61,0x74,0x61,0x24,0x34,0x90,0x02,0x00,0x00,0x08,0x00,0x00,0x00,0x03,0x00,0x2E,0x69,
0x64,0x61,0x74,0x61,0x24,0x36,0x88,0x0A,0x00,0x00,0x08,0x00,0x00,0x00,0x03,0x00,0x2E,0x66,0x69,0x6C,
0x65,0x00,0x00,0x00,0xE0,0x04,0x00,0x00,0xFE,0xFF,0x00,0x00,0x67,0x01,0x66,0x61,0x6B,0x65,0x00,0x00,
0x00,0x00,0x00,0x00,0x00,0x00,0x00,0x00,0x00,0x00,0x00,0x00,0x68,0x6E,0x61,0x6D,0x65,0x00,0x00,0x00,
0x80,0x02,0x00,0x00,0x08,0x00,0x00,0x00,0x03,0x00,0x66,0x74,0x68,0x75,0x6E,0x6B,0x00,0x00,0xC8,0x05,
0x00,0x00,0x08,0x00,0x00,0x00,0x03,0x00,0x2E,0x74,0x65,0x78,0x74,0x00,0x00,0x00,0xC0,0x3E,0x00,0x00,
0x01,0x00,0x00,0x00,0x03,0x01,0x00,0x00,0x00,0x00,0x00,0x00,0x00,0x00,0x00,0x00,0x00,0x00,0x00,0x00,
0x00,0x00,0x00,0x00,0x2E,0x64,0x61,0x74,0x61,0x00,0x00,0x00,0xB0,0x00,0x00,0x00,0x02,0x00,0x00,0x00,
0x03,0x01,0x00,0x00,0x00,0x00,0x00,0x00,0x00,0x00,0x00,0x00,0x00,0x00,0x00,0x00,0x00,0x00,0x00,0x00,
0x2E,0x62,0x73,0x73,0x00,0x00,0x00,0x00,0xD0,0x01,0x00,0x00,0x07,0x00,0x00,0x00,0x03,0x01,0x00,0x00,
0x00,0x00,0x00,0x00,0x00,0x00,0x00,0x00,0x00,0x00,0x00,0x00,0x00,0x00,0x00,0x00,0x2E,0x69,0x64,0x61,
0x74,0x61,0x24,0x32,0x8C,0x00,0x00,0x00,0x08,0x00,0x00,0x00,0x03,0x01,0x14,0x00,0x00,0x00,0x03,0x00,
0x00,0x00,0x00,0x00,0x00,0x00,0x00,0x00,0x00,0x00,0x00,0x00,0x2E,0x69,0x64,0x61,0x74,0x61,0x24,0x34,
0x80,0x02,0x00,0x00,0x08,0x00,0x00,0x00,0x03,0x00,0x2E,0x69,0x64,0x61,0x74,0x61,0x24,0x35,0xC8,0x05,
0x00,0x00,0x08,0x00,0x00,0x00,0x03,0x00,0x2E,0x66,0x69,0x6C,0x65,0x00,0x00,0x00,0xF5,0x04,0x00,0x00,
0xFE,0xFF,0x00,0x00,0x67,0x01,0x66,0x61,0x6B,0x65,0x00,0x00,0x00,0x00,0x00,0x00,0x00,0x00,0x00,0x00,
0x00,0x00,0x00,0x00,0x2E,0x74,0x65,0x78,0x74,0x00,0x00,0x00,0xC0,0x3E,0x00,0x00,0x01,0x00,0x00,0x00,
0x03,0x01,0x00,0x00,0x00,0x00,0x00,0x00,0x00,0x00,0x00,0x00,0x00,0x00,0x00,0x00,0x00,0x00,0x00,0x00,
0x2E,0x64,0x61,0x74,0x61,0x00,0x00,0x00,0xB0,0x00,0x00,0x00,0x02,0x00,0x00,0x00,0x03,0x01,0x00,0x00,
0x00,0x00,0x00,0x00,0x00,0x00,0x00,0x00,0x00,0x00,0x00,0x00,0x00,0x00,0x00,0x00,0x2E,0x62,0x73,0x73,
0x00,0x00,0x00,0x00,0xD0,0x01,0x00,0x00,0x07,0x00,0x00,0x00,0x03,0x01,0x00,0x00,0x00,0x00,0x00,0x00,
0x00,0x00,0x00,0x00,0x00,0x00,0x00,0x00,0x00,0x00,0x00,0x00,0x2E,0x69,0x64,0x61,0x74,0x61,0x24,0x34,
0x98,0x02,0x00,0x00,0x08,0x00,0x00,0x00,0x03,0x01,0x08,0x00,0x00,0x00,0x00,0x00,0x00,0x00,0x00,0x00,
0x00,0x00,0x00,0x00,0x00,0x00,0x00,0x00,0x2E,0x69,0x64,0x61,0x74,0x61,0x24,0x35,0xE0,0x05,0x00,0x00,
0x08,0x00,0x00,0x00,0x03,0x01,0x08,0x00,0x00,0x00,0x00,0x00,0x00,0x00,0x00,0x00,0x00,0x00,0x00,0x00,
0x00,0x00,0x00,0x00,0x2E,0x69,0x64,0x61,0x74,0x61,0x24,0x37,0xC4,0x0E,0x00,0x00,0x08,0x00,0x00,0x00,
0x03,0x01,0x22,0x00,0x00,0x00,0x00,0x00,0x00,0x00,0x00,0x00,0x00,0x00,0x00,0x00,0x00,0x00,0x00,0x00,
0x2E,0x74,0x65,0x78,0x74,0x00,0x00,0x00,0xC0,0x3E,0x00,0x00,0x01,0x00,0x00,0x00,0x03,0x00,0x2E,0x64,
0x61,0x74,0x61,0x00,0x00,0x00,0xB0,0x00,0x00,0x00,0x02,0x00,0x00,0x00,0x03,0x00,0x2E,0x62,0x73,0x73,
0x00,0x00,0x00,0x00,0xD0,0x01,0x00,0x00,0x07,0x00,0x00,0x00,0x03,0x00,0x2E,0x69,0x64,0x61,0x74,0x61,
0x24,0x37,0x94,0x0E,0x00,0x00,0x08,0x00,0x00,0x00,0x03,0x00,0x2E,0x69,0x64,0x61,0x74,0x61,0x24,0x35,
0xB8,0x05,0x00,0x00,0x08,0x00,0x00,0x00,0x03,0x00,0x2E,0x69,0x64,0x61,0x74,0x61,0x24,0x34,0x70,0x02,
0x00,0x00,0x08,0x00,0x00,0x00,0x03,0x00,0x2E,0x69,0x64,0x61,0x74,0x61,0x24,0x36,0x52,0x0A,0x00,0x00,
0x08,0x00,0x00,0x00,0x03,0x00,0x2E,0x66,0x69,0x6C,0x65,0x00,0x00,0x00,0x03,0x05,0x00,0x00,0xFE,0xFF,
0x00,0x00,0x67,0x01,0x66,0x61,0x6B,0x65,0x00,0x00,0x00,0x00,0x00,0x00,0x00,0x00,0x00,0x00,0x00,0x00,
0x00,0x00,0x68,0x6E,0x61,0x6D,0x65,0x00,0x00,0x00,0x70,0x02,0x00,0x00,0x08,0x00,0x00,0x00,0x03,0x00,
0x66,0x74,0x68,0x75,0x6E,0x6B,0x00,0x00,0xB8,0x05,0x00,0x00,0x08,0x00,0x00,0x00,0x03,0x00,0x2E,0x74,
0x65,0x78,0x74,0x00,0x00,0x00,0xD0,0x3E,0x00,0x00,0x01,0x00,0x00,0x00,0x03,0x01,0x00,0x00,0x00,0x00,
0x00,0x00,0x00,0x00,0x00,0x00,0x00,0x00,0x00,0x00,0x00,0x00,0x00,0x00,0x2E,0x64,0x61,0x74,0x61,0x00,
0x00,0x00,0xB0,0x00,0x00,0x00,0x02,0x00,0x00,0x00,0x03,0x01,0x00,0x00,0x00,0x00,0x00,0x00,0x00,0x00,
0x00,0x00,0x00,0x00,0x00,0x00,0x00,0x00,0x00,0x00,0x2E,0x62,0x73,0x73,0x00,0x00,0x00,0x00,0xD0,0x01,
0x00,0x00,0x07,0x00,0x00,0x00,0x03,0x01,0x00,0x00,0x00,0x00,0x00,0x00,0x00,0x00,0x00,0x00,0x00,0x00,
0x00,0x00,0x00,0x00,0x00,0x00,0x2E,0x69,0x64,0x61,0x74,0x61,0x24,0x32,0x78,0x00,0x00,0x00,0x08,0x00,
0x00,0x00,0x03,0x01,0x14,0x00,0x00,0x00,0x03,0x00,0x00,0x00,0x00,0x00,0x00,0x00,0x00,0x00,0x00,0x00,
0x00,0x00,0x2E,0x69,0x64,0x61,0x74,0x61,0x24,0x34,0x70,0x02,0x00,0x00,0x08,0x00,0x00,0x00,0x03,0x00,
0x2E,0x69,0x64,0x61,0x74,0x61,0x24,0x35,0xB8,0x05,0x00,0x00,0x08,0x00,0x00,0x00,0x03,0x00,0x2E,0x66,
0x69,0x6C,0x65,0x00,0x00,0x00,0x18,0x05,0x00,0x00,0xFE,0xFF,0x00,0x00,0x67,0x01,0x66,0x61,0x6B,0x65,
0x00,0x00,0x00,0x00,0x00,0x00,0x00,0x00,0x00,0x00,0x00,0x00,0x00,0x00,0x2E,0x74,0x65,0x78,0x74,0x00,
0x00,0x00,0xD0,0x3E,0x00,0x00,0x01,0x00,0x00,0x00,0x03,0x01,0x00,0x00,0x00,0x00,0x00,0x00,0x00,0x00,
0x00,0x00,0x00,0x00,0x00,0x00,0x00,0x00,0x00,0x00,0x2E,0x64,0x61,0x74,0x61,0x00,0x00,0x00,0xB0,0x00,
0x00,0x00,0x02,0x00,0x00,0x00,0x03,0x01,0x00,0x00,0x00,0x00,0x00,0x00,0x00,0x00,0x00,0x00,0x00,0x00,
0x00,0x00,0x00,0x00,0x00,0x00,0x2E,0x62,0x73,0x73,0x00,0x00,0x00,0x00,0xD0,0x01,0x00,0x00,0x07,0x00,
0x00,0x00,0x03,0x01,0x00,0x00,0x00,0x00,0x00,0x00,0x00,0x00,0x00,0x00,0x00,0x00,0x00,0x00,0x00,0x00,
0x00,0x00,0x2E,0x69,0x64,0x61,0x74,0x61,0x24,0x34,0x78,0x02,0x00,0x00,0x08,0x00,0x00,0x00,0x03,0x01,
0x08,0x00,0x00,0x00,0x00,0x00,0x00,0x00,0x00,0x00,0x00,0x00,0x00,0x00,0x00,0x00,0x00,0x00,0x2E,0x69,
0x64,0x61,0x74,0x61,0x24,0x35,0xC0,0x05,0x00,0x00,0x08,0x00,0x00,0x00,0x03,0x01,0x08,0x00,0x00,0x00,
0x00,0x00,0x00,0x00,0x00,0x00,0x00,0x00,0x00,0x00,0x00,0x00,0x00,0x00,0x2E,0x69,0x64,0x61,0x74,0x61,
0x24,0x37,0x98,0x0E,0x00,0x00,0x08,0x00,0x00,0x00,0x03,0x01,0x1F,0x00,0x00,0x00,0x00,0x00,0x00,0x00,
0x00,0x00,0x00,0x00,0x00,0x00,0x00,0x00,0x00,0x00,0x2E,0x74,0x65,0x78,0x74,0x00,0x00,0x00,0xD0,0x3E,
0x00,0x00,0x01,0x00,0x00,0x00,0x03,0x00,0x2E,0x64,0x61,0x74,0x61,0x00,0x00,0x00,0xB0,0x00,0x00,0x00,
0x02,0x00,0x00,0x00,0x03,0x00,0x2E,0x62,0x73,0x73,0x00,0x00,0x00,0x00,0xD0,0x01,0x00,0x00,0x07,0x00,
0x00,0x00,0x03,0x00,0x2E,0x69,0x64,0x61,0x74,0x61,0x24,0x37,0x6C,0x0E,0x00,0x00,0x08,0x00,0x00,0x00,
0x03,0x00,0x2E,0x69,0x64,0x61,0x74,0x61,0x24,0x35,0xA8,0x05,0x00,0x00,0x08,0x00,0x00,0x00,0x03,0x00,
0x2E,0x69,0x64,0x61,0x74,0x61,0x24,0x34,0x60,0x02,0x00,0x00,0x08,0x00,0x00,0x00,0x03,0x00,0x2E,0x69,
0x64,0x61,0x74,0x61,0x24,0x36,0x3C,0x0A,0x00,0x00,0x08,0x00,0x00,0x00,0x03,0x00,0x2E,0x66,0x69,0x6C,
0x65,0x00,0x00,0x00,0x26,0x05,0x00,0x00,0xFE,0xFF,0x00,0x00,0x67,0x01,0x66,0x61,0x6B,0x65,0x00,0x00,
0x00,0x00,0x00,0x00,0x00,0x00,0x00,0x00,0x00,0x00,0x00,0x00,0x68,0x6E,0x61,0x6D,0x65,0x00,0x00,0x00,
0x60,0x02,0x00,0x00,0x08,0x00,0x00,0x00,0x03,0x00,0x66,0x74,0x68,0x75,0x6E,0x6B,0x00,0x00,0xA8,0x05,
0x00,0x00,0x08,0x00,0x00,0x00,0x03,0x00,0x2E,0x74,0x65,0x78,0x74,0x00,0x00,0x00,0xE0,0x3E,0x00,0x00,
0x01,0x00,0x00,0x00,0x03,0x01,0x00,0x00,0x00,0x00,0x00,0x00,0x00,0x00,0x00,0x00,0x00,0x00,0x00,0x00,
0x00,0x00,0x00,0x00,0x2E,0x64,0x61,0x74,0x61,0x00,0x00,0x00,0xB0,0x00,0x00,0x00,0x02,0x00,0x00,0x00,
0x03,0x01,0x00,0x00,0x00,0x00,0x00,0x00,0x00,0x00,0x00,0x00,0x00,0x00,0x00,0x00,0x00,0x00,0x00,0x00,
0x2E,0x62,0x73,0x73,0x00,0x00,0x00,0x00,0xD0,0x01,0x00,0x00,0x07,0x00,0x00,0x00,0x03,0x01,0x00,0x00,
0x00,0x00,0x00,0x00,0x00,0x00,0x00,0x00,0x00,0x00,0x00,0x00,0x00,0x00,0x00,0x00,0x2E,0x69,0x64,0x61,
0x74,0x61,0x24,0x32,0x64,0x00,0x00,0x00,0x08,0x00,0x00,0x00,0x03,0x01,0x14,0x00,0x00,0x00,0x03,0x00,
0x00,0x00,0x00,0x00,0x00,0x00,0x00,0x00,0x00,0x00,0x00,0x00,0x2E,0x69,0x64,0x61,0x74,0x61,0x24,0x34,
0x60,0x02,0x00,0x00,0x08,0x00,0x00,0x00,0x03,0x00,0x2E,0x69,0x64,0x61,0x74,0x61,0x24,0x35,0xA8,0x05,
0x00,0x00,0x08,0x00,0x00,0x00,0x03,0x00,0x2E,0x66,0x69,0x6C,0x65,0x00,0x00,0x00,0x50,0x05,0x00,0x00,
0xFE,0xFF,0x00,0x00,0x67,0x01,0x66,0x61,0x6B,0x65,0x00,0x00,0x00,0x00,0x00,0x00,0x00,0x00,0x00,0x00,
0x00,0x00,0x00,0x00,0x2E,0x74,0x65,0x78,0x74,0x00,0x00,0x00,0xE0,0x3E,0x00,0x00,0x01,0x00,0x00,0x00,
0x03,0x01,0x00,0x00,0x00,0x00,0x00,0x00,0x00,0x00,0x00,0x00,0x00,0x00,0x00,0x00,0x00,0x00,0x00,0x00,
0x2E,0x64,0x61,0x74,0x61,0x00,0x00,0x00,0xB0,0x00,0x00,0x00,0x02,0x00,0x00,0x00,0x03,0x01,0x00,0x00,
0x00,0x00,0x00,0x00,0x00,0x00,0x00,0x00,0x00,0x00,0x00,0x00,0x00,0x00,0x00,0x00,0x2E,0x62,0x73,0x73,
0x00,0x00,0x00,0x00,0xD0,0x01,0x00,0x00,0x07,0x00,0x00,0x00,0x03,0x01,0x00,0x00,0x00,0x00,0x00,0x00,
0x00,0x00,0x00,0x00,0x00,0x00,0x00,0x00,0x00,0x00,0x00,0x00,0x2E,0x69,0x64,0x61,0x74,0x61,0x24,0x34,
0x68,0x02,0x00,0x00,0x08,0x00,0x00,0x00,0x03,0x01,0x08,0x00,0x00,0x00,0x00,0x00,0x00,0x00,0x00,0x00,
0x00,0x00,0x00,0x00,0x00,0x00,0x00,0x00,0x2E,0x69,0x64,0x61,0x74,0x61,0x24,0x35,0xB0,0x05,0x00,0x00,
0x08,0x00,0x00,0x00,0x03,0x01,0x08,0x00,0x00,0x00,0x00,0x00,0x00,0x00,0x00,0x00,0x00,0x00,0x00,0x00,
0x00,0x00,0x00,0x00,0x2E,0x69,0x64,0x61,0x74,0x61,0x24,0x37,0x70,0x0E,0x00,0x00,0x08,0x00,0x00,0x00,
0x03,0x01,0x21,0x00,0x00,0x00,0x00,0x00,0x00,0x00,0x00,0x00,0x00,0x00,0x00,0x00,0x00,0x00,0x00,0x00,
0x2E,0x74,0x65,0x78,0x74,0x00,0x00,0x00,0xE0,0x3E,0x00,0x00,0x01,0x00,0x00,0x00,0x03,0x00,0x2E,0x64,
0x61,0x74,0x61,0x00,0x00,0x00,0xB0,0x00,0x00,0x00,0x02,0x00,0x00,0x00,0x03,0x00,0x2E,0x62,0x73,0x73,
0x00,0x00,0x00,0x00,0xD0,0x01,0x00,0x00,0x07,0x00,0x00,0x00,0x03,0x00,0x2E,0x69,0x64,0x61,0x74,0x61,
0x24,0x37,0x3C,0x0E,0x00,0x00,0x08,0x00,0x00,0x00,0x03,0x00,0x2E,0x69,0x64,0x61,0x74,0x61,0x24,0x35,
0x80,0x05,0x00,0x00,0x08,0x00,0x00,0x00,0x03,0x00,0x2E,0x69,0x64,0x61,0x74,0x61,0x24,0x34,0x38,0x02,
0x00,0x00,0x08,0x00,0x00,0x00,0x03,0x00,0x2E,0x69,0x64,0x61,0x74,0x61,0x24,0x36,0x10,0x0A,0x00,0x00,
0x08,0x00,0x00,0x00,0x03,0x00,0x2E,0x74,0x65,0x78,0x74,0x00,0x00,0x00,0xE8,0x3E,0x00,0x00,0x01,0x00,
0x00,0x00,0x03,0x00,0x2E,0x64,0x61,0x74,0x61,0x00,0x00,0x00,0xB0,0x00,0x00,0x00,0x02,0x00,0x00,0x00,
0x03,0x00,0x2E,0x62,0x73,0x73,0x00,0x00,0x00,0x00,0xD0,0x01,0x00,0x00,0x07,0x00,0x00,0x00,0x03,0x00,
0x2E,0x69,0x64,0x61,0x74,0x61,0x24,0x37,0x40,0x0E,0x00,0x00,0x08,0x00,0x00,0x00,0x03,0x00,0x2E,0x69,
0x64,0x61,0x74,0x61,0x24,0x35,0x88,0x05,0x00,0x00,0x08,0x00,0x00,0x00,0x03,0x00,0x2E,0x69,0x64,0x61,
0x74,0x61,0x24,0x34,0x40,0x02,0x00,0x00,0x08,0x00,0x00,0x00,0x03,0x00,0x2E,0x69,0x64,0x61,0x74,0x61,
0x24,0x36,0x20,0x0A,0x00,0x00,0x08,0x00,0x00,0x00,0x03,0x00,0x2E,0x74,0x65,0x78,0x74,0x00,0x00,0x00,
0xF0,0x3E,0x00,0x00,0x01,0x00,0x00,0x00,0x03,0x00,0x2E,0x64,0x61,0x74,0x61,0x00,0x00,0x00,0xB0,0x00,
0x00,0x00,0x02,0x00,0x00,0x00,0x03,0x00,0x2E,0x62,0x73,0x73,0x00,0x00,0x00,0x00,0xD0,0x01,0x00,0x00,
0x07,0x00,0x00,0x00,0x03,0x00,0x2E,0x69,0x64,0x61,0x74,0x61,0x24,0x37,0x44,0x0E,0x00,0x00,0x08,0x00,
0x00,0x00,0x03,0x00,0x2E,0x69,0x64,0x61,0x74,0x61,0x24,0x35,0x90,0x05,0x00,0x00,0x08,0x00,0x00,0x00,
0x03,0x00,0x2E,0x69,0x64,0x61,0x74,0x61,0x24,0x34,0x48,0x02,0x00,0x00,0x08,0x00,0x00,0x00,0x03,0x00,
0x2E,0x69,0x64,0x61,0x74,0x61,0x24,0x36,0x2A,0x0A,0x00,0x00,0x08,0x00,0x00,0x00,0x03,0x00,0x2E,0x74,
0x65,0x78,0x74,0x00,0x00,0x00,0xF8,0x3E,0x00,0x00,0x01,0x00,0x00,0x00,0x03,0x00,0x2E,0x64,0x61,0x74,
0x61,0x00,0x00,0x00,0xB0,0x00,0x00,0x00,0x02,0x00,0x00,0x00,0x03,0x00,0x2E,0x62,0x73,0x73,0x00,0x00,
0x00,0x00,0xD0,0x01,0x00,0x00,0x07,0x00,0x00,0x00,0x03,0x00,0x2E,0x69,0x64,0x61,0x74,0x61,0x24,0x37,
0x48,0x0E,0x00,0x00,0x08,0x00,0x00,0x00,0x03,0x00,0x2E,0x69,0x64,0x61,0x74,0x61,0x24,0x35,0x98,0x05,
0x00,0x00,0x08,0x00,0x00,0x00,0x03,0x00,0x2E,0x69,0x64,0x61,0x74,0x61,0x24,0x34,0x50,0x02,0x00,0x00,
0x08,0x00,0x00,0x00,0x03,0x00,0x2E,0x69,0x64,0x61,0x74,0x61,0x24,0x36,0x32,0x0A,0x00,0x00,0x08,0x00,
0x00,0x00,0x03,0x00,0x2E,0x66,0x69,0x6C,0x65,0x00,0x00,0x00,0x5E,0x05,0x00,0x00,0xFE,0xFF,0x00,0x00,
0x67,0x01,0x66,0x61,0x6B,0x65,0x00,0x00,0x00,0x00,0x00,0x00,0x00,0x00,0x00,0x00,0x00,0x00,0x00,0x00,
0x68,0x6E,0x61,0x6D,0x65,0x00,0x00,0x00,0x38,0x02,0x00,0x00,0x08,0x00,0x00,0x00,0x03,0x00,0x66,0x74,
0x68,0x75,0x6E,0x6B,0x00,0x00,0x80,0x05,0x00,0x00,0x08,0x00,0x00,0x00,0x03,0x00,0x2E,0x74,0x65,0x78,
0x74,0x00,0x00,0x00,0x00,0x3F,0x00,0x00,0x01,0x00,0x00,0x00,0x03,0x01,0x00,0x00,0x00,0x00,0x00,0x00,
0x00,0x00,0x00,0x00,0x00,0x00,0x00,0x00,0x00,0x00,0x00,0x00,0x2E,0x64,0x61,0x74,0x61,0x00,0x00,0x00,
0xB0,0x00,0x00,0x00,0x02,0x00,0x00,0x00,0x03,0x01,0x00,0x00,0x00,0x00,0x00,0x00,0x00,0x00,0x00,0x00,
0x00,0x00,0x00,0x00,0x00,0x00,0x00,0x00,0x2E,0x62,0x73,0x73,0x00,0x00,0x00,0x00,0xD0,0x01,0x00,0x00,
0x07,0x00,0x00,0x00,0x03,0x01,0x00,0x00,0x00,0x00,0x00,0x00,0x00,0x00,0x00,0x00,0x00,0x00,0x00,0x00,
0x00,0x00,0x00,0x00,0x2E,0x69,0x64,0x61,0x74,0x61,0x24,0x32,0x50,0x00,0x00,0x00,0x08,0x00,0x00,0x00,
0x03,0x01,0x14,0x00,0x00,0x00,0x03,0x00,0x00,0x00,0x00,0x00,0x00,0x00,0x00,0x00,0x00,0x00,0x00,0x00,
0x2E,0x69,0x64,0x61,0x74,0x61,0x24,0x34,0x38,0x02,0x00,0x00,0x08,0x00,0x00,0x00,0x03,0x00,0x2E,0x69,
0x64,0x61,0x74,0x61,0x24,0x35,0x80,0x05,0x00,0x00,0x08,0x00,0x00,0x00,0x03,0x00,0x2E,0x66,0x69,0x6C,
0x65,0x00,0x00,0x00,0x73,0x05,0x00,0x00,0xFE,0xFF,0x00,0x00,0x67,0x01,0x66,0x61,0x6B,0x65,0x00,0x00,
0x00,0x00,0x00,0x00,0x00,0x00,0x00,0x00,0x00,0x00,0x00,0x00,0x2E,0x74,0x65,0x78,0x74,0x00,0x00,0x00,
0x00,0x3F,0x00,0x00,0x01,0x00,0x00,0x00,0x03,0x01,0x00,0x00,0x00,0x00,0x00,0x00,0x00,0x00,0x00,0x00,
0x00,0x00,0x00,0x00,0x00,0x00,0x00,0x00,0x2E,0x64,0x61,0x74,0x61,0x00,0x00,0x00,0xB0,0x00,0x00,0x00,
0x02,0x00,0x00,0x00,0x03,0x01,0x00,0x00,0x00,0x00,0x00,0x00,0x00,0x00,0x00,0x00,0x00,0x00,0x00,0x00,
0x00,0x00,0x00,0x00,0x2E,0x62,0x73,0x73,0x00,0x00,0x00,0x00,0xD0,0x01,0x00,0x00,0x07,0x00,0x00,0x00,
0x03,0x01,0x00,0x00,0x00,0x00,0x00,0x00,0x00,0x00,0x00,0x00,0x00,0x00,0x00,0x00,0x00,0x00,0x00,0x00,
0x2E,0x69,0x64,0x61,0x74,0x61,0x24,0x34,0x58,0x02,0x00,0x00,0x08,0x00,0x00,0x00,0x03,0x01,0x08,0x00,
0x00,0x00,0x00,0x00,0x00,0x00,0x00,0x00,0x00,0x00,0x00,0x00,0x00,0x00,0x00,0x00,0x2E,0x69,0x64,0x61,
0x74,0x61,0x24,0x35,0xA0,0x05,0x00,0x00,0x08,0x00,0x00,0x00,0x03,0x01,0x08,0x00,0x00,0x00,0x00,0x00,
0x00,0x00,0x00,0x00,0x00,0x00,0x00,0x00,0x00,0x00,0x00,0x00,0x2E,0x69,0x64,0x61,0x74,0x61,0x24,0x37,
0x4C,0x0E,0x00,0x00,0x08,0x00,0x00,0x00,0x03,0x01,0x1F,0x00,0x00,0x00,0x00,0x00,0x00,0x00,0x00,0x00,
0x00,0x00,0x00,0x00,0x00,0x00,0x00,0x00,0x2E,0x74,0x65,0x78,0x74,0x00,0x00,0x00,0x00,0x3F,0x00,0x00,
0x01,0x00,0x00,0x00,0x03,0x00,0x2E,0x64,0x61,0x74,0x61,0x00,0x00,0x00,0xB0,0x00,0x00,0x00,0x02,0x00,
0x00,0x00,0x03,0x00,0x2E,0x62,0x73,0x73,0x00,0x00,0x00,0x00,0xD0,0x01,0x00,0x00,0x07,0x00,0x00,0x00,
0x03,0x00,0x2E,0x69,0x64,0x61,0x74,0x61,0x24,0x37,0x10,0x0E,0x00,0x00,0x08,0x00,0x00,0x00,0x03,0x00,
0x2E,0x69,0x64,0x61,0x74,0x61,0x24,0x35,0x70,0x05,0x00,0x00,0x08,0x00,0x00,0x00,0x03,0x00,0x2E,0x69,
0x64,0x61,0x74,0x61,0x24,0x34,0x28,0x02,0x00,0x00,0x08,0x00,0x00,0x00,0x03,0x00,0x2E,0x69,0x64,0x61,
0x74,0x61,0x24,0x36,0x00,0x0A,0x00,0x00,0x08,0x00,0x00,0x00,0x03,0x00,0x2E,0x66,0x69,0x6C,0x65,0x00,
0x00,0x00,0x81,0x05,0x00,0x00,0xFE,0xFF,0x00,0x00,0x67,0x01,0x66,0x61,0x6B,0x65,0x00,0x00,0x00,0x00,
0x00,0x00,0x00,0x00,0x00,0x00,0x00,0x00,0x00,0x00,0x68,0x6E,0x61,0x6D,0x65,0x00,0x00,0x00,0x28,0x02,
0x00,0x00,0x08,0x00,0x00,0x00,0x03,0x00,0x66,0x74,0x68,0x75,0x6E,0x6B,0x00,0x00,0x70,0x05,0x00,0x00,
0x08,0x00,0x00,0x00,0x03,0x00,0x2E,0x74,0x65,0x78,0x74,0x00,0x00,0x00,0x10,0x3F,0x00,0x00,0x01,0x00,
0x00,0x00,0x03,0x01,0x00,0x00,0x00,0x00,0x00,0x00,0x00,0x00,0x00,0x00,0x00,0x00,0x00,0x00,0x00,0x00,
0x00,0x00,0x2E,0x64,0x61,0x74,0x61,0x00,0x00,0x00,0xB0,0x00,0x00,0x00,0x02,0x00,0x00,0x00,0x03,0x01,
0x00,0x00,0x00,0x00,0x00,0x00,0x00,0x00,0x00,0x00,0x00,0x00,0x00,0x00,0x00,0x00,0x00,0x00,0x2E,0x62,
0x73,0x73,0x00,0x00,0x00,0x00,0xD0,0x01,0x00,0x00,0x07,0x00,0x00,0x00,0x03,0x01,0x00,0x00,0x00,0x00,
0x00,0x00,0x00,0x00,0x00,0x00,0x00,0x00,0x00,0x00,0x00,0x00,0x00,0x00,0x2E,0x69,0x64,0x61,0x74,0x61,
0x24,0x32,0x3C,0x00,0x00,0x00,0x08,0x00,0x00,0x00,0x03,0x01,0x14,0x00,0x00,0x00,0x03,0x00,0x00,0x00,
0x00,0x00,0x00,0x00,0x00,0x00,0x00,0x00,0x00,0x00,0x2E,0x69,0x64,0x61,0x74,0x61,0x24,0x34,0x28,0x02,
0x00,0x00,0x08,0x00,0x00,0x00,0x03,0x00,0x2E,0x69,0x64,0x61,0x74,0x61,0x24,0x35,0x70,0x05,0x00,0x00,
0x08,0x00,0x00,0x00,0x03,0x00,0x2E,0x66,0x69,0x6C,0x65,0x00,0x00,0x00,0x8F,0x05,0x00,0x00,0xFE,0xFF,
0x00,0x00,0x67,0x01,0x66,0x61,0x6B,0x65,0x00,0x00,0x00,0x00,0x00,0x00,0x00,0x00,0x00,0x00,0x00,0x00,
0x00,0x00,0x2E,0x74,0x65,0x78,0x74,0x00,0x00,0x00,0x10,0x3F,0x00,0x00,0x01,0x00,0x00,0x00,0x03,0x01,
0x00,0x00,0x00,0x00,0x00,0x00,0x00,0x00,0x00,0x00,0x00,0x00,0x00,0x00,0x00,0x00,0x00,0x00,0x2E,0x64,
0x61,0x74,0x61,0x00,0x00,0x00,0xB0,0x00,0x00,0x00,0x02,0x00,0x00,0x00,0x03,0x01,0x00,0x00,0x00,0x00,
0x00,0x00,0x00,0x00,0x00,0x00,0x00,0x00,0x00,0x00,0x00,0x00,0x00,0x00,0x2E,0x62,0x73,0x73,0x00,0x00,
0x00,0x00,0xD0,0x01,0x00,0x00,0x07,0x00,0x00,0x00,0x03,0x01,0x00,0x00,0x00,0x00,0x00,0x00,0x00,0x00,
0x00,0x00,0x00,0x00,0x00,0x00,0x00,0x00,0x00,0x00,0x2E,0x69,0x64,0x61,0x74,0x61,0x24,0x34,0x30,0x02,
0x00,0x00,0x08,0x00,0x00,0x00,0x03,0x01,0x08,0x00,0x00,0x00,0x00,0x00,0x00,0x00,0x00,0x00,0x00,0x00,
0x00,0x00,0x00,0x00,0x00,0x00,0x2E,0x69,0x64,0x61,0x74,0x61,0x24,0x35,0x78,0x05,0x00,0x00,0x08,0x00,
0x00,0x00,0x03,0x01,0x08,0x00,0x00,0x00,0x00,0x00,0x00,0x00,0x00,0x00,0x00,0x00,0x00,0x00,0x00,0x00,
0x00,0x00,0x2E,0x69,0x64,0x61,0x74,0x61,0x24,0x37,0x14,0x0E,0x00,0x00,0x08,0x00,0x00,0x00,0x03,0x01,
0x26,0x00,0x00,0x00,0x00,0x00,0x00,0x00,0x00,0x00,0x00,0x00,0x00,0x00,0x00,0x00,0x00,0x00,0x2E,0x66,
0x69,0x6C,0x65,0x00,0x00,0x00,0x65,0x06,0x00,0x00,0xFE,0xFF,0x00,0x00,0x67,0x01,0x5F,0x5F,0x69,0x6E,
0x69,0x74,0x65,0x6E,0x76,0x2E,0x63,0x00,0x00,0x00,0x00,0x00,0x00,0x00,0x00,0x00,0x00,0x00,0xA1,0x08,
0x00,0x00,0xD0,0x01,0x00,0x00,0x07,0x00,0x00,0x00,0x03,0x00,0x2E,0x74,0x65,0x78,0x74,0x00,0x00,0x00,
0x10,0x3F,0x00,0x00,0x01,0x00,0x00,0x00,0x03,0x01,0x00,0x00,0x00,0x00,0x00,0x00,0x00,0x00,0x00,0x00,
0x00,0x00,0x00,0x00,0x00,0x00,0x00,0x00,0x2E,0x64,0x61,0x74,0x61,0x00,0x00,0x00,0xB0,0x00,0x00,0x00,
0x02,0x00,0x00,0x00,0x03,0x01,0x08,0x00,0x00,0x00,0x01,0x00,0x00,0x00,0x00,0x00,0x00,0x00,0x00,0x00,
0x00,0x00,0x00,0x00,0x2E,0x62,0x73,0x73,0x00,0x00,0x00,0x00,0xD0,0x01,0x00,0x00,0x07,0x00,0x00,0x00,
0x03,0x01,0x08,0x00,0x00,0x00,0x00,0x00,0x00,0x00,0x00,0x00,0x00,0x00,0x00,0x00,0x00,0x00,0x00,0x00,
0x00,0x00,0x00,0x00,0xA3,0x03,0x00,0x00,0x30,0x17,0x00,0x00,0x03,0x00,0x00,0x00,0x03,0x01,0x49,0x00,
0x00,0x00,0x00,0x00,0x00,0x00,0x00,0x00,0x00,0x00,0x00,0x00,0x00,0x00,0x00,0x00,0x2E,0x74,0x65,0x78,
0x74,0x00,0x00,0x00,0x10,0x3F,0x00,0x00,0x01,0x00,0x00,0x00,0x03,0x00,0x2E,0x64,0x61,0x74,0x61,0x00,
0x00,0x00,0xC0,0x00,0x00,0x00,0x02,0x00,0x00,0x00,0x03,0x00,0x2E,0x62,0x73,0x73,0x00,0x00,0x00,0x00,
0xE0,0x01,0x00,0x00,0x07,0x00,0x00,0x00,0x03,0x00,0x2E,0x69,0x64,0x61,0x74,0x61,0x24,0x37,0xFC,0x0D,
0x00,0x00,0x08,0x00,0x00,0x00,0x03,0x00,0x2E,0x69,0x64,0x61,0x74,0x61,0x24,0x35,0x60,0x05,0x00,0x00,
0x08,0x00,0x00,0x00,0x03,0x00,0x2E,0x69,0x64,0x61,0x74,0x61,0x24,0x34,0x18,0x02,0x00,0x00,0x08,0x00,
0x00,0x00,0x03,0x00,0x2E,0x69,0x64,0x61,0x74,0x61,0x24,0x36,0xF4,0x09,0x00,0x00,0x08,0x00,0x00,0x00,
0x03,0x00,0x2E,0x74,0x65,0x78,0x74,0x00,0x00,0x00,0x18,0x3F,0x00,0x00,0x01,0x00,0x00,0x00,0x03,0x00,
0x2E,0x64,0x61,0x74,0x61,0x00,0x00,0x00,0xC0,0x00,0x00,0x00,0x02,0x00,0x00,0x00,0x03,0x00,0x2E,0x62,
0x73,0x73,0x00,0x00,0x00,0x00,0xE0,0x01,0x00,0x00,0x07,0x00,0x00,0x00,0x03,0x00,0x2E,0x69,0x64,0x61,
0x74,0x61,0x24,0x37,0xF8,0x0D,0x00,0x00,0x08,0x00,0x00,0x00,0x03,0x00,0x2E,0x69,0x64,0x61,0x74,0x61,
0x24,0x35,0x58,0x05,0x00,0x00,0x08,0x00,0x00,0x00,0x03,0x00,0x2E,0x69,0x64,0x61,0x74,0x61,0x24,0x34,
0x10,0x02,0x00,0x00,0x08,0x00,0x00,0x00,0x03,0x00,0x2E,0x69,0x64,0x61,0x74,0x61,0x24,0x36,0xDE,0x09,
0x00,0x00,0x08,0x00,0x00,0x00,0x03,0x00,0x2E,0x74,0x65,0x78,0x74,0x00,0x00,0x00,0x20,0x3F,0x00,0x00,
0x01,0x00,0x00,0x00,0x03,0x00,0x2E,0x64,0x61,0x74,0x61,0x00,0x00,0x00,0xC0,0x00,0x00,0x00,0x02,0x00,
0x00,0x00,0x03,0x00,0x2E,0x62,0x73,0x73,0x00,0x00,0x00,0x00,0xE0,0x01,0x00,0x00,0x07,0x00,0x00,0x00,
0x03,0x00,0x2E,0x69,0x64,0x61,0x74,0x61,0x24,0x37,0xF4,0x0D,0x00,0x00,0x08,0x00,0x00,0x00,0x03,0x00,
0x2E,0x69,0x64,0x61,0x74,0x61,0x24,0x35,0x50,0x05,0x00,0x00,0x08,0x00,0x00,0x00,0x03,0x00,0x2E,0x69,
0x64,0x61,0x74,0x61,0x24,0x34,0x08,0x02,0x00,0x00,0x08,0x00,0x00,0x00,0x03,0x00,0x2E,0x69,0x64,0x61,
0x74,0x61,0x24,0x36,0xC8,0x09,0x00,0x00,0x08,0x00,0x00,0x00,0x03,0x00,0x2E,0x74,0x65,0x78,0x74,0x00,
0x00,0x00,0x28,0x3F,0x00,0x00,0x01,0x00,0x00,0x00,0x03,0x00,0x2E,0x64,0x61,0x74,0x61,0x00,0x00,0x00,
0xC0,0x00,0x00,0x00,0x02,0x00,0x00,0x00,0x03,0x00,0x2E,0x62,0x73,0x73,0x00,0x00,0x00,0x00,0xE0,0x01,
0x00,0x00,0x07,0x00,0x00,0x00,0x03,0x00,0x2E,0x69,0x64,0x61,0x74,0x61,0x24,0x37,0xF0,0x0D,0x00,0x00,
0x08,0x00,0x00,0x00,0x03,0x00,0x2E,0x69,0x64,0x61,0x74,0x61,0x24,0x35,0x48,0x05,0x00,0x00,0x08,0x00,
0x00,0x00,0x03,0x00,0x2E,0x69,0x64,0x61,0x74,0x61,0x24,0x34,0x00,0x02,0x00,0x00,0x08,0x00,0x00,0x00,
0x03,0x00,0x2E,0x69,0x64,0x61,0x74,0x61,0x24,0x36,0xB8,0x09,0x00,0x00,0x08,0x00,0x00,0x00,0x03,0x00,
0x2E,0x74,0x65,0x78,0x74,0x00,0x00,0x00,0x30,0x3F,0x00,0x00,0x01,0x00,0x00,0x00,0x03,0x00,0x2E,0x64,
0x61,0x74,0x61,0x00,0x00,0x00,0xC0,0x00,0x00,0x00,0x02,0x00,0x00,0x00,0x03,0x00,0x2E,0x62,0x73,0x73,
0x00,0x00,0x00,0x00,0xE0,0x01,0x00,0x00,0x07,0x00,0x00,0x00,0x03,0x00,0x2E,0x69,0x64,0x61,0x74,0x61,
0x24,0x37,0xEC,0x0D,0x00,0x00,0x08,0x00,0x00,0x00,0x03,0x00,0x2E,0x69,0x64,0x61,0x74,0x61,0x24,0x35,
0x40,0x05,0x00,0x00,0x08,0x00,0x00,0x00,0x03,0x00,0x2E,0x69,0x64,0x61,0x74,0x61,0x24,0x34,0xF8,0x01,
0x00,0x00,0x08,0x00,0x00,0x00,0x03,0x00,0x2E,0x69,0x64,0x61,0x74,0x61,0x24,0x36,0xA6,0x09,0x00,0x00,
0x08,0x00,0x00,0x00,0x03,0x00,0x2E,0x74,0x65,0x78,0x74,0x00,0x00,0x00,0x38,0x3F,0x00,0x00,0x01,0x00,
0x00,0x00,0x03,0x00,0x2E,0x64,0x61,0x74,0x61,0x00,0x00,0x00,0xC0,0x00,0x00,0x00,0x02,0x00,0x00,0x00,
0x03,0x00,0x2E,0x62,0x73,0x73,0x00,0x00,0x00,0x00,0xE0,0x01,0x00,0x00,0x07,0x00,0x00,0x00,0x03,0x00,
0x2E,0x69,0x64,0x61,0x74,0x61,0x24,0x37,0xE8,0x0D,0x00,0x00,0x08,0x00,0x00,0x00,0x03,0x00,0x2E,0x69,
0x64,0x61,0x74,0x61,0x24,0x35,0x38,0x05,0x00,0x00,0x08,0x00,0x00,0x00,0x03,0x00,0x2E,0x69,0x64,0x61,
0x74,0x61,0x24,0x34,0xF0,0x01,0x00,0x00,0x08,0x00,0x00,0x00,0x03,0x00,0x2E,0x69,0x64,0x61,0x74,0x61,
0x24,0x36,0x98,0x09,0x00,0x00,0x08,0x00,0x00,0x00,0x03,0x00,0x2E,0x74,0x65,0x78,0x74,0x00,0x00,0x00,
0x40,0x3F,0x00,0x00,0x01,0x00,0x00,0x00,0x03,0x00,0x2E,0x64,0x61,0x74,0x61,0x00,0x00,0x00,0xC0,0x00,
0x00,0x00,0x02,0x00,0x00,0x00,0x03,0x00,0x2E,0x62,0x73,0x73,0x00,0x00,0x00,0x00,0xE0,0x01,0x00,0x00,
0x07,0x00,0x00,0x00,0x03,0x00,0x2E,0x69,0x64,0x61,0x74,0x61,0x24,0x37,0xE4,0x0D,0x00,0x00,0x08,0x00,
0x00,0x00,0x03,0x00,0x2E,0x69,0x64,0x61,0x74,0x61,0x24,0x35,0x30,0x05,0x00,0x00,0x08,0x00,0x00,0x00,
0x03,0x00,0x2E,0x69,0x64,0x61,0x74,0x61,0x24,0x34,0xE8,0x01,0x00,0x00,0x08,0x00,0x00,0x00,0x03,0x00,
0x2E,0x69,0x64,0x61,0x74,0x61,0x24,0x36,0x90,0x09,0x00,0x00,0x08,0x00,0x00,0x00,0x03,0x00,0x2E,0x74,
0x65,0x78,0x74,0x00,0x00,0x00,0x48,0x3F,0x00,0x00,0x01,0x00,0x00,0x00,0x03,0x00,0x2E,0x64,0x61,0x74,
0x61,0x00,0x00,0x00,0xC0,0x00,0x00,0x00,0x02,0x00,0x00,0x00,0x03,0x00,0x2E,0x62,0x73,0x73,0x00,0x00,
0x00,0x00,0xE0,0x01,0x00,0x00,0x07,0x00,0x00,0x00,0x03,0x00,0x2E,0x69,0x64,0x61,0x74,0x61,0x24,0x37,
0xE0,0x0D,0x00,0x00,0x08,0x00,0x00,0x00,0x03,0x00,0x2E,0x69,0x64,0x61,0x74,0x61,0x24,0x35,0x28,0x05,
0x00,0x00,0x08,0x00,0x00,0x00,0x03,0x00,0x2E,0x69,0x64,0x61,0x74,0x61,0x24,0x34,0xE0,0x01,0x00,0x00,
0x08,0x00,0x00,0x00,0x03,0x00,0x2E,0x69,0x64,0x61,0x74,0x61,0x24,0x36,0x72,0x09,0x00,0x00,0x08,0x00,
0x00,0x00,0x03,0x00,0x2E,0x74,0x65,0x78,0x74,0x00,0x00,0x00,0x50,0x3F,0x00,0x00,0x01,0x00,0x00,0x00,
0x03,0x00,0x2E,0x64,0x61,0x74,0x61,0x00,0x00,0x00,0xC0,0x00,0x00,0x00,0x02,0x00,0x00,0x00,0x03,0x00,
0x2E,0x62,0x73,0x73,0x00,0x00,0x00,0x00,0xE0,0x01,0x00,0x00,0x07,0x00,0x00,0x00,0x03,0x00,0x2E,0x69,
0x64,0x61,0x74,0x61,0x24,0x37,0xDC,0x0D,0x00,0x00,0x08,0x00,0x00,0x00,0x03,0x00,0x2E,0x69,0x64,0x61,
0x74,0x61,0x24,0x35,0x20,0x05,0x00,0x00,0x08,0x00,0x00,0x00,0x03,0x00,0x2E,0x69,0x64,0x61,0x74,0x61,
0x24,0x34,0xD8,0x01,0x00,0x00,0x08,0x00,0x00,0x00,0x03,0x00,0x2E,0x69,0x64,0x61,0x74,0x61,0x24,0x36,
0x5C,0x09,0x00,0x00,0x08,0x00,0x00,0x00,0x03,0x00,0x2E,0x74,0x65,0x78,0x74,0x00,0x00,0x00,0x58,0x3F,
0x00,0x00,0x01,0x00,0x00,0x00,0x03,0x00,0x2E,0x64,0x61,0x74,0x61,0x00,0x00,0x00,0xC0,0x00,0x00,0x00,
0x02,0x00,0x00,0x00,0x03,0x00,0x2E,0x62,0x73,0x73,0x00,0x00,0x00,0x00,0xE0,0x01,0x00,0x00,0x07,0x00,
0x00,0x00,0x03,0x00,0x2E,0x69,0x64,0x61,0x74,0x61,0x24,0x37,0xD8,0x0D,0x00,0x00,0x08,0x00,0x00,0x00,
0x03,0x00,0x2E,0x69,0x64,0x61,0x74,0x61,0x24,0x35,0x18,0x05,0x00,0x00,0x08,0x00,0x00,0x00,0x03,0x00,
0x2E,0x69,0x64,0x61,0x74,0x61,0x24,0x34,0xD0,0x01,0x00,0x00,0x08,0x00,0x00,0x00,0x03,0x00,0x2E,0x69,
0x64,0x61,0x74,0x61,0x24,0x36,0x4C,0x09,0x00,0x00,0x08,0x00,0x00,0x00,0x03,0x00,0x2E,0x74,0x65,0x78,
0x74,0x00,0x00,0x00,0x60,0x3F,0x00,0x00,0x01,0x00,0x00,0x00,0x03,0x00,0x2E,0x64,0x61,0x74,0x61,0x00,
0x00,0x00,0xC0,0x00,0x00,0x00,0x02,0x00,0x00,0x00,0x03,0x00,0x2E,0x62,0x73,0x73,0x00,0x00,0x00,0x00,
0xE0,0x01,0x00,0x00,0x07,0x00,0x00,0x00,0x03,0x00,0x2E,0x69,0x64,0x61,0x74,0x61,0x24,0x37,0xD4,0x0D,
0x00,0x00,0x08,0x00,0x00,0x00,0x03,0x00,0x2E,0x69,0x64,0x61,0x74,0x61,0x24,0x35,0x10,0x05,0x00,0x00,
0x08,0x00,0x00,0x00,0x03,0x00,0x2E,0x69,0x64,0x61,0x74,0x61,0x24,0x34,0xC8,0x01,0x00,0x00,0x08,0x00,
0x00,0x00,0x03,0x00,0x2E,0x69,0x64,0x61,0x74,0x61,0x24,0x36,0x3C,0x09,0x00,0x00,0x08,0x00,0x00,0x00,
0x03,0x00,0x2E,0x74,0x65,0x78,0x74,0x00,0x00,0x00,0x68,0x3F,0x00,0x00,0x01,0x00,0x00,0x00,0x03,0x00,
0x2E,0x64,0x61,0x74,0x61,0x00,0x00,0x00,0xC0,0x00,0x00,0x00,0x02,0x00,0x00,0x00,0x03,0x00,0x2E,0x62,
0x73,0x73,0x00,0x00,0x00,0x00,0xE0,0x01,0x00,0x00,0x07,0x00,0x00,0x00,0x03,0x00,0x2E,0x69,0x64,0x61,
0x74,0x61,0x24,0x37,0xD0,0x0D,0x00,0x00,0x08,0x00,0x00,0x00,0x03,0x00,0x2E,0x69,0x64,0x61,0x74,0x61,
0x24,0x35,0x08,0x05,0x00,0x00,0x08,0x00,0x00,0x00,0x03,0x00,0x2E,0x69,0x64,0x61,0x74,0x61,0x24,0x34,
0xC0,0x01,0x00,0x00,0x08,0x00,0x00,0x00,0x03,0x00,0x2E,0x69,0x64,0x61,0x74,0x61,0x24,0x36,0x24,0x09,
0x00,0x00,0x08,0x00,0x00,0x00,0x03,0x00,0x2E,0x74,0x65,0x78,0x74,0x00,0x00,0x00,0x70,0x3F,0x00,0x00,
0x01,0x00,0x00,0x00,0x03,0x00,0x2E,0x64,0x61,0x74,0x61,0x00,0x00,0x00,0xC0,0x00,0x00,0x00,0x02,0x00,
0x00,0x00,0x03,0x00,0x2E,0x62,0x73,0x73,0x00,0x00,0x00,0x00,0xE0,0x01,0x00,0x00,0x07,0x00,0x00,0x00,
0x03,0x00,0x2E,0x69,0x64,0x61,0x74,0x61,0x24,0x37,0xCC,0x0D,0x00,0x00,0x08,0x00,0x00,0x00,0x03,0x00,
0x2E,0x69,0x64,0x61,0x74,0x61,0x24,0x35,0x00,0x05,0x00,0x00,0x08,0x00,0x00,0x00,0x03,0x00,0x2E,0x69,
0x64,0x61,0x74,0x61,0x24,0x34,0xB8,0x01,0x00,0x00,0x08,0x00,0x00,0x00,0x03,0x00,0x2E,0x69,0x64,0x61,
0x74,0x61,0x24,0x36,0x12,0x09,0x00,0x00,0x08,0x00,0x00,0x00,0x03,0x00,0x2E,0x74,0x65,0x78,0x74,0x00,
0x00,0x00,0x78,0x3F,0x00,0x00,0x01,0x00,0x00,0x00,0x03,0x00,0x2E,0x64,0x61,0x74,0x61,0x00,0x00,0x00,
0xC0,0x00,0x00,0x00,0x02,0x00,0x00,0x00,0x03,0x00,0x2E,0x62,0x73,0x73,0x00,0x00,0x00,0x00,0xE0,0x01,
0x00,0x00,0x07,0x00,0x00,0x00,0x03,0x00,0x2E,0x69,0x64,0x61,0x74,0x61,0x24,0x37,0xC8,0x0D,0x00,0x00,
0x08,0x00,0x00,0x00,0x03,0x00,0x2E,0x69,0x64,0x61,0x74,0x61,0x24,0x35,0xF8,0x04,0x00,0x00,0x08,0x00,
0x00,0x00,0x03,0x00,0x2E,0x69,0x64,0x61,0x74,0x61,0x24,0x34,0xB0,0x01,0x00,0x00,0x08,0x00,0x00,0x00,
0x03,0x00,0x2E,0x69,0x64,0x61,0x74,0x61,0x24,0x36,0xF6,0x08,0x00,0x00,0x08,0x00,0x00,0x00,0x03,0x00,
0x2E,0x74,0x65,0x78,0x74,0x00,0x00,0x00,0x80,0x3F,0x00,0x00,0x01,0x00,0x00,0x00,0x03,0x00,0x2E,0x64,
0x61,0x74,0x61,0x00,0x00,0x00,0xC0,0x00,0x00,0x00,0x02,0x00,0x00,0x00,0x03,0x00,0x2E,0x62,0x73,0x73,
0x00,0x00,0x00,0x00,0xE0,0x01,0x00,0x00,0x07,0x00,0x00,0x00,0x03,0x00,0x2E,0x69,0x64,0x61,0x74,0x61,
0x24,0x37,0xC4,0x0D,0x00,0x00,0x08,0x00,0x00,0x00,0x03,0x00,0x2E,0x69,0x64,0x61,0x74,0x61,0x24,0x35,
0xF0,0x04,0x00,0x00,0x08,0x00,0x00,0x00,0x03,0x00,0x2E,0x69,0x64,0x61,0x74,0x61,0x24,0x34,0xA8,0x01,
0x00,0x00,0x08,0x00,0x00,0x00,0x03,0x00,0x2E,0x69,0x64,0x61,0x74,0x61,0x24,0x36,0xE6,0x08,0x00,0x00,
0x08,0x00,0x00,0x00,0x03,0x00,0x2E,0x74,0x65,0x78,0x74,0x00,0x00,0x00,0x88,0x3F,0x00,0x00,0x01,0x00,
0x00,0x00,0x03,0x00,0x2E,0x64,0x61,0x74,0x61,0x00,0x00,0x00,0xC0,0x00,0x00,0x00,0x02,0x00,0x00,0x00,
0x03,0x00,0x2E,0x62,0x73,0x73,0x00,0x00,0x00,0x00,0xE0,0x01,0x00,0x00,0x07,0x00,0x00,0x00,0x03,0x00,
0x2E,0x69,0x64,0x61,0x74,0x61,0x24,0x37,0xC0,0x0D,0x00,0x00,0x08,0x00,0x00,0x00,0x03,0x00,0x2E,0x69,
0x64,0x61,0x74,0x61,0x24,0x35,0xE8,0x04,0x00,0x00,0x08,0x00,0x00,0x00,0x03,0x00,0x2E,0x69,0x64,0x61,
0x74,0x61,0x24,0x34,0xA0,0x01,0x00,0x00,0x08,0x00,0x00,0x00,0x03,0x00,0x2E,0x69,0x64,0x61,0x74,0x61,
0x24,0x36,0xD4,0x08,0x00,0x00,0x08,0x00,0x00,0x00,0x03,0x00,0x2E,0x74,0x65,0x78,0x74,0x00,0x00,0x00,
0x90,0x3F,0x00,0x00,0x01,0x00,0x00,0x00,0x03,0x00,0x2E,0x64,0x61,0x74,0x61,0x00,0x00,0x00,0xC0,0x00,
0x00,0x00,0x02,0x00,0x00,0x00,0x03,0x00,0x2E,0x62,0x73,0x73,0x00,0x00,0x00,0x00,0xE0,0x01,0x00,0x00,
0x07,0x00,0x00,0x00,0x03,0x00,0x2E,0x69,0x64,0x61,0x74,0x61,0x24,0x37,0xBC,0x0D,0x00,0x00,0x08,0x00,
0x00,0x00,0x03,0x00,0x2E,0x69,0x64,0x61,0x74,0x61,0x24,0x35,0xE0,0x04,0x00,0x00,0x08,0x00,0x00,0x00,
0x03,0x00,0x2E,0x69,0x64,0x61,0x74,0x61,0x24,0x34,0x98,0x01,0x00,0x00,0x08,0x00,0x00,0x00,0x03,0x00,
0x2E,0x69,0x64,0x61,0x74,0x61,0x24,0x36,0xC2,0x08,0x00,0x00,0x08,0x00,0x00,0x00,0x03,0x00,0x2E,0x74,
0x65,0x78,0x74,0x00,0x00,0x00,0x98,0x3F,0x00,0x00,0x01,0x00,0x00,0x00,0x03,0x00,0x2E,0x64,0x61,0x74,
0x61,0x00,0x00,0x00,0xC0,0x00,0x00,0x00,0x02,0x00,0x00,0x00,0x03,0x00,0x2E,0x62,0x73,0x73,0x00,0x00,
0x00,0x00,0xE0,0x01,0x00,0x00,0x07,0x00,0x00,0x00,0x03,0x00,0x2E,0x69,0x64,0x61,0x74,0x61,0x24,0x37,
0xB8,0x0D,0x00,0x00,0x08,0x00,0x00,0x00,0x03,0x00,0x2E,0x69,0x64,0x61,0x74,0x61,0x24,0x35,0xD8,0x04,
0x00,0x00,0x08,0x00,0x00,0x00,0x03,0x00,0x2E,0x69,0x64,0x61,0x74,0x61,0x24,0x34,0x90,0x01,0x00,0x00,
0x08,0x00,0x00,0x00,0x03,0x00,0x2E,0x69,0x64,0x61,0x74,0x61,0x24,0x36,0xAE,0x08,0x00,0x00,0x08,0x00,
0x00,0x00,0x03,0x00,0x2E,0x74,0x65,0x78,0x74,0x00,0x00,0x00,0xA0,0x3F,0x00,0x00,0x01,0x00,0x00,0x00,
0x03,0x00,0x2E,0x64,0x61,0x74,0x61,0x00,0x00,0x00,0xC0,0x00,0x00,0x00,0x02,0x00,0x00,0x00,0x03,0x00,
0x2E,0x62,0x73,0x73,0x00,0x00,0x00,0x00,0xE0,0x01,0x00,0x00,0x07,0x00,0x00,0x00,0x03,0x00,0x2E,0x69,
0x64,0x61,0x74,0x61,0x24,0x37,0xB4,0x0D,0x00,0x00,0x08,0x00,0x00,0x00,0x03,0x00,0x2E,0x69,0x64,0x61,
0x74,0x61,0x24,0x35,0xD0,0x04,0x00,0x00,0x08,0x00,0x00,0x00,0x03,0x00,0x2E,0x69,0x64,0x61,0x74,0x61,
0x24,0x34,0x88,0x01,0x00,0x00,0x08,0x00,0x00,0x00,0x03,0x00,0x2E,0x69,0x64,0x61,0x74,0x61,0x24,0x36,
0x98,0x08,0x00,0x00,0x08,0x00,0x00,0x00,0x03,0x00,0x2E,0x74,0x65,0x78,0x74,0x00,0x00,0x00,0xA8,0x3F,
0x00,0x00,0x01,0x00,0x00,0x00,0x03,0x00,0x2E,0x64,0x61,0x74,0x61,0x00,0x00,0x00,0xC0,0x00,0x00,0x00,
0x02,0x00,0x00,0x00,0x03,0x00,0x2E,0x62,0x73,0x73,0x00,0x00,0x00,0x00,0xE0,0x01,0x00,0x00,0x07,0x00,
0x00,0x00,0x03,0x00,0x2E,0x69,0x64,0x61,0x74,0x61,0x24,0x37,0xB0,0x0D,0x00,0x00,0x08,0x00,0x00,0x00,
0x03,0x00,0x2E,0x69,0x64,0x61,0x74,0x61,0x24,0x35,0xC8,0x04,0x00,0x00,0x08,0x00,0x00,0x00,0x03,0x00,
0x2E,0x69,0x64,0x61,0x74,0x61,0x24,0x34,0x80,0x01,0x00,0x00,0x08,0x00,0x00,0x00,0x03,0x00,0x2E,0x69,
0x64,0x61,0x74,0x61,0x24,0x36,0x88,0x08,0x00,0x00,0x08,0x00,0x00,0x00,0x03,0x00,0x2E,0x74,0x65,0x78,
0x74,0x00,0x00,0x00,0xB0,0x3F,0x00,0x00,0x01,0x00,0x00,0x00,0x03,0x00,0x2E,0x64,0x61,0x74,0x61,0x00,
0x00,0x00,0xC0,0x00,0x00,0x00,0x02,0x00,0x00,0x00,0x03,0x00,0x2E,0x62,0x73,0x73,0x00,0x00,0x00,0x00,
0xE0,0x01,0x00,0x00,0x07,0x00,0x00,0x00,0x03,0x00,0x2E,0x69,0x64,0x61,0x74,0x61,0x24,0x37,0xAC,0x0D,
0x00,0x00,0x08,0x00,0x00,0x00,0x03,0x00,0x2E,0x69,0x64,0x61,0x74,0x61,0x24,0x35,0xC0,0x04,0x00,0x00,
0x08,0x00,0x00,0x00,0x03,0x00,0x2E,0x69,0x64,0x61,0x74,0x61,0x24,0x34,0x78,0x01,0x00,0x00,0x08,0x00,
0x00,0x00,0x03,0x00,0x2E,0x69,0x64,0x61,0x74,0x61,0x24,0x36,0x72,0x08,0x00,0x00,0x08,0x00,0x00,0x00,
0x03,0x00,0x2E,0x74,0x65,0x78,0x74,0x00,0x00,0x00,0xB8,0x3F,0x00,0x00,0x01,0x00,0x00,0x00,0x03,0x00,
0x2E,0x64,0x61,0x74,0x61,0x00,0x00,0x00,0xC0,0x00,0x00,0x00,0x02,0x00,0x00,0x00,0x03,0x00,0x2E,0x62,
0x73,0x73,0x00,0x00,0x00,0x00,0xE0,0x01,0x00,0x00,0x07,0x00,0x00,0x00,0x03,0x00,0x2E,0x69,0x64,0x61,
0x74,0x61,0x24,0x37,0xA8,0x0D,0x00,0x00,0x08,0x00,0x00,0x00,0x03,0x00,0x2E,0x69,0x64,0x61,0x74,0x61,
0x24,0x35,0xB8,0x04,0x00,0x00,0x08,0x00,0x00,0x00,0x03,0x00,0x2E,0x69,0x64,0x61,0x74,0x61,0x24,0x34,
0x70,0x01,0x00,0x00,0x08,0x00,0x00,0x00,0x03,0x00,0x2E,0x69,0x64,0x61,0x74,0x61,0x24,0x36,0x58,0x08,
0x00,0x00,0x08,0x00,0x00,0x00,0x03,0x00,0x2E,0x74,0x65,0x78,0x74,0x00,0x00,0x00,0xC0,0x3F,0x00,0x00,
0x01,0x00,0x00,0x00,0x03,0x00,0x2E,0x64,0x61,0x74,0x61,0x00,0x00,0x00,0xC0,0x00,0x00,0x00,0x02,0x00,
0x00,0x00,0x03,0x00,0x2E,0x62,0x73,0x73,0x00,0x00,0x00,0x00,0xE0,0x01,0x00,0x00,0x07,0x00,0x00,0x00,
0x03,0x00,0x2E,0x69,0x64,0x61,0x74,0x61,0x24,0x37,0xA4,0x0D,0x00,0x00,0x08,0x00,0x00,0x00,0x03,0x00,
0x2E,0x69,0x64,0x61,0x74,0x61,0x24,0x35,0xB0,0x04,0x00,0x00,0x08,0x00,0x00,0x00,0x03,0x00,0x2E,0x69,
0x64,0x61,0x74,0x61,0x24,0x34,0x68,0x01,0x00,0x00,0x08,0x00,0x00,0x00,0x03,0x00,0x2E,0x69,0x64,0x61,
0x74,0x61,0x24,0x36,0x4A,0x08,0x00,0x00,0x08,0x00,0x00,0x00,0x03,0x00,0x2E,0x74,0x65,0x78,0x74,0x00,
0x00,0x00,0xC8,0x3F,0x00,0x00,0x01,0x00,0x00,0x00,0x03,0x00,0x2E,0x64,0x61,0x74,0x61,0x00,0x00,0x00,
0xC0,0x00,0x00,0x00,0x02,0x00,0x00,0x00,0x03,0x00,0x2E,0x62,0x73,0x73,0x00,0x00,0x00,0x00,0xE0,0x01,
0x00,0x00,0x07,0x00,0x00,0x00,0x03,0x00,0x2E,0x69,0x64,0x61,0x74,0x61,0x24,0x37,0xA0,0x0D,0x00,0x00,
0x08,0x00,0x00,0x00,0x03,0x00,0x2E,0x69,0x64,0x61,0x74,0x61,0x24,0x35,0xA8,0x04,0x00,0x00,0x08,0x00,
0x00,0x00,0x03,0x00,0x2E,0x69,0x64,0x61,0x74,0x61,0x24,0x34,0x60,0x01,0x00,0x00,0x08,0x00,0x00,0x00,
0x03,0x00,0x2E,0x69,0x64,0x61,0x74,0x61,0x24,0x36,0x32,0x08,0x00,0x00,0x08,0x00,0x00,0x00,0x03,0x00,
0x2E,0x74,0x65,0x78,0x74,0x00,0x00,0x00,0xD0,0x3F,0x00,0x00,0x01,0x00,0x00,0x00,0x03,0x00,0x2E,0x64,
0x61,0x74,0x61,0x00,0x00,0x00,0xC0,0x00,0x00,0x00,0x02,0x00,0x00,0x00,0x03,0x00,0x2E,0x62,0x73,0x73,
0x00,0x00,0x00,0x00,0xE0,0x01,0x00,0x00,0x07,0x00,0x00,0x00,0x03,0x00,0x2E,0x69,0x64,0x61,0x74,0x61,
0x24,0x37,0x9C,0x0D,0x00,0x00,0x08,0x00,0x00,0x00,0x03,0x00,0x2E,0x69,0x64,0x61,0x74,0x61,0x24,0x35,
0xA0,0x04,0x00,0x00,0x08,0x00,0x00,0x00,0x03,0x00,0x2E,0x69,0x64,0x61,0x74,0x61,0x24,0x34,0x58,0x01,
0x00,0x00,0x08,0x00,0x00,0x00,0x03,0x00,0x2E,0x69,0x64,0x61,0x74,0x61,0x24,0x36,0x24,0x08,0x00,0x00,
0x08,0x00,0x00,0x00,0x03,0x00,0x2E,0x74,0x65,0x78,0x74,0x00,0x00,0x00,0xD8,0x3F,0x00,0x00,0x01,0x00,
0x00,0x00,0x03,0x00,0x2E,0x64,0x61,0x74,0x61,0x00,0x00,0x00,0xC0,0x00,0x00,0x00,0x02,0x00,0x00,0x00,
0x03,0x00,0x2E,0x62,0x73,0x73,0x00,0x00,0x00,0x00,0xE0,0x01,0x00,0x00,0x07,0x00,0x00,0x00,0x03,0x00,
0x2E,0x69,0x64,0x61,0x74,0x61,0x24,0x37,0x98,0x0D,0x00,0x00,0x08,0x00,0x00,0x00,0x03,0x00,0x2E,0x69,
0x64,0x61,0x74,0x61,0x24,0x35,0x98,0x04,0x00,0x00,0x08,0x00,0x00,0x00,0x03,0x00,0x2E,0x69,0x64,0x61,
0x74,0x61,0x24,0x34,0x50,0x01,0x00,0x00,0x08,0x00,0x00,0x00,0x03,0x00,0x2E,0x69,0x64,0x61,0x74,0x61,
0x24,0x36,0x0C,0x08,0x00,0x00,0x08,0x00,0x00,0x00,0x03,0x00,0x2E,0x74,0x65,0x78,0x74,0x00,0x00,0x00,
0xE0,0x3F,0x00,0x00,0x01,0x00,0x00,0x00,0x03,0x00,0x2E,0x64,0x61,0x74,0x61,0x00,0x00,0x00,0xC0,0x00,
0x00,0x00,0x02,0x00,0x00,0x00,0x03,0x00,0x2E,0x62,0x73,0x73,0x00,0x00,0x00,0x00,0xE0,0x01,0x00,0x00,
0x07,0x00,0x00,0x00,0x03,0x00,0x2E,0x69,0x64,0x61,0x74,0x61,0x24,0x37,0x94,0x0D,0x00,0x00,0x08,0x00,
0x00,0x00,0x03,0x00,0x2E,0x69,0x64,0x61,0x74,0x61,0x24,0x35,0x90,0x04,0x00,0x00,0x08,0x00,0x00,0x00,
0x03,0x00,0x2E,0x69,0x64,0x61,0x74,0x61,0x24,0x34,0x48,0x01,0x00,0x00,0x08,0x00,0x00,0x00,0x03,0x00,
0x2E,0x69,0x64,0x61,0x74,0x61,0x24,0x36,0xFA,0x07,0x00,0x00,0x08,0x00,0x00,0x00,0x03,0x00,0x2E,0x74,
0x65,0x78,0x74,0x00,0x00,0x00,0xE8,0x3F,0x00,0x00,0x01,0x00,0x00,0x00,0x03,0x00,0x2E,0x64,0x61,0x74,
0x61,0x00,0x00,0x00,0xC0,0x00,0x00,0x00,0x02,0x00,0x00,0x00,0x03,0x00,0x2E,0x62,0x73,0x73,0x00,0x00,
0x00,0x00,0xE0,0x01,0x00,0x00,0x07,0x00,0x00,0x00,0x03,0x00,0x2E,0x69,0x64,0x61,0x74,0x61,0x24,0x37,
0x90,0x0D,0x00,0x00,0x08,0x00,0x00,0x00,0x03,0x00,0x2E,0x69,0x64,0x61,0x74,0x61,0x24,0x35,0x88,0x04,
0x00,0x00,0x08,0x00,0x00,0x00,0x03,0x00,0x2E,0x69,0x64,0x61,0x74,0x61,0x24,0x34,0x40,0x01,0x00,0x00,
0x08,0x00,0x00,0x00,0x03,0x00,0x2E,0x69,0x64,0x61,0x74,0x61,0x24,0x36,0xEC,0x07,0x00,0x00,0x08,0x00,
0x00,0x00,0x03,0x00,0x2E,0x74,0x65,0x78,0x74,0x00,0x00,0x00,0xF0,0x3F,0x00,0x00,0x01,0x00,0x00,0x00,
0x03,0x00,0x2E,0x64,0x61,0x74,0x61,0x00,0x00,0x00,0xC0,0x00,0x00,0x00,0x02,0x00,0x00,0x00,0x03,0x00,
0x2E,0x62,0x73,0x73,0x00,0x00,0x00,0x00,0xE0,0x01,0x00,0x00,0x07,0x00,0x00,0x00,0x03,0x00,0x2E,0x69,
0x64,0x61,0x74,0x61,0x24,0x37,0x8C,0x0D,0x00,0x00,0x08,0x00,0x00,0x00,0x03,0x00,0x2E,0x69,0x64,0x61,
0x74,0x61,0x24,0x35,0x80,0x04,0x00,0x00,0x08,0x00,0x00,0x00,0x03,0x00,0x2E,0x69,0x64,0x61,0x74,0x61,
0x24,0x34,0x38,0x01,0x00,0x00,0x08,0x00,0x00,0x00,0x03,0x00,0x2E,0x69,0x64,0x61,0x74,0x61,0x24,0x36,
0xDE,0x07,0x00,0x00,0x08,0x00,0x00,0x00,0x03,0x00,0x2E,0x66,0x69,0x6C,0x65,0x00,0x00,0x00,0x73,0x06,
0x00,0x00,0xFE,0xFF,0x00,0x00,0x67,0x01,0x66,0x61,0x6B,0x65,0x00,0x00,0x00,0x00,0x00,0x00,0x00,0x00,
0x00,0x00,0x00,0x00,0x00,0x00,0x68,0x6E,0x61,0x6D,0x65,0x00,0x00,0x00,0x38,0x01,0x00,0x00,0x08,0x00,
0x00,0x00,0x03,0x00,0x66,0x74,0x68,0x75,0x6E,0x6B,0x00,0x00,0x80,0x04,0x00,0x00,0x08,0x00,0x00,0x00,
0x03,0x00,0x2E,0x74,0x65,0x78,0x74,0x00,0x00,0x00,0x00,0x40,0x00,0x00,0x01,0x00,0x00,0x00,0x03,0x01,
0x00,0x00,0x00,0x00,0x00,0x00,0x00,0x00,0x00,0x00,0x00,0x00,0x00,0x00,0x00,0x00,0x00,0x00,0x2E,0x64,
0x61,0x74,0x61,0x00,0x00,0x00,0xC0,0x00,0x00,0x00,0x02,0x00,0x00,0x00,0x03,0x01,0x00,0x00,0x00,0x00,
0x00,0x00,0x00,0x00,0x00,0x00,0x00,0x00,0x00,0x00,0x00,0x00,0x00,0x00,0x2E,0x62,0x73,0x73,0x00,0x00,
0x00,0x00,0xE0,0x01,0x00,0x00,0x07,0x00,0x00,0x00,0x03,0x01,0x00,0x00,0x00,0x00,0x00,0x00,0x00,0x00,
0x00,0x00,0x00,0x00,0x00,0x00,0x00,0x00,0x00,0x00,0x2E,0x69,0x64,0x61,0x74,0x61,0x24,0x32,0x28,0x00,
0x00,0x00,0x08,0x00,0x00,0x00,0x03,0x01,0x14,0x00,0x00,0x00,0x03,0x00,0x00,0x00,0x00,0x00,0x00,0x00,
0x00,0x00,0x00,0x00,0x00,0x00,0x2E,0x69,0x64,0x61,0x74,0x61,0x24,0x34,0x38,0x01,0x00,0x00,0x08,0x00,
0x00,0x00,0x03,0x00,0x2E,0x69,0x64,0x61,0x74,0x61,0x24,0x35,0x80,0x04,0x00,0x00,0x08,0x00,0x00,0x00,
0x03,0x00,0x2E,0x66,0x69,0x6C,0x65,0x00,0x00,0x00,0x81,0x06,0x00,0x00,0xFE,0xFF,0x00,0x00,0x67,0x01,
0x66,0x61,0x6B,0x65,0x00,0x00,0x00,0x00,0x00,0x00,0x00,0x00,0x00,0x00,0x00,0x00,0x00,0x00,0x2E,0x74,
0x65,0x78,0x74,0x00,0x00,0x00,0x00,0x40,0x00,0x00,0x01,0x00,0x00,0x00,0x03,0x01,0x00,0x00,0x00,0x00,
0x00,0x00,0x00,0x00,0x00,0x00,0x00,0x00,0x00,0x00,0x00,0x00,0x00,0x00,0x2E,0x64,0x61,0x74,0x61,0x00,
0x00,0x00,0xC0,0x00,0x00,0x00,0x02,0x00,0x00,0x00,0x03,0x01,0x00,0x00,0x00,0x00,0x00,0x00,0x00,0x00,
0x00,0x00,0x00,0x00,0x00,0x00,0x00,0x00,0x00,0x00,0x2E,0x62,0x73,0x73,0x00,0x00,0x00,0x00,0xE0,0x01,
0x00,0x00,0x07,0x00,0x00,0x00,0x03,0x01,0x00,0x00,0x00,0x00,0x00,0x00,0x00,0x00,0x00,0x00,0x00,0x00,
0x00,0x00,0x00,0x00,0x00,0x00,0x2E,0x69,0x64,0x61,0x74,0x61,0x24,0x34,0x20,0x02,0x00,0x00,0x08,0x00,
0x00,0x00,0x03,0x01,0x08,0x00,0x00,0x00,0x00,0x00,0x00,0x00,0x00,0x00,0x00,0x00,0x00,0x00,0x00,0x00,
0x00,0x00,0x2E,0x69,0x64,0x61,0x74,0x61,0x24,0x35,0x68,0x05,0x00,0x00,0x08,0x00,0x00,0x00,0x03,0x01,
0x08,0x00,0x00,0x00,0x00,0x00,0x00,0x00,0x00,0x00,0x00,0x00,0x00,0x00,0x00,0x00,0x00,0x00,0x2E,0x69,
0x64,0x61,0x74,0x61,0x24,0x37,0x00,0x0E,0x00,0x00,0x08,0x00,0x00,0x00,0x03,0x01,0x0D,0x00,0x00,0x00,
0x00,0x00,0x00,0x00,0x00,0x00,0x00,0x00,0x00,0x00,0x00,0x00,0x00,0x00,0x2E,0x66,0x69,0x6C,0x65,0x00,
0x00,0x00,0x98,0x06,0x00,0x00,0xFE,0xFF,0x00,0x00,0x67,0x01,0x63,0x79,0x67,0x6D,0x69,0x6E,0x67,0x2D,
0x63,0x72,0x74,0x65,0x6E,0x64,0x2E,0x63,0x00,0x00,0x00,0x00,0x00,0x00,0xB0,0x08,0x00,0x00,0x00,0x00,
0x00,0x00,0x04,0x00,0x00,0x00,0x03,0x00,0x00,0x00,0x00,0x00,0xBE,0x08,0x00,0x00,0x00,0x40,0x00,0x00,
0x01,0x00,0x20,0x00,0x03,0x01,0x00,0x00,0x00,0x00,0x00,0x00,0x00,0x00,0x00,0x00,0x00,0x00,0x00,0x00,
0x00,0x00,0x00,0x00,0x2E,0x74,0x65,0x78,0x74,0x00,0x00,0x00,0x00,0x40,0x00,0x00,0x01,0x00,0x00,0x00,
0x03,0x01,0x00,0x00,0x00,0x00,0x00,0x00,0x00,0x00,0x00,0x00,0x00,0x00,0x00,0x00,0x00,0x00,0x00,0x00,
0x2E,0x64,0x61,0x74,0x61,0x00,0x00,0x00,0xC0,0x00,0x00,0x00,0x02,0x00,0x00,0x00,0x03,0x01,0x00,0x00,
0x00,0x00,0x00,0x00,0x00,0x00,0x00,0x00,0x00,0x00,0x00,0x00,0x00,0x00,0x00,0x00,0x2E,0x62,0x73,0x73,
0x00,0x00,0x00,0x00,0xE0,0x01,0x00,0x00,0x07,0x00,0x00,0x00,0x03,0x01,0x00,0x00,0x00,0x00,0x00,0x00,
0x00,0x00,0x00,0x00,0x00,0x00,0x00,0x00,0x00,0x00,0x00,0x00,0x00,0x00,0x00,0x00,0x01,0x04,0x00,0x00,
0x00,0x00,0x00,0x00,0x04,0x00,0x00,0x00,0x03,0x01,0x04,0x00,0x00,0x00,0x00,0x00,0x00,0x00,0x00,0x00,
0x00,0x00,0x00,0x00,0x00,0x00,0x00,0x00,0x00,0x00,0x00,0x00,0xD2,0x08,0x00,0x00,0x00,0x40,0x00,0x00,
0x01,0x00,0x00,0x00,0x03,0x01,0x05,0x00,0x00,0x00,0x01,0x00,0x00,0x00,0x00,0x00,0x00,0x00,0x00,0x00,
0x00,0x00,0x00,0x00,0x00,0x00,0x00,0x00,0xE0,0x08,0x00,0x00,0xF4,0x02,0x00,0x00,0x06,0x00,0x00,0x00,
0x03,0x01,0x04,0x00,0x00,0x00,0x00,0x00,0x00,0x00,0x00,0x00,0x00,0x00,0x00,0x00,0x00,0x00,0x00,0x00,
0x00,0x00,0x00,0x00,0xEF,0x08,0x00,0x00,0xAC,0x02,0x00,0x00,0x05,0x00,0x00,0x00,0x03,0x01,0x0C,0x00,
0x00,0x00,0x03,0x00,0x00,0x00,0x00,0x00,0x00,0x00,0x00,0x00,0x00,0x00,0x00,0x00,0x00,0x00,0x00,0x00,
0xFE,0x08,0x00,0x00,0xD8,0x17,0x00,0x00,0x03,0x00,0x00,0x00,0x03,0x01,0x08,0x00,0x00,0x00,0x01,0x00,
0x00,0x00,0x00,0x00,0x00,0x00,0x00,0x00,0x00,0x00,0x00,0x00,0x00,0x00,0x00,0x00,0xA3,0x03,0x00,0x00,
0x80,0x17,0x00,0x00,0x03,0x00,0x00,0x00,0x03,0x01,0x49,0x00,0x00,0x00,0x00,0x00,0x00,0x00,0x00,0x00,
0x00,0x00,0x00,0x00,0x00,0x00,0x00,0x00,0x5F,0x5F,0x78,0x63,0x5F,0x7A,0x00,0x00,0x00,0x18,0x00,0x00,
0x03,0x00,0x00,0x00,0x02,0x00,0x00,0x00,0x00,0x00,0x0B,0x09,0x00,0x00,0x20,0x07,0x00,0x00,0x08,0x00,
0x00,0x00,0x02,0x00,0x00,0x00,0x00,0x00,0x22,0x09,0x00,0x00,0xF0,0x06,0x00,0x00,0x08,0x00,0x00,0x00,
0x02,0x00,0x00,0x00,0x00,0x00,0x2F,0x09,0x00,0x00,0xD0,0x17,0x00,0x00,0x03,0x00,0x00,0x00,0x02,0x00,
0x00,0x00,0x00,0x00,0x4E,0x09,0x00,0x00,0xE8,0x04,0x00,0x00,0x08,0x00,0x00,0x00,0x02,0x00,0x00,0x00,
0x00,0x00,0x64,0x09,0x00,0x00,0x50,0x21,0x00,0x00,0x01,0x00,0x00,0x00,0x02,0x00,0x00,0x00,0x00,0x00,
0x74,0x09,0x00,0x00,0x48,0x06,0x00,0x00,0x08,0x00,0x00,0x00,0x02,0x00,0x00,0x00,0x00,0x00,0x80,0x09,
0x00,0x00,0x00,0x0E,0x00,0x00,0x08,0x00,0x00,0x00,0x02,0x00,0x00,0x00,0x00,0x00,0x9C,0x09,0x00,0x00,
0x38,0x06,0x00,0x00,0x08,0x00,0x00,0x00,0x02,0x00,0x00,0x00,0x00,0x00,0xAE,0x09,0x00,0x00,0xB8,0x04,
0x00,0x00,0x08,0x00,0x00,0x00,0x02,0x00,0x00,0x00,0x00,0x00,0xCC,0x09,0x00,0x00,0x70,0x05,0x00,0x00,
0x08,0x00,0x00,0x00,0x02,0x00,0x00,0x00,0x00,0x00,0xDF,0x09,0x00,0x00,0x00,0x00,0x00,0x00,0x02,0x00,
0x00,0x00,0x02,0x00,0x00,0x00,0x00,0x00,0xEE,0x09,0x00,0x00,0xE8,0x17,0x00,0x00,0x03,0x00,0x00,0x00,
0x02,0x00,0x00,0x00,0x00,0x00,0xFD,0x09,0x00,0x00,0x8C,0x00,0x00,0x00,0x08,0x00,0x00,0x00,0x02,0x00,
0x00,0x00,0x00,0x00,0x2C,0x0A,0x00,0x00,0x48,0x3F,0x00,0x00,0x01,0x00,0x00,0x00,0x02,0x00,0x00,0x00,
0x00,0x00,0x48,0x0A,0x00,0x00,0x48,0x07,0x00,0x00,0x08,0x00,0x00,0x00,0x02,0x00,0x00,0x00,0x00,0x00,
0x5E,0x0A,0x00,0x00,0x30,0x0C,0x00,0x00,0x03,0x00,0x00,0x00,0x02,0x00,0x00,0x00,0x00,0x00,0x80,0x0A,
0x00,0x00,0x88,0x04,0x00,0x00,0x08,0x00,0x00,0x00,0x02,0x00,0x00,0x00,0x00,0x00,0x92,0x0A,0x00,0x00,
0x88,0x05,0x00,0x00,0x08,0x00,0x00,0x00,0x02,0x00,0x00,0x00,0x00,0x00,0x9F,0x0A,0x00,0x00,0x78,0x06,
0x00,0x00,0x08,0x00,0x00,0x00,0x02,0x00,0x00,0x00,0x00,0x00,0xB0,0x0A,0x00,0x00,0xE8,0x05,0x00,0x00,
0x08,0x00,0x00,0x00,0x02,0x00,0x00,0x00,0x00,0x00,0xC1,0x0A,0x00,0x00,0x18,0x05,0x00,0x00,0x08,0x00,
0x00,0x00,0x02,0x00,0x00,0x00,0x00,0x00,0xD4,0x0A,0x00,0x00,0x00,0x00,0x00,0x00,0x09,0x00,0x00,0x00,
0x02,0x00,0x00,0x00,0x00,0x00,0xE3,0x0A,0x00,0x00,0x80,0x0C,0x00,0x00,0x03,0x00,0x00,0x00,0x02,0x00,
0x00,0x00,0x00,0x00,0x02,0x0B,0x00,0x00,0x78,0x3E,0x00,0x00,0x01,0x00,0x20,0x00,0x02,0x00,0x5F,0x5F,
0x78,0x6C,0x5F,0x61,0x00,0x00,0x18,0x18,0x00,0x00,0x03,0x00,0x00,0x00,0x02,0x00,0x00,0x00,0x00,0x00,
0x21,0x0B,0x00,0x00,0xA8,0x3F,0x00,0x00,0x01,0x00,0x00,0x00,0x02,0x00,0x00,0x00,0x00,0x00,0x2E,0x0B,
0x00,0x00,0xD0,0x17,0x00,0x00,0x03,0x00,0x00,0x00,0x02,0x00,0x00,0x00,0x00,0x00,0x42,0x0B,0x00,0x00,
0x00,0x0C,0x00,0x00,0x03,0x00,0x00,0x00,0x02,0x00,0x00,0x00,0x00,0x00,0x5F,0x0B,0x00,0x00,0x50,0x07,
0x00,0x00,0x08,0x00,0x00,0x00,0x02,0x00,0x5F,0x63,0x65,0x78,0x69,0x74,0x00,0x00,0x38,0x3E,0x00,0x00,
0x01,0x00,0x20,0x00,0x02,0x00,0x77,0x63,0x73,0x6C,0x65,0x6E,0x00,0x00,0xB0,0x3D,0x00,0x00,0x01,0x00,
0x20,0x00,0x02,0x00,0x00,0x00,0x00,0x00,0x72,0x0B,0x00,0x00,0x60,0x01,0x00,0x00,0xFF,0xFF,0x00,0x00,
0x02,0x00,0x00,0x00,0x00,0x00,0x8A,0x0B,0x00,0x00,0x00,0x10,0x00,0x00,0xFF,0xFF,0x00,0x00,0x02,0x00,
0x00,0x00,0x00,0x00,0xA3,0x0B,0x00,0x00,0x00,0x00,0x00,0x00,0x07,0x00,0x00,0x00,0x02,0x00,0x00,0x00,
0x00,0x00,0xB9,0x0B,0x00,0x00,0xD0,0x3F,0x00,0x00,0x01,0x00,0x00,0x00,0x02,0x00,0x00,0x00,0x00,0x00,
0xC5,0x0B,0x00,0x00,0x00,0x00,0x20,0x00,0xFF,0xFF,0x00,0x00,0x02,0x00,0x00,0x00,0x00,0x00,0xDF,0x0B,
0x00,0x00,0x05,0x00,0x00,0x00,0xFF,0xFF,0x00,0x00,0x02,0x00,0x00,0x00,0x00,0x00,0xFB,0x0B,0x00,0x00,
0x18,0x18,0x00,0x00,0x03,0x00,0x00,0x00,0x02,0x00,0x00,0x00,0x00,0x00,0x0D,0x0C,0x00,0x00,0x98,0x04,
0x00,0x00,0x08,0x00,0x00,0x00,0x02,0x00,0x00,0x00,0x00,0x00,0x29,0x0C,0x00,0x00,0xC0,0x04,0x00,0x00,
0x08,0x00,0x00,0x00,0x02,0x00,0x5F,0x5F,0x78,0x6C,0x5F,0x64,0x00,0x00,0x28,0x18,0x00,0x00,0x03,0x00,
0x00,0x00,0x02,0x00,0x00,0x00,0x00,0x00,0x42,0x0C,0x00,0x00,0x40,0x06,0x00,0x00,0x08,0x00,0x00,0x00,
0x02,0x00,0x00,0x00,0x00,0x00,0x67,0x0C,0x00,0x00,0x40,0x21,0x00,0x00,0x01,0x00,0x00,0x00,0x02,0x00,
0x5F,0x74,0x6C,0x73,0x5F,0x65,0x6E,0x64,0x08,0x00,0x00,0x00,0x09,0x00,0x00,0x00,0x02,0x00,0x00,0x00,
0x00,0x00,0x76,0x0C,0x00,0x00,0xB0,0x0B,0x00,0x00,0x03,0x00,0x00,0x00,0x02,0x00,0x00,0x00,0x00,0x00,
0x8C,0x0C,0x00,0x00,0x28,0x3F,0x00,0x00,0x01,0x00,0x00,0x00,0x02,0x00,0x00,0x00,0x00,0x00,0x99,0x0C,
0x00,0x00,0xF0,0x05,0x00,0x00,0x08,0x00,0x00,0x00,0x02,0x00,0x00,0x00,0x00,0x00,0xAA,0x0C,0x00,0x00,
0xD0,0x3E,0x00,0x00,0x01,0x00,0x20,0x00,0x02,0x00,0x00,0x00,0x00,0x00,0xBE,0x0C,0x00,0x00,0x08,0x18,
0x00,0x00,0x03,0x00,0x00,0x00,0x02,0x00,0x77,0x63,0x73,0x72,0x63,0x68,0x72,0x00,0xB0,0x3E,0x00,0x00,
0x01,0x00,0x20,0x00,0x02,0x00,0x00,0x00,0x00,0x00,0xD0,0x0C,0x00,0x00,0x90,0x00,0x00,0x00,0x02,0x00,
0x00,0x00,0x02,0x00,0x00,0x00,0x00,0x00,0xE1,0x0C,0x00,0x00,0x18,0x18,0x00,0x00,0x03,0x00,0x00,0x00,
0x02,0x00,0x00,0x00,0x00,0x00,0xF1,0x0C,0x00,0x00,0x00,0x05,0x00,0x00,0x08,0x00,0x00,0x00,0x02,0x00,
0x00,0x00,0x00,0x00,0x06,0x0D,0x00,0x00,0x10,0x0C,0x00,0x00,0x03,0x00,0x00,0x00,0x02,0x00,0x00,0x00,
0x00,0x00,0x1E,0x0D,0x00,0x00,0xB0,0x06,0x00,0x00,0x08,0x00,0x00,0x00,0x02,0x00,0x00,0x00,0x00,0x00,
0x2A,0x0D,0x00,0x00,0x00,0x00,0x00,0x00,0x09,0x00,0x00,0x00,0x02,0x00,0x00,0x00,0x00,0x00,0x35,0x0D,
0x00,0x00,0x88,0x07,0x00,0x00,0x08,0x00,0x00,0x00,0x02,0x00,0x6D,0x65,0x6D,0x63,0x70,0x79,0x00,0x00,
0xA8,0x3E,0x00,0x00,0x01,0x00,0x20,0x00,0x02,0x00,0x00,0x00,0x00,0x00,0x45,0x0D,0x00,0x00,0x90,0x04,
0x00,0x00,0x08,0x00,0x00,0x00,0x02,0x00,0x73,0x65,0x74,0x76,0x62,0x75,0x66,0x00,0x18,0x3E,0x00,0x00,
0x01,0x00,0x20,0x00,0x02,0x00,0x00,0x00,0x00,0x00,0x5A,0x0D,0x00,0x00,0xF0,0x04,0x00,0x00,0x08,0x00,
0x00,0x00,0x02,0x00,0x00,0x00,0x00,0x00,0x6D,0x0D,0x00,0x00,0xA0,0x3F,0x00,0x00,0x01,0x00,0x00,0x00,
0x02,0x00,0x00,0x00,0x00,0x00,0x80,0x0D,0x00,0x00,0xA0,0x21,0x00,0x00,0x01,0x00,0x00,0x00,0x02,0x00,
0x00,0x00,0x00,0x00,0x91,0x0D,0x00,0x00,0x10,0x0D,0x00,0x00,0x03,0x00,0x00,0x00,0x02,0x00,0x00,0x00,
0x00,0x00,0xA2,0x0D,0x00,0x00,0xE0,0x0B,0x00,0x00,0x03,0x00,0x00,0x00,0x02,0x00,0x00,0x00,0x00,0x00,
0xC8,0x0D,0x00,0x00,0x40,0x01,0x00,0x00,0x07,0x00,0x00,0x00,0x02,0x00,0x00,0x00,0x00,0x00,0xE1,0x0D,
0x00,0x00,0x98,0x21,0x00,0x00,0x01,0x00,0x00,0x00,0x02,0x00,0x6D,0x61,0x6C,0x6C,0x6F,0x63,0x00,0x00,
0xF8,0x3E,0x00,0x00,0x01,0x00,0x20,0x00,0x02,0x00,0x00,0x00,0x00,0x00,0xED,0x0D,0x00,0x00,0x60,0x07,
0x00,0x00,0x08,0x00,0x00,0x00,0x02,0x00,0x5F,0x43,0x52,0x54,0x5F,0x4D,0x54,0x00,0x50,0x00,0x00,0x00,
0x02,0x00,0x00,0x00,0x02,0x00,0x00,0x00,0x00,0x00,0x00,0x0E,0x00,0x00,0x58,0x07,0x00,0x00,0x08,0x00,
0x00,0x00,0x02,0x00,0x00,0x00,0x00,0x00,0x15,0x0E,0x00,0x00,0x38,0x3F,0x00,0x00,0x01,0x00,0x00,0x00,
0x02,0x00,0x00,0x00,0x00,0x00,0x21,0x0E,0x00,0x00,0xD8,0x06,0x00,0x00,0x08,0x00,0x00,0x00,0x02,0x00,
0x00,0x00,0x00,0x00,0x2E,0x0E,0x00,0x00,0x80,0x0D,0x00,0x00,0x08,0x00,0x00,0x00,0x02,0x00,0x00,0x00,
0x00,0x00,0x47,0x0E,0x00,0x00,0x00,0x00,0x00,0x00,0x07,0x00,0x00,0x00,0x02,0x00,0x00,0x00,0x00,0x00,
0x55,0x0E,0x00,0x00,0x20,0x05,0x00,0x00,0x08,0x00,0x00,0x00,0x02,0x00,0x00,0x00,0x00,0x00,0x6F,0x0E,
0x00,0x00,0xC8,0x05,0x00,0x00,0x08,0x00,0x00,0x00,0x02,0x00,0x00,0x00,0x00,0x00,0x8A,0x0E,0x00,0x00,
0xD0,0x17,0x00,0x00,0x03,0x00,0x00,0x00,0x02,0x00,0x00,0x00,0x00,0x00,0xAD,0x0E,0x00,0x00,0x68,0x0D,
0x00,0x00,0x08,0x00,0x00,0x00,0x02,0x00,0x00,0x00,0x00,0x00,0xC9,0x0E,0x00,0x00,0x00,0x10,0x00,0x00,
0xFF,0xFF,0x00,0x00,0x02,0x00,0x00,0x00,0x00,0x00,0xE1,0x0E,0x00,0x00,0x80,0x06,0x00,0x00,0x08,0x00,
0x00,0x00,0x02,0x00,0x00,0x00,0x00,0x00,0xFF,0x0E,0x00,0x00,0xC8,0x04,0x00,0x00,0x08,0x00,0x00,0x00,
0x02,0x00,0x00,0x00,0x00,0x00,0x12,0x0F,0x00,0x00,0xE0,0x0C,0x00,0x00,0x03,0x00,0x00,0x00,0x02,0x00,
0x00,0x00,0x00,0x00,0x26,0x0F,0x00,0x00,0x20,0x06,0x00,0x00,0x08,0x00,0x00,0x00,0x02,0x00,0x00,0x00,
0x00,0x00,0x4B,0x0F,0x00,0x00,0xE4,0x00,0x00,0x00,0x07,0x00,0x00,0x00,0x02,0x00,0x00,0x00,0x00,0x00,
0x65,0x0F,0x00,0x00,0x90,0x05,0x00,0x00,0x08,0x00,0x00,0x00,0x02,0x00,0x00,0x00,0x00,0x00,0x70,0x0F,
0x00,0x00,0x40,0x00,0x00,0x00,0x02,0x00,0x00,0x00,0x02,0x00,0x00,0x00,0x00,0x00,0x85,0x0F,0x00,0x00,
0x60,0x3F,0x00,0x00,0x01,0x00,0x00,0x00,0x02,0x00,0x00,0x00,0x00,0x00,0x92,0x0F,0x00,0x00,0x98,0x0E,
0x00,0x00,0x08,0x00,0x00,0x00,0x02,0x00,0x00,0x00,0x00,0x00,0xC0,0x0F,0x00,0x00,0x00,0x3F,0x00,0x00,
0x01,0x00,0x20,0x00,0x02,0x00,0x00,0x00,0x00,0x00,0xCD,0x0F,0x00,0x00,0x20,0x0C,0x00,0x00,0x03,0x00,
0x00,0x00,0x02,0x00,0x00,0x00,0x00,0x00,0xE6,0x0F,0x00,0x00,0xEC,0x00,0x00,0x00,0x07,0x00,0x00,0x00,
0x02,0x00,0x00,0x00,0x00,0x00,0xFF,0x0F,0x00,0x00,0x28,0x07,0x00,0x00,0x08,0x00,0x00,0x00,0x02,0x00,
0x66,0x66,0x6C,0x75,0x73,0x68,0x00,0x00,0xF0,0x3D,0x00,0x00,0x01,0x00,0x20,0x00,0x02,0x00,0x00,0x00,
0x00,0x00,0x13,0x10,0x00,0x00,0x30,0x3F,0x00,0x00,0x01,0x00,0x00,0x00,0x02,0x00,0x00,0x00,0x00,0x00,
0x22,0x10,0x00,0x00,0x3C,0x00,0x00,0x00,0x08,0x00,0x00,0x00,0x02,0x00,0x00,0x00,0x00,0x00,0x55,0x10,
0x00,0x00,0x48,0x18,0x00,0x00,0x03,0x00,0x00,0x00,0x02,0x00,0x00,0x00,0x00,0x00,0x65,0x10,0x00,0x00,
0x38,0x18,0x00,0x00,0x03,0x00,0x00,0x00,0x02,0x00,0x00,0x00,0x00,0x00,0x77,0x10,0x00,0x00,0x08,0x05,
0x00,0x00,0x08,0x00,0x00,0x00,0x02,0x00,0x00,0x00,0x00,0x00,0x92,0x10,0x00,0x00,0x80,0x00,0x00,0x00,
0x02,0x00,0x00,0x00,0x02,0x00,0x00,0x00,0x00,0x00,0xA6,0x10,0x00,0x00,0x78,0x07,0x00,0x00,0x08,0x00,
0x00,0x00,0x02,0x00,0x00,0x00,0x00,0x00,0xBD,0x10,0x00,0x00,0xA0,0x3E,0x00,0x00,0x01,0x00,0x00,0x00,
0x02,0x00,0x00,0x00,0x00,0x00,0xD2,0x10,0x00,0x00,0x88,0x06,0x00,0x00,0x08,0x00,0x00,0x00,0x02,0x00,
0x00,0x00,0x00,0x00,0xE0,0x10,0x00,0x00,0x60,0x0C,0x00,0x00,0x03,0x00,0x00,0x00,0x02,0x00,0x61,0x62,
0x6F,0x72,0x74,0x00,0x00,0x00,0x80,0x3E,0x00,0x00,0x01,0x00,0x20,0x00,0x02,0x00,0x00,0x00,0x00,0x00,
0x01,0x11,0x00,0x00,0xD0,0x0B,0x00,0x00,0x03,0x00,0x00,0x00,0x02,0x00,0x00,0x00,0x00,0x00,0x2B,0x11,
0x00,0x00,0x80,0x21,0x00,0x00,0x01,0x00,0x00,0x00,0x02,0x00,0x00,0x00,0x00,0x00,0x3A,0x11,0x00,0x00,
0x30,0x21,0x00,0x00,0x01,0x00,0x00,0x00,0x02,0x00,0x00,0x00,0x00,0x00,0x49,0x11,0x00,0x00,0x70,0x3F,
0x00,0x00,0x01,0x00,0x00,0x00,0x02,0x00,0x00,0x00,0x00,0x00,0x58,0x11,0x00,0x00,0xF8,0x06,0x00,0x00,
0x08,0x00,0x00,0x00,0x02,0x00,0x00,0x00,0x00,0x00,0x65,0x11,0x00,0x00,0x38,0x18,0x00,0x00,0x03,0x00,
0x00,0x00,0x02,0x00,0x5F,0x77,0x66,0x6F,0x70,0x65,0x6E,0x00,0xE0,0x3D,0x00,0x00,0x01,0x00,0x00,0x00,
0x02,0x00,0x00,0x00,0x00,0x00,0x75,0x11,0x00,0x00,0x80,0x04,0x00,0x00,0x08,0x00,0x00,0x00,0x02,0x00,
0x5F,0x5F,0x64,0x6C,0x6C,0x5F,0x5F,0x00,0x00,0x00,0x00,0x00,0xFF,0xFF,0x00,0x00,0x02,0x00,0x00,0x00,
0x00,0x00,0x87,0x11,0x00,0x00,0x00,0x00,0x00,0x00,0xFF,0xFF,0x00,0x00,0x02,0x00,0x00,0x00,0x00,0x00,
0x9C,0x11,0x00,0x00,0x28,0x3E,0x00,0x00,0x01,0x00,0x20,0x00,0x02,0x00,0x00,0x00,0x00,0x00,0xA7,0x11,
0x00,0x00,0xB4,0x0F,0x00,0x00,0x08,0x00,0x00,0x00,0x02,0x00,0x00,0x00,0x00,0x00,0xD7,0x11,0x00,0x00,
0xC8,0x3F,0x00,0x00,0x01,0x00,0x00,0x00,0x02,0x00,0x00,0x00,0x00,0x00,0xEC,0x11,0x00,0x00,0x60,0x00,
0x00,0x00,0x02,0x00,0x00,0x00,0x02,0x00,0x00,0x00,0x00,0x00,0x09,0x12,0x00,0x00,0xE0,0x3E,0x00,0x00,
0x01,0x00,0x20,0x00,0x02,0x00,0x00,0x00,0x00,0x00,0x17,0x12,0x00,0x00,0xB0,0x0C,0x00,0x00,0x03,0x00,
0x00,0x00,0x02,0x00,0x00,0x00,0x00,0x00,0x26,0x12,0x00,0x00,0x90,0x0B,0x00,0x00,0x03,0x00,0x00,0x00,
0x02,0x00,0x00,0x00,0x00,0x00,0x36,0x12,0x00,0x00,0x78,0x00,0x00,0x00,0x08,0x00,0x00,0x00,0x02,0x00,
0x00,0x00,0x00,0x00,0x62,0x12,0x00,0x00,0x38,0x07,0x00,0x00,0x08,0x00,0x00,0x00,0x02,0x00,0x00,0x00,
0x00,0x00,0x74,0x12,0x00,0x00,0x18,0x06,0x00,0x00,0x08,0x00,0x00,0x00,0x02,0x00,0x00,0x00,0x00,0x00,
0x80,0x12,0x00,0x00,0x00,0x10,0x00,0x00,0xFF,0xFF,0x00,0x00,0x02,0x00,0x00,0x00,0x00,0x00,0x96,0x12,
0x00,0x00,0x20,0x00,0x00,0x00,0x02,0x00,0x00,0x00,0x02,0x00,0x00,0x00,0x00,0x00,0xAE,0x12,0x00,0x00,
0xC4,0x0E,0x00,0x00,0x08,0x00,0x00,0x00,0x02,0x00,0x00,0x00,0x00,0x00,0xDF,0x12,0x00,0x00,0x18,0x10,
0x00,0x00,0x08,0x00,0x00,0x00,0x02,0x00,0x77,0x63,0x73,0x63,0x70,0x79,0x00,0x00,0xA8,0x3D,0x00,0x00,
0x01,0x00,0x20,0x00,0x02,0x00,0x63,0x61,0x6C,0x6C,0x6F,0x63,0x00,0x00,0xE8,0x3E,0x00,0x00,0x01,0x00,
0x20,0x00,0x02,0x00,0x00,0x00,0x00,0x00,0xF9,0x12,0x00,0x00,0xA0,0x08,0x00,0x00,0x03,0x00,0x00,0x00,
0x02,0x00,0x00,0x00,0x00,0x00,0x03,0x13,0x00,0x00,0x38,0x18,0x00,0x00,0x03,0x00,0x00,0x00,0x02,0x00,
0x00,0x00,0x00,0x00,0x15,0x13,0x00,0x00,0xD0,0x06,0x00,0x00,0x08,0x00,0x00,0x00,0x02,0x00,0x00,0x00,
0x00,0x00,0x22,0x13,0x00,0x00,0x00,0x00,0x00,0x00,0x08,0x00,0x00,0x00,0x02,0x00,0x00,0x00,0x00,0x00,
0x3C,0x13,0x00,0x00,0x98,0x07,0x00,0x00,0x08,0x00,0x00,0x00,0x02,0x00,0x00,0x00,0x00,0x00,0x48,0x13,
0x00,0x00,0xD0,0x05,0x00,0x00,0x08,0x00,0x00,0x00,0x02,0x00,0x00,0x00,0x00,0x00,0x55,0x13,0x00,0x00,
0xD0,0x17,0x00,0x00,0x03,0x00,0x00,0x00,0x02,0x00,0x00,0x00,0x00,0x00,0x73,0x13,0x00,0x00,0x50,0x06,
0x00,0x00,0x01,0x00,0x00,0x00,0x02,0x00,0x00,0x00,0x00,0x00,0x9B,0x13,0x00,0x00,0x90,0x21,0x00,0x00,
0x01,0x00,0x00,0x00,0x02,0x00,0x00,0x00,0x00,0x00,0xA8,0x13,0x00,0x00,0x00,0x00,0x00,0x00,0x00,0x00,
0x20,0x00,0x02,0x01,0x19,0x00,0x00,0x00,0x01,0x00,0x00,0x00,0x00,0x00,0x00,0x00,0x00,0x00,0x00,0x00,
0x00,0x00,0x53,0x6C,0x65,0x65,0x70,0x00,0x00,0x00,0x40,0x3F,0x00,0x00,0x01,0x00,0x00,0x00,0x02,0x00,
0x00,0x00,0x00,0x00,0xC0,0x13,0x00,0x00,0x20,0x0D,0x00,0x00,0x03,0x00,0x00,0x00,0x02,0x00,0x5F,0x63,
0x6F,0x6D,0x6D,0x6F,0x64,0x65,0xF0,0x00,0x00,0x00,0x07,0x00,0x00,0x00,0x02,0x00,0x00,0x00,0x00,0x00,
0xD1,0x13,0x00,0x00,0x30,0x3E,0x00,0x00,0x01,0x00,0x20,0x00,0x02,0x00,0x00,0x00,0x00,0x00,0xDD,0x13,
0x00,0x00,0x70,0x21,0x00,0x00,0x01,0x00,0x00,0x00,0x02,0x00,0x00,0x00,0x00,0x00,0xEB,0x13,0x00,0x00,
0xC0,0x00,0x00,0x00,0x02,0x00,0x00,0x00,0x02,0x00,0x66,0x73,0x65,0x65,0x6B,0x00,0x00,0x00,0x00,0x3E,
0x00,0x00,0x01,0x00,0x20,0x00,0x02,0x00,0x00,0x00,0x00,0x00,0xF8,0x13,0x00,0x00,0xB8,0x06,0x00,0x00,
0x08,0x00,0x00,0x00,0x02,0x00,0x00,0x00,0x00,0x00,0x05,0x14,0x00,0x00,0xC0,0x06,0x00,0x00,0x08,0x00,
0x00,0x00,0x02,0x00,0x00,0x00,0x00,0x00,0x13,0x14,0x00,0x00,0xD0,0x17,0x00,0x00,0x03,0x00,0x00,0x00,
0x02,0x00,0x00,0x00,0x00,0x00,0x21,0x14,0x00,0x00,0x80,0x05,0x00,0x00,0x08,0x00,0x00,0x00,0x02,0x00,
0x00,0x00,0x00,0x00,0x35,0x14,0x00,0x00,0x50,0x00,0x00,0x00,0x08,0x00,0x00,0x00,0x02,0x00,0x00,0x00,
0x00,0x00,0x61,0x14,0x00,0x00,0xA0,0x00,0x00,0x00,0x02,0x00,0x00,0x00,0x02,0x00,0x00,0x00,0x00,0x00,
0x75,0x14,0x00,0x00,0x28,0x00,0x00,0x00,0x08,0x00,0x00,0x00,0x02,0x00,0x00,0x00,0x00,0x00,0x8F,0x14,
0x00,0x00,0x98,0x3F,0x00,0x00,0x01,0x00,0x00,0x00,0x02,0x00,0x00,0x00,0x00,0x00,0xA0,0x14,0x00,0x00,
0xE0,0x01,0x00,0x00,0x07,0x00,0x00,0x00,0x02,0x00,0x5F,0x5F,0x78,0x69,0x5F,0x7A,0x00,0x00,0x10,0x18,
0x00,0x00,0x03,0x00,0x00,0x00,0x02,0x00,0x00,0x00,0x00,0x00,0xAC,0x14,0x00,0x00,0x24,0x00,0x00,0x00,
0x02,0x00,0x00,0x00,0x02,0x00,0x00,0x00,0x00,0x00,0xC4,0x14,0x00,0x00,0x08,0x18,0x00,0x00,0x03,0x00,
0x00,0x00,0x02,0x00,0x00,0x00,0x00,0x00,0xD4,0x14,0x00,0x00,0x50,0x0C,0x00,0x00,0x03,0x00,0x00,0x00,
0x02,0x00,0x00,0x00,0x00,0x00,0xF5,0x14,0x00,0x00,0xD0,0x3D,0x00,0x00,0x01,0x00,0x20,0x00,0x02,0x00,
0x00,0x00,0x00,0x00,0x00,0x15,0x00,0x00,0x70,0x0C,0x00,0x00,0x03,0x00,0x00,0x00,0x02,0x00,0x00,0x00,
0x00,0x00,0x1E,0x15,0x00,0x00,0xA8,0x04,0x00,0x00,0x08,0x00,0x00,0x00,0x02,0x00,0x00,0x00,0x00,0x00,
0x39,0x15,0x00,0x00,0x20,0x00,0x00,0x00,0x07,0x00,0x00,0x00,0x02,0x00,0x00,0x00,0x00,0x00,0x45,0x15,
0x00,0x00,0xE0,0x00,0x00,0x00,0x07,0x00,0x00,0x00,0x02,0x00,0x73,0x69,0x67,0x6E,0x61,0x6C,0x00,0x00,
0x90,0x3E,0x00,0x00,0x01,0x00,0x20,0x00,0x02,0x00,0x00,0x00,0x00,0x00,0x50,0x15,0x00,0x00,0x70,0x07,
0x00,0x00,0x08,0x00,0x00,0x00,0x02,0x00,0x00,0x00,0x00,0x00,0x61,0x15,0x00,0x00,0xC0,0x3D,0x00,0x00,
0x01,0x00,0x20,0x00,0x02,0x00,0x00,0x00,0x00,0x00,0x71,0x15,0x00,0x00,0xC0,0x00,0x00,0x00,0x07,0x00,
0x00,0x00,0x02,0x00,0x00,0x00,0x00,0x00,0x88,0x15,0x00,0x00,0xF8,0x17,0x00,0x00,0x03,0x00,0x00,0x00,
0x02,0x00,0x73,0x74,0x72,0x6E,0x63,0x6D,0x70,0x00,0x98,0x3D,0x00,0x00,0x01,0x00,0x20,0x00,0x02,0x00,
0x00,0x00,0x00,0x00,0x9A,0x15,0x00,0x00,0xE0,0x04,0x00,0x00,0x08,0x00,0x00,0x00,0x02,0x00,0x00,0x00,
0x00,0x00,0xAF,0x15,0x00,0x00,0xD0,0x17,0x00,0x00,0x03,0x00,0x00,0x00,0x02,0x00,0x00,0x00,0x00,0x00,
0xBE,0x15,0x00,0x00,0x64,0x00,0x00,0x00,0x08,0x00,0x00,0x00,0x02,0x00,0x00,0x00,0x00,0x00,0xEC,0x15,
0x00,0x00,0x40,0x07,0x00,0x00,0x08,0x00,0x00,0x00,0x02,0x00,0x00,0x00,0x00,0x00,0xFD,0x15,0x00,0x00,
0xF0,0x0B,0x00,0x00,0x03,0x00,0x00,0x00,0x02,0x00,0x00,0x00,0x00,0x00,0x1D,0x16,0x00,0x00,0x58,0x06,
0x00,0x00,0x08,0x00,0x00,0x00,0x02,0x00,0x00,0x00,0x00,0x00,0x2A,0x16,0x00,0x00,0xC8,0x00,0x00,0x00,
0x08,0x00,0x00,0x00,0x02,0x00,0x00,0x00,0x00,0x00,0x58,0x16,0x00,0x00,0x14,0x00,0x00,0x00,0x08,0x00,
0x00,0x00,0x02,0x00,0x00,0x00,0x00,0x00,0x6F,0x16,0x00,0x00,0x40,0x0C,0x00,0x00,0x03,0x00,0x00,0x00,
0x02,0x00,0x00,0x00,0x00,0x00,0x90,0x16,0x00,0x00,0xD8,0x04,0x00,0x00,0x08,0x00,0x00,0x00,0x02,0x00,
0x00,0x00,0x00,0x00,0xA7,0x16,0x00,0x00,0x58,0x05,0x00,0x00,0x08,0x00,0x00,0x00,0x02,0x00,0x00,0x00,
0x00,0x00,0xC1,0x16,0x00,0x00,0xC0,0x0B,0x00,0x00,0x03,0x00,0x00,0x00,0x02,0x00,0x00,0x00,0x00,0x00,
0xD5,0x16,0x00,0x00,0x60,0x21,0x00,0x00,0x01,0x00,0x00,0x00,0x02,0x00,0x00,0x00,0x00,0x00,0xE1,0x16,
0x00,0x00,0x24,0x0F,0x00,0x00,0x08,0x00,0x00,0x00,0x02,0x00,0x00,0x00,0x00,0x00,0x12,0x17,0x00,0x00,
0xE0,0x06,0x00,0x00,0x08,0x00,0x00,0x00,0x02,0x00,0x00,0x00,0x00,0x00,0x1F,0x17,0x00,0x00,0xA0,0x04,
0x00,0x00,0x08,0x00,0x00,0x00,0x02,0x00,0x00,0x00,0x00,0x00,0x31,0x17,0x00,0x00,0x70,0x04,0x00,0x00,
0x08,0x00,0x00,0x00,0x02,0x00,0x00,0x00,0x00,0x00,0x44,0x17,0x00,0x00,0x98,0x05,0x00,0x00,0x08,0x00,
0x00,0x00,0x02,0x00,0x00,0x00,0x00,0x00,0x51,0x17,0x00,0x00,0x00,0x0D,0x00,0x00,0x03,0x00,0x00,0x00,
0x02,0x00,0x00,0x00,0x00,0x00,0x70,0x17,0x00,0x00,0x88,0x21,0x00,0x00,0x01,0x00,0x00,0x00,0x02,0x00,
0x66,0x72,0x65,0x61,0x64,0x00,0x00,0x00,0xF8,0x3D,0x00,0x00,0x01,0x00,0x20,0x00,0x02,0x00,0x00,0x00,
0x00,0x00,0x80,0x17,0x00,0x00,0x00,0x02,0x00,0x00,0xFF,0xFF,0x00,0x00,0x02,0x00,0x00,0x00,0x00,0x00,
0x93,0x17,0x00,0x00,0x10,0x3F,0x00,0x00,0x01,0x00,0x00,0x00,0x02,0x00,0x00,0x00,0x00,0x00,0x9D,0x17,
0x00,0x00,0xF8,0x04,0x00,0x00,0x08,0x00,0x00,0x00,0x02,0x00,0x00,0x00,0x00,0x00,0xBD,0x17,0x00,0x00,
0xF0,0x3F,0x00,0x00,0x01,0x00,0x00,0x00,0x02,0x00,0x00,0x00,0x00,0x00,0xC9,0x17,0x00,0x00,0xB8,0x3F,
0x00,0x00,0x01,0x00,0x00,0x00,0x02,0x00,0x00,0x00,0x00,0x00,0xE1,0x17,0x00,0x00,0x58,0x3E,0x00,0x00,
0x01,0x00,0x20,0x00,0x02,0x00,0x00,0x00,0x00,0x00,0x00,0x18,0x00,0x00,0x78,0x3F,0x00,0x00,0x01,0x00,
0x00,0x00,0x02,0x00,0x00,0x00,0x00,0x00,0x1A,0x18,0x00,0x00,0x50,0x06,0x00,0x00,0x08,0x00,0x00,0x00,
0x02,0x00,0x6D,0x65,0x6D,0x73,0x65,0x74,0x00,0x00,0x80,0x3D,0x00,0x00,0x01,0x00,0x20,0x00,0x02,0x00,
0x00,0x00,0x00,0x00,0x25,0x18,0x00,0x00,0xB4,0x00,0x00,0x00,0x08,0x00,0x00,0x00,0x02,0x00,0x00,0x00,
0x00,0x00,0x52,0x18,0x00,0x00,0x04,0x00,0x00,0x00,0xFF,0xFF,0x00,0x00,0x02,0x00,0x66,0x74,0x65,0x6C,
0x6C,0x00,0x00,0x00,0x08,0x3E,0x00,0x00,0x01,0x00,0x20,0x00,0x02,0x00,0x00,0x00,0x00,0x00,0x67,0x18,
0x00,0x00,0xB0,0x00,0x00,0x00,0x02,0x00,0x00,0x00,0x02,0x00,0x66,0x63,0x6C,0x6F,0x73,0x65,0x00,0x00,
0xE8,0x3D,0x00,0x00,0x01,0x00,0x20,0x00,0x02,0x00,0x00,0x00,0x00,0x00,0x77,0x18,0x00,0x00,0x50,0x04,
0x00,0x00,0x08,0x00,0x00,0x00,0x02,0x00,0x00,0x00,0x00,0x00,0x85,0x18,0x00,0x00,0x60,0x06,0x00,0x00,
0x01,0x00,0x00,0x00,0x02,0x00,0x00,0x00,0x00,0x00,0xAF,0x18,0x00,0x00,0x58,0x3F,0x00,0x00,0x01,0x00,
0x00,0x00,0x02,0x00,0x00,0x00,0x00,0x00,0xBC,0x18,0x00,0x00,0x00,0x06,0x00,0x00,0x08,0x00,0x00,0x00,
0x02,0x00,0x5F,0x5F,0x78,0x6C,0x5F,0x7A,0x00,0x00,0x30,0x18,0x00,0x00,0x03,0x00,0x00,0x00,0x02,0x00,
0x5F,0x5F,0x65,0x6E,0x64,0x5F,0x5F,0x00,0x00,0x00,0x00,0x00,0x00,0x00,0x00,0x00,0x02,0x00,0x00,0x00,
0x00,0x00,0xC9,0x18,0x00,0x00,0x28,0x05,0x00,0x00,0x08,0x00,0x00,0x00,0x02,0x00,0x00,0x00,0x00,0x00,
0xEB,0x18,0x00,0x00,0x18,0x07,0x00,0x00,0x08,0x00,0x00,0x00,0x02,0x00,0x00,0x00,0x00,0x00,0x00,0x19,
0x00,0x00,0xD8,0x05,0x00,0x00,0x08,0x00,0x00,0x00,0x02,0x00,0x00,0x00,0x00,0x00,0x0E,0x19,0x00,0x00,
0x80,0x3F,0x00,0x00,0x01,0x00,0x00,0x00,0x02,0x00,0x73,0x74,0x72,0x63,0x6D,0x70,0x00,0x00,0x88,0x3D,
0x00,0x00,0x01,0x00,0x20,0x00,0x02,0x00,0x00,0x00,0x00,0x00,0x1B,0x19,0x00,0x00,0x90,0x3F,0x00,0x00,
0x01,0x00,0x00,0x00,0x02,0x00,0x00,0x00,0x00,0x00,0x2A,0x19,0x00,0x00,0xE8,0x17,0x00,0x00,0x03,0x00,
0x00,0x00,0x02,0x00,0x00,0x00,0x00,0x00,0x38,0x19,0x00,0x00,0x80,0x07,0x00,0x00,0x08,0x00,0x00,0x00,
0x02,0x00,0x5F,0x5F,0x78,0x69,0x5F,0x61,0x00,0x00,0x08,0x18,0x00,0x00,0x03,0x00,0x00,0x00,0x02,0x00,
0x00,0x00,0x00,0x00,0x4B,0x19,0x00,0x00,0x18,0x3F,0x00,0x00,0x01,0x00,0x00,0x00,0x02,0x00,0x00,0x00,
0x00,0x00,0x5F,0x19,0x00,0x00,0x60,0x3E,0x00,0x00,0x01,0x00,0x20,0x00,0x02,0x00,0x00,0x00,0x00,0x00,
0x6E,0x19,0x00,0x00,0x30,0x05,0x00,0x00,0x08,0x00,0x00,0x00,0x02,0x00,0x00,0x00,0x00,0x00,0x7A,0x19,
0x00,0x00,0xF8,0x05,0x00,0x00,0x08,0x00,0x00,0x00,0x02,0x00,0x00,0x00,0x00,0x00,0x8C,0x19,0x00,0x00,
0xD0,0x17,0x00,0x00,0x03,0x00,0x00,0x00,0x02,0x00,0x00,0x00,0x00,0x00,0xAD,0x19,0x00,0x00,0x68,0x3F,
0x00,0x00,0x01,0x00,0x00,0x00,0x02,0x00,0x5F,0x5F,0x78,0x63,0x5F,0x61,0x00,0x00,0xF8,0x17,0x00,0x00,
0x03,0x00,0x00,0x00,0x02,0x00,0x00,0x00,0x00,0x00,0xC2,0x19,0x00,0x00,0xB8,0x05,0x00,0x00,0x08,0x00,
0x00,0x00,0x02,0x00,0x00,0x00,0x00,0x00,0xD9,0x19,0x00,0x00,0x00,0x00,0x10,0x00,0xFF,0xFF,0x00,0x00,
0x02,0x00,0x00,0x00,0x00,0x00,0xF2,0x19,0x00,0x00,0x38,0x18,0x00,0x00,0x03,0x00,0x00,0x00,0x02,0x00,
0x00,0x00,0x00,0x00,0x04,0x1A,0x00,0x00,0x18,0x21,0x00,0x00,0x01,0x00,0x00,0x00,0x02,0x00,0x00,0x00,
0x00,0x00,0x11,0x1A,0x00,0x00,0x02,0x00,0x00,0x00,0xFF,0xFF,0x00,0x00,0x02,0x00,0x00,0x00,0x00,0x00,
0x1F,0x1A,0x00,0x00,0x38,0x21,0x00,0x00,0x01,0x00,0x00,0x00,0x02,0x00,0x5F,0x66,0x6D,0x6F,0x64,0x65,
0x00,0x00,0x30,0x01,0x00,0x00,0x07,0x00,0x00,0x00,0x02,0x00,0x00,0x00,0x00,0x00,0x2C,0x1A,0x00,0x00,
0x38,0x05,0x00,0x00,0x08,0x00,0x00,0x00,0x02,0x00,0x00,0x00,0x00,0x00,0x3E,0x1A,0x00,0x00,0xC0,0x3E,
0x00,0x00,0x01,0x00,0x20,0x00,0x02,0x00,0x00,0x00,0x00,0x00,0x4F,0x1A,0x00,0x00,0xD0,0x0C,0x00,0x00,
0x03,0x00,0x00,0x00,0x02,0x00,0x00,0x00,0x00,0x00,0x60,0x1A,0x00,0x00,0x60,0x05,0x00,0x00,0x08,0x00,
0x00,0x00,0x02,0x00,0x00,0x00,0x00,0x00,0x70,0x1A,0x00,0x00,0x70,0x06,0x00,0x00,0x08,0x00,0x00,0x00,
0x02,0x00,0x00,0x00,0x00,0x00,0x83,0x1A,0x00,0x00,0x10,0x06,0x00,0x00,0x08,0x00,0x00,0x00,0x02,0x00,
0x00,0x00,0x00,0x00,0x95,0x1A,0x00,0x00,0x14,0x0E,0x00,0x00,0x08,0x00,0x00,0x00,0x02,0x00,0x00,0x00,
0x00,0x00,0xCA,0x1A,0x00,0x00,0x50,0x3F,0x00,0x00,0x01,0x00,0x00,0x00,0x02,0x00,0x00,0x00,0x00,0x00,
0xDE,0x1A,0x00,0x00,0xB0,0x04,0x00,0x00,0x08,0x00,0x00,0x00,0x02,0x00,0x00,0x00,0x00,0x00,0xF0,0x1A,
0x00,0x00,0x20,0x3E,0x00,0x00,0x01,0x00,0x20,0x00,0x02,0x00,0x00,0x00,0x00,0x00,0xFB,0x1A,0x00,0x00,
0xD0,0x17,0x00,0x00,0x03,0x00,0x00,0x00,0x02,0x00,0x00,0x00,0x00,0x00,0x1A,0x1B,0x00,0x00,0xD0,0x04,
0x00,0x00,0x08,0x00,0x00,0x00,0x02,0x00,0x00,0x00,0x00,0x00,0x33,0x1B,0x00,0x00,0x40,0x05,0x00,0x00,
0x08,0x00,0x00,0x00,0x02,0x00,0x5F,0x5F,0x78,0x6C,0x5F,0x63,0x00,0x00,0x20,0x18,0x00,0x00,0x03,0x00,
0x00,0x00,0x02,0x00,0x00,0x00,0x00,0x00,0x48,0x1B,0x00,0x00,0x48,0x21,0x00,0x00,0x01,0x00,0x00,0x00,
0x02,0x00,0x00,0x00,0x00,0x00,0x55,0x1B,0x00,0x00,0x70,0x3E,0x00,0x00,0x01,0x00,0x20,0x00,0x02,0x00,
0x00,0x00,0x00,0x00,0x61,0x1B,0x00,0x00,0x78,0x21,0x00,0x00,0x01,0x00,0x00,0x00,0x02,0x00,0x00,0x00,
0x00,0x00,0x72,0x1B,0x00,0x00,0x10,0x00,0x00,0x00,0x09,0x00,0x00,0x00,0x02,0x00,0x00,0x00,0x00,0x00,
0x7F,0x1B,0x00,0x00,0xE0,0x3F,0x00,0x00,0x01,0x00,0x00,0x00,0x02,0x00,0x00,0x00,0x00,0x00,0x8E,0x1B,
0x00,0x00,0x48,0x05,0x00,0x00,0x08,0x00,0x00,0x00,0x02,0x00,0x00,0x00,0x00,0x00,0xA1,0x1B,0x00,0x00,
0x30,0x06,0x00,0x00,0x08,0x00,0x00,0x00,0x02,0x00,0x00,0x00,0x00,0x00,0xB1,0x1B,0x00,0x00,0xB0,0x3F,
0x00,0x00,0x01,0x00,0x00,0x00,0x02,0x00,0x00,0x00,0x00,0x00,0xC4,0x1B,0x00,0x00,0x50,0x04,0x00,0x00,
0x08,0x00,0x00,0x00,0x02,0x00,0x00,0x00,0x00,0x00,0xDB,0x1B,0x00,0x00,0x90,0x06,0x00,0x00,0x08,0x00,
0x00,0x00,0x02,0x00,0x00,0x00,0x00,0x00,0xE8,0x1B,0x00,0x00,0x30,0x00,0x00,0x00,0x02,0x00,0x00,0x00,
0x02,0x00,0x00,0x00,0x00,0x00,0xF4,0x1B,0x00,0x00,0xE8,0x00,0x00,0x00,0x07,0x00,0x00,0x00,0x02,0x00,
0x00,0x00,0x00,0x00,0x0D,0x1C,0x00,0x00,0x78,0x0F,0x00,0x00,0x08,0x00,0x00,0x00,0x02,0x00,0x00,0x00,
0x00,0x00,0x3C,0x1C,0x00,0x00,0x10,0x21,0x00,0x00,0x01,0x00,0x00,0x00,0x02,0x00,0x00,0x00,0x00,0x00,
0x46,0x1C,0x00,0x00,0xC8,0x08,0x00,0x00,0x03,0x00,0x00,0x00,0x02,0x00,0x00,0x00,0x00,0x00,0x5E,0x1C,
0x00,0x00,0x20,0x21,0x00,0x00,0x01,0x00,0x00,0x00,0x02,0x00,0x00,0x00,0x00,0x00,0x6F,0x1C,0x00,0x00,
0x68,0x04,0x00,0x00,0x08,0x00,0x00,0x00,0x02,0x00,0x00,0x00,0x00,0x00,0x81,0x1C,0x00,0x00,0xDC,0x00,
0x00,0x00,0x08,0x00,0x00,0x00,0x02,0x00,0x00,0x00,0x00,0x00,0x99,0x1C,0x00,0x00,0x4C,0x0E,0x00,0x00,
0x08,0x00,0x00,0x00,0x02,0x00,0x5F,0x6E,0x65,0x77,0x6D,0x6F,0x64,0x65,0xD0,0x00,0x00,0x00,0x07,0x00,
0x00,0x00,0x02,0x00,0x00,0x00,0x00,0x00,0xC7,0x1C,0x00,0x00,0x68,0x3E,0x00,0x00,0x01,0x00,0x20,0x00,
0x02,0x00,0x66,0x77,0x72,0x69,0x74,0x65,0x00,0x00,0x10,0x3E,0x00,0x00,0x01,0x00,0x20,0x00,0x02,0x00,
0x00,0x00,0x00,0x00,0xD1,0x1C,0x00,0x00,0x58,0x04,0x00,0x00,0x08,0x00,0x00,0x00,0x02,0x00,0x00,0x00,
0x00,0x00,0xE8,0x1C,0x00,0x00,0x50,0x05,0x00,0x00,0x08,0x00,0x00,0x00,0x02,0x00,0x00,0x00,0x00,0x00,
0x02,0x1D,0x00,0x00,0xE8,0x06,0x00,0x00,0x08,0x00,0x00,0x00,0x02,0x00,0x00,0x00,0x00,0x00,0x10,0x1D,
0x00,0x00,0xF0,0x0C,0x00,0x00,0x03,0x00,0x00,0x00,0x02,0x00,0x00,0x00,0x00,0x00,0x1F,0x1D,0x00,0x00,
0x68,0x06,0x00,0x00,0x08,0x00,0x00,0x00,0x02,0x00,0x00,0x00,0x00,0x00,0x35,0x1D,0x00,0x00,0x00,0x00,
0x00,0x00,0xFF,0xFF,0x00,0x00,0x02,0x00,0x00,0x00,0x00,0x00,0x4D,0x1D,0x00,0x00,0x20,0x3F,0x00,0x00,
0x01,0x00,0x00,0x00,0x02,0x00,0x00,0x00,0x00,0x00,0x61,0x1D,0x00,0x00,0x00,0x00,0x00,0x00,0xFF,0xFF,
0x00,0x00,0x02,0x00,0x00,0x00,0x00,0x00,0x72,0x1D,0x00,0x00,0xB0,0x3B,0x00,0x00,0x01,0x00,0x00,0x00,
0x02,0x00,0x00,0x00,0x00,0x00,0x7F,0x1D,0x00,0x00,0xC8,0x00,0x00,0x00,0x07,0x00,0x00,0x00,0x02,0x00,
0x00,0x00,0x00,0x00,0x95,0x1D,0x00,0x00,0xE8,0x3F,0x00,0x00,0x01,0x00,0x00,0x00,0x02,0x00,0x00,0x00,
0x00,0x00,0xA1,0x1D,0x00,0x00,0xC8,0x3D,0x00,0x00,0x01,0x00,0x20,0x00,0x02,0x00,0x00,0x00,0x00,0x00,
0xAE,0x1D,0x00,0x00,0x88,0x3F,0x00,0x00,0x01,0x00,0x00,0x00,0x02,0x00,0x00,0x00,0x00,0x00,0xBE,0x1D,
0x00,0x00,0x00,0x07,0x00,0x00,0x08,0x00,0x00,0x00,0x02,0x00,0x00,0x00,0x00,0x00,0xCB,0x1D,0x00,0x00,
0xD0,0x17,0x00,0x00,0x03,0x00,0x00,0x00,0x02,0x00,0x00,0x00,0x00,0x00,0xDD,0x1D,0x00,0x00,0x28,0x21,
0x00,0x00,0x01,0x00,0x00,0x00,0x02,0x00,0x65,0x78,0x69,0x74,0x00,0x00,0x00,0x00,0x88,0x3E,0x00,0x00,
0x01,0x00,0x20,0x00,0x02,0x00,0x00,0x00,0x00,0x00,0xE8,0x1D,0x00,0x00,0x02,0x00,0x00,0x00,0xFF,0xFF,
0x00,0x00,0x02,0x00,0x00,0x00,0x00,0x00,0x04,0x1E,0x00,0x00,0x98,0x06,0x00,0x00,0x08,0x00,0x00,0x00,
0x02,0x00,0x00,0x00,0x00,0x00,0x11,0x1E,0x00,0x00,0x00,0x00,0x00,0x00,0xFF,0xFF,0x00,0x00,0x02,0x00,
0x00,0x00,0x00,0x00,0x29,0x1E,0x00,0x00,0x28,0x06,0x00,0x00,0x08,0x00,0x00,0x00,0x02,0x00,0x00,0x00,
0x00,0x00,0x3E,0x1E,0x00,0x00,0x58,0x21,0x00,0x00,0x01,0x00,0x00,0x00,0x02,0x00,0x00,0x00,0x00,0x00,
0x49,0x1E,0x00,0x00,0x10,0x07,0x00,0x00,0x08,0x00,0x00,0x00,0x02,0x00,0x5F,0x65,0x78,0x69,0x74,0x00,
0x00,0x00,0x50,0x3E,0x00,0x00,0x01,0x00,0x20,0x00,0x02,0x00,0x77,0x63,0x73,0x63,0x61,0x74,0x00,0x00,
0xA0,0x3D,0x00,0x00,0x01,0x00,0x20,0x00,0x02,0x00,0x00,0x00,0x00,0x00,0x5F,0x1E,0x00,0x00,0xA0,0x06,
0x00,0x00,0x08,0x00,0x00,0x00,0x02,0x00,0x00,0x00,0x00,0x00,0x6B,0x1E,0x00,0x00,0x90,0x0C,0x00,0x00,
0x03,0x00,0x00,0x00,0x02,0x00,0x00,0x00,0x00,0x00,0x7A,0x1E,0x00,0x00,0x40,0x3E,0x00,0x00,0x01,0x00,
0x20,0x00,0x02,0x00,0x73,0x74,0x72,0x6C,0x65,0x6E,0x00,0x00,0x90,0x3D,0x00,0x00,0x01,0x00,0x20,0x00,
0x02,0x00,0x00,0x00,0x00,0x00,0x91,0x1E,0x00,0x00,0x10,0x05,0x00,0x00,0x08,0x00,0x00,0x00,0x02,0x00,
0x00,0x00,0x00,0x00,0xA4,0x1E,0x00,0x00,0xC0,0x0C,0x00,0x00,0x03,0x00,0x00,0x00,0x02,0x00,0x00,0x00,
0x00,0x00,0xB3,0x1E,0x00,0x00,0x48,0x3E,0x00,0x00,0x01,0x00,0x20,0x00,0x02,0x00,0x00,0x00,0x00,0x00,
0xBF,0x1E,0x00,0x00,0xA0,0x0B,0x00,0x00,0x03,0x00,0x00,0x00,0x02,0x00,0x00,0x00,0x00,0x00,0xE4,0x1E,
0x00,0x00,0xC0,0x3F,0x00,0x00,0x01,0x00,0x00,0x00,0x02,0x00,0x00,0x00,0x00,0x00,0xF0,0x1E,0x00,0x00,
0xD8,0x3F,0x00,0x00,0x01,0x00,0x00,0x00,0x02,0x00,0x00,0x00,0x00,0x00,0x06,0x1F,0x00,0x00,0x30,0x07,
0x00,0x00,0x08,0x00,0x00,0x00,0x02,0x00,0x00,0x00,0x00,0x00,0x18,0x1F,0x00,0x00,0x68,0x21,0x00,0x00,
0x01,0x00,0x00,0x00,0x02,0x00,0x00,0x00,0x00,0x00,0x24,0x1F,0x00,0x00,0x08,0x06,0x00,0x00,0x08,0x00,
0x00,0x00,0x02,0x00,0x00,0x00,0x00,0x00,0x41,0x1F,0x00,0x00,0xA0,0x00,0x00,0x00,0x08,0x00,0x00,0x00,
0x02,0x00,0x00,0x00,0x00,0x00,0x70,0x1F,0x00,0x00,0xD0,0x17,0x00,0x00,0x03,0x00,0x00,0x00,0x02,0x00,
0x00,0x00,0x00,0x00,0x92,0x1F,0x00,0x00,0xA8,0x05,0x00,0x00,0x08,0x00,0x00,0x00,0x02,0x00,0x00,0x00,
0x00,0x00,0xAC,0x1F,0x00,0x00,0x00,0x00,0x00,0x00,0x00,0x00,0x20,0x00,0x02,0x01,0x18,0x00,0x00,0x00,
0x01,0x00,0x00,0x00,0x00,0x00,0x00,0x00,0x00,0x00,0x00,0x00,0x00,0x00,0x00,0x00,0x00,0x00,0xC2,0x1F,
0x00,0x00,0x68,0x07,0x00,0x00,0x08,0x00,0x00,0x00,0x02,0x00,0x00,0x00,0x00,0x00,0xD7,0x1F,0x00,0x00,
0xA0,0x0C,0x00,0x00,0x03,0x00,0x00,0x00,0x02,0x00,0x00,0x00,0x00,0x00,0xE6,0x1F,0x00,0x00,0x38,0x18,
0x00,0x00,0x03,0x00,0x00,0x00,0x02,0x00,0x00,0x00,0x00,0x00,0xF6,0x1F,0x00,0x00,0xA8,0x21,0x00,0x00,
0x01,0x00,0x00,0x00,0x02,0x00,0x00,0x00,0x00,0x00,0x07,0x20,0x00,0x00,0xD8,0x3D,0x00,0x00,0x01,0x00,
0x20,0x00,0x02,0x00,0x00,0x00,0x00,0x00,0x1F,0x20,0x00,0x00,0xA8,0x06,0x00,0x00,0x08,0x00,0x00,0x00,
0x02,0x00,0x66,0x72,0x65,0x65,0x00,0x00,0x00,0x00,0xF0,0x3E,0x00,0x00,0x01,0x00,0x20,0x00,0x02,0x00,
0x00,0x00,0x00,0x00,0x2B,0x20,0x00,0x00,0x70,0x0E,0x00,0x00,0x08,0x00,0x00,0x00,0x02,0x00,0x00,0x00,
0x00,0x00,0x5B,0x20,0x00,0x00,0x00,0x01,0x00,0x00,0x07,0x00,0x00,0x00,0x02,0x00,0x6C,0x20,0x00,0x00,
0x2E,0x65,0x68,0x5F,0x66,0x72,0x61,0x6D,0x65,0x00,0x2E,0x64,0x65,0x62,0x75,0x67,0x5F,0x61,0x72,0x61,
0x6E,0x67,0x65,0x73,0x00,0x2E,0x64,0x65,0x62,0x75,0x67,0x5F,0x69,0x6E,0x66,0x6F,0x00,0x2E,0x64,0x65,
0x62,0x75,0x67,0x5F,0x61,0x62,0x62,0x72,0x65,0x76,0x00,0x2E,0x64,0x65,0x62,0x75,0x67,0x5F,0x6C,0x69,
0x6E,0x65,0x00,0x2E,0x64,0x65,0x62,0x75,0x67,0x5F,0x66,0x72,0x61,0x6D,0x65,0x00,0x2E,0x64,0x65,0x62,
0x75,0x67,0x5F,0x73,0x74,0x72,0x00,0x2E,0x64,0x65,0x62,0x75,0x67,0x5F,0x6C,0x69,0x6E,0x65,0x5F,0x73,
0x74,0x72,0x00,0x6D,0x61,0x6E,0x61,0x67,0x65,0x64,0x61,0x70,0x70,0x00,0x68,0x61,0x73,0x5F,0x63,0x63,
0x74,0x6F,0x72,0x00,0x5F,0x5F,0x6D,0x69,0x6E,0x67,0x77,0x5F,0x69,0x6E,0x76,0x61,0x6C,0x69,0x64,0x50,
0x61,0x72,0x61,0x6D,0x65,0x74,0x65,0x72,0x48,0x61,0x6E,0x64,0x6C,0x65,0x72,0x00,0x73,0x61,0x66,0x65,
0x5F,0x66,0x6C,0x75,0x73,0x68,0x00,0x57,0x69,0x6E,0x4D,0x61,0x69,0x6E,0x43,0x52,0x54,0x53,0x74,0x61,
0x72,0x74,0x75,0x70,0x00,0x2E,0x6C,0x5F,0x73,0x74,0x61,0x72,0x74,0x77,0x00,0x2E,0x72,0x64,0x61,0x74,
0x61,0x24,0x2E,0x72,0x65,0x66,0x70,0x74,0x72,0x2E,0x5F,0x5F,0x6D,0x69,0x6E,0x67,0x77,0x5F,0x61,0x70,
0x70,0x5F,0x74,0x79,0x70,0x65,0x00,0x6D,0x61,0x69,0x6E,0x43,0x52,0x54,0x53,0x74,0x61,0x72,0x74,0x75,
0x70,0x00,0x5F,0x5F,0x74,0x6D,0x61,0x69,0x6E,0x43,0x52,0x54,0x53,0x74,0x61,0x72,0x74,0x75,0x70,0x00,
0x2E,0x72,0x64,0x61,0x74,0x61,0x24,0x2E,0x72,0x65,0x66,0x70,0x74,0x72,0x2E,0x5F,0x5F,0x6E,0x61,0x74,
0x69,0x76,0x65,0x5F,0x73,0x74,0x61,0x72,0x74,0x75,0x70,0x5F,0x6C,0x6F,0x63,0x6B,0x00,0x2E,0x72,0x64,
0x61,0x74,0x61,0x24,0x2E,0x72,0x65,0x66,0x70,0x74,0x72,0x2E,0x5F,0x5F,0x6E,0x61,0x74,0x69,0x76,0x65,
0x5F,0x73,0x74,0x61,0x72,0x74,0x75,0x70,0x5F,0x73,0x74,0x61,0x74,0x65,0x00,0x2E,0x72,0x64,0x61,0x74,
0x61,0x24,0x2E,0x72,0x65,0x66,0x70,0x74,0x72,0x2E,0x5F,0x67,0x6E,0x75,0x5F,0x65,0x78,0x63,0x65,0x70,
0x74,0x69,0x6F,0x6E,0x5F,0x68,0x61,0x6E,0x64,0x6C,0x65,0x72,0x00,0x2E,0x72,0x64,0x61,0x74,0x61,0x24,
0x2E,0x72,0x65,0x66,0x70,0x74,0x72,0x2E,0x5F,0x5F,0x6D,0x69,0x6E,0x67,0x77,0x5F,0x6F,0x6C,0x64,0x65,
0x78,0x63,0x70,0x74,0x5F,0x68,0x61,0x6E,0x64,0x6C,0x65,0x72,0x00,0x2E,0x72,0x64,0x61,0x74,0x61,0x24,
0x2E,0x72,0x65,0x66,0x70,0x74,0x72,0x2E,0x5F,0x66,0x6D,0x6F,0x64,0x65,0x00,0x2E,0x72,0x64,0x61,0x74,
0x61,0x24,0x2E,0x72,0x65,0x66,0x70,0x74,0x72,0x2E,0x5F,0x63,0x6F,0x6D,0x6D,0x6F,0x64,0x65,0x00,0x2E,
0x72,0x64,0x61,0x74,0x61,0x24,0x2E,0x72,0x65,0x66,0x70,0x74,0x72,0x2E,0x5F,0x4D,0x49,0x4E,0x47,0x57,
0x5F,0x49,0x4E,0x53,0x54,0x41,0x4C,0x4C,0x5F,0x44,0x45,0x42,0x55,0x47,0x5F,0x4D,0x41,0x54,0x48,0x45,
0x52,0x52,0x00,0x2E,0x72,0x64,0x61,0x74,0x61,0x24,0x2E,0x72,0x65,0x66,0x70,0x74,0x72,0x2E,0x5F,0x6D,
0x61,0x74,0x68,0x65,0x72,0x72,0x00,0x2E,0x72,0x64,0x61,0x74,0x61,0x24,0x2E,0x72,0x65,0x66,0x70,0x74,
0x72,0x2E,0x5F,0x5F,0x67,0x6C,0x6F,0x62,0x61,0x6C,0x6C,0x6F,0x63,0x61,0x6C,0x65,0x73,0x74,0x61,0x74,
0x75,0x73,0x00,0x2E,0x72,0x64,0x61,0x74,0x61,0x24,0x2E,0x72,0x65,0x66,0x70,0x74,0x72,0x2E,0x5F,0x5F,
0x78,0x69,0x5F,0x7A,0x00,0x2E,0x72,0x64,0x61,0x74,0x61,0x24,0x2E,0x72,0x65,0x66,0x70,0x74,0x72,0x2E,
0x5F,0x5F,0x78,0x69,0x5F,0x61,0x00,0x2E,0x72,0x64,0x61,0x74,0x61,0x24,0x2E,0x72,0x65,0x66,0x70,0x74,
0x72,0x2E,0x5F,0x6E,0x65,0x77,0x6D,0x6F,0x64,0x65,0x00,0x2E,0x72,0x64,0x61,0x74,0x61,0x24,0x2E,0x72,
0x65,0x66,0x70,0x74,0x72,0x2E,0x5F,0x64,0x6F,0x77,0x69,0x6C,0x64,0x63,0x61,0x72,0x64,0x00,0x2E,0x72,
0x64,0x61,0x74,0x61,0x24,0x2E,0x72,0x65,0x66,0x70,0x74,0x72,0x2E,0x5F,0x5F,0x78,0x63,0x5F,0x7A,0x00,
0x2E,0x72,0x64,0x61,0x74,0x61,0x24,0x2E,0x72,0x65,0x66,0x70,0x74,0x72,0x2E,0x5F,0x5F,0x78,0x63,0x5F,
0x61,0x00,0x2E,0x72,0x64,0x61,0x74,0x61,0x24,0x2E,0x72,0x65,0x66,0x70,0x74,0x72,0x2E,0x5F,0x5F,0x64,
0x79,0x6E,0x5F,0x74,0x6C,0x73,0x5F,0x69,0x6E,0x69,0x74,0x5F,0x63,0x61,0x6C,0x6C,0x62,0x61,0x63,0x6B,
0x00,0x63,0x68,0x65,0x63,0x6B,0x5F,0x6D,0x61,0x6E,0x61,0x67,0x65,0x64,0x5F,0x61,0x70,0x70,0x00,0x2E,
0x72,0x64,0x61,0x74,0x61,0x24,0x2E,0x72,0x65,0x66,0x70,0x74,0x72,0x2E,0x5F,0x5F,0x6D,0x69,0x6E,0x67,
0x77,0x5F,0x69,0x6E,0x69,0x74,0x6C,0x74,0x73,0x64,0x72,0x6F,0x74,0x5F,0x66,0x6F,0x72,0x63,0x65,0x00,
0x2E,0x72,0x64,0x61,0x74,0x61,0x24,0x2E,0x72,0x65,0x66,0x70,0x74,0x72,0x2E,0x5F,0x5F,0x6D,0x69,0x6E,
0x67,0x77,0x5F,0x69,0x6E,0x69,0x74,0x6C,0x74,0x73,0x64,0x79,0x6E,0x5F,0x66,0x6F,0x72,0x63,0x65,0x00,
0x2E,0x72,0x64,0x61,0x74,0x61,0x24,0x2E,0x72,0x65,0x66,0x70,0x74,0x72,0x2E,0x5F,0x5F,0x6D,0x69,0x6E,
0x67,0x77,0x5F,0x69,0x6E,0x69,0x74,0x6C,0x74,0x73,0x73,0x75,0x6F,0x5F,0x66,0x6F,0x72,0x63,0x65,0x00,
0x2E,0x72,0x64,0x61,0x74,0x61,0x24,0x2E,0x72,0x65,0x66,0x70,0x74,0x72,0x2E,0x5F,0x5F,0x49,0x6D,0x61,
0x67,0x65,0x42,0x61,0x73,0x65,0x00,0x64,0x75,0x70,0x6C,0x69,0x63,0x61,0x74,0x65,0x5F,0x70,0x70,0x73,
0x74,0x72,0x69,0x6E,0x67,0x73,0x00,0x2E,0x72,0x64,0x61,0x74,0x61,0x24,0x7A,0x7A,0x7A,0x00,0x5F,0x5F,
0x45,0x48,0x5F,0x46,0x52,0x41,0x4D,0x45,0x5F,0x42,0x45,0x47,0x49,0x4E,0x5F,0x5F,0x00,0x64,0x65,0x72,
0x65,0x67,0x69,0x73,0x74,0x65,0x72,0x5F,0x66,0x72,0x61,0x6D,0x65,0x5F,0x66,0x6E,0x00,0x5F,0x5F,0x67,
0x63,0x63,0x5F,0x72,0x65,0x67,0x69,0x73,0x74,0x65,0x72,0x5F,0x66,0x72,0x61,0x6D,0x65,0x00,0x5F,0x5F,
0x67,0x63,0x63,0x5F,0x64,0x65,0x72,0x65,0x67,0x69,0x73,0x74,0x65,0x72,0x5F,0x66,0x72,0x61,0x6D,0x65,
0x00,0x2E,0x65,0x68,0x5F,0x66,0x72,0x61,0x6D,0x65,0x00,0x73,0x61,0x76,0x65,0x5F,0x66,0x69,0x6C,0x65,
0x00,0x72,0x75,0x6E,0x5F,0x70,0x72,0x6F,0x67,0x72,0x61,0x6D,0x2E,0x69,0x73,0x72,0x61,0x2E,0x30,0x00,
0x68,0x69,0x67,0x68,0x6C,0x69,0x67,0x68,0x74,0x5F,0x61,0x6C,0x6C,0x2E,0x70,0x61,0x72,0x74,0x2E,0x30,
0x00,0x6F,0x70,0x65,0x6E,0x5F,0x66,0x69,0x6C,0x65,0x00,0x5F,0x5F,0x64,0x6F,0x5F,0x67,0x6C,0x6F,0x62,
0x61,0x6C,0x5F,0x64,0x74,0x6F,0x72,0x73,0x00,0x5F,0x5F,0x64,0x6F,0x5F,0x67,0x6C,0x6F,0x62,0x61,0x6C,
0x5F,0x63,0x74,0x6F,0x72,0x73,0x00,0x2E,0x72,0x64,0x61,0x74,0x61,0x24,0x2E,0x72,0x65,0x66,0x70,0x74,
0x72,0x2E,0x5F,0x5F,0x43,0x54,0x4F,0x52,0x5F,0x4C,0x49,0x53,0x54,0x5F,0x5F,0x00,0x69,0x6E,0x69,0x74,
0x69,0x61,0x6C,0x69,0x7A,0x65,0x64,0x00,0x5F,0x5F,0x64,0x79,0x6E,0x5F,0x74,0x6C,0x73,0x5F,0x69,0x6E,
0x69,0x74,0x00,0x2E,0x72,0x64,0x61,0x74,0x61,0x24,0x2E,0x72,0x65,0x66,0x70,0x74,0x72,0x2E,0x5F,0x43,
0x52,0x54,0x5F,0x4D,0x54,0x00,0x5F,0x5F,0x74,0x6C,0x72,0x65,0x67,0x64,0x74,0x6F,0x72,0x00,0x5F,0x5F,
0x64,0x79,0x6E,0x5F,0x74,0x6C,0x73,0x5F,0x64,0x74,0x6F,0x72,0x00,0x5F,0x5F,0x72,0x65,0x70,0x6F,0x72,
0x74,0x5F,0x65,0x72,0x72,0x6F,0x72,0x00,0x6D,0x61,0x78,0x53,0x65,0x63,0x74,0x69,0x6F,0x6E,0x73,0x00,
0x6D,0x61,0x72,0x6B,0x5F,0x73,0x65,0x63,0x74,0x69,0x6F,0x6E,0x5F,0x77,0x72,0x69,0x74,0x61,0x62,0x6C,
0x65,0x00,0x72,0x65,0x73,0x74,0x6F,0x72,0x65,0x5F,0x6D,0x6F,0x64,0x69,0x66,0x69,0x65,0x64,0x5F,0x73,
0x65,0x63,0x74,0x69,0x6F,0x6E,0x73,0x00,0x5F,0x5F,0x77,0x72,0x69,0x74,0x65,0x5F,0x6D,0x65,0x6D,0x6F,
0x72,0x79,0x00,0x64,0x6F,0x5F,0x70,0x73,0x65,0x75,0x64,0x6F,0x5F,0x72,0x65,0x6C,0x6F,0x63,0x00,0x5F,
0x70,0x65,0x69,0x33,0x38,0x36,0x5F,0x72,0x75,0x6E,0x74,0x69,0x6D,0x65,0x5F,0x72,0x65,0x6C,0x6F,0x63,
0x61,0x74,0x6F,0x72,0x00,0x77,0x61,0x73,0x5F,0x69,0x6E,0x69,0x74,0x2E,0x30,0x00,0x2E,0x72,0x64,0x61,
0x74,0x61,0x24,0x2E,0x72,0x65,0x66,0x70,0x74,0x72,0x2E,0x5F,0x5F,0x52,0x55,0x4E,0x54,0x49,0x4D,0x45,
0x5F,0x50,0x53,0x45,0x55,0x44,0x4F,0x5F,0x52,0x45,0x4C,0x4F,0x43,0x5F,0x4C,0x49,0x53,0x54,0x5F,0x45,
0x4E,0x44,0x5F,0x5F,0x00,0x2E,0x72,0x64,0x61,0x74,0x61,0x24,0x2E,0x72,0x65,0x66,0x70,0x74,0x72,0x2E,
0x5F,0x5F,0x52,0x55,0x4E,0x54,0x49,0x4D,0x45,0x5F,0x50,0x53,0x45,0x55,0x44,0x4F,0x5F,0x52,0x45,0x4C,
0x4F,0x43,0x5F,0x4C,0x49,0x53,0x54,0x5F,0x5F,0x00,0x73,0x74,0x55,0x73,0x65,0x72,0x4D,0x61,0x74,0x68,
0x45,0x72,0x72,0x00,0x5F,0x5F,0x6D,0x69,0x6E,0x67,0x77,0x5F,0x72,0x61,0x69,0x73,0x65,0x5F,0x6D,0x61,
0x74,0x68,0x65,0x72,0x72,0x00,0x5F,0x5F,0x6D,0x69,0x6E,0x67,0x77,0x5F,0x73,0x65,0x74,0x75,0x73,0x65,
0x72,0x6D,0x61,0x74,0x68,0x65,0x72,0x72,0x00,0x5F,0x5F,0x6D,0x69,0x6E,0x67,0x77,0x5F,0x53,0x45,0x48,
0x5F,0x65,0x72,0x72,0x6F,0x72,0x5F,0x68,0x61,0x6E,0x64,0x6C,0x65,0x72,0x00,0x5F,0x67,0x6E,0x75,0x5F,
0x65,0x78,0x63,0x65,0x70,0x74,0x69,0x6F,0x6E,0x5F,0x68,0x61,0x6E,0x64,0x6C,0x65,0x72,0x00,0x5F,0x5F,
0x6D,0x69,0x6E,0x67,0x77,0x74,0x68,0x72,0x5F,0x63,0x73,0x00,0x5F,0x5F,0x6D,0x69,0x6E,0x67,0x77,0x74,
0x68,0x72,0x5F,0x63,0x73,0x5F,0x69,0x6E,0x69,0x74,0x00,0x6B,0x65,0x79,0x5F,0x64,0x74,0x6F,0x72,0x5F,
0x6C,0x69,0x73,0x74,0x00,0x5F,0x5F,0x5F,0x77,0x36,0x34,0x5F,0x6D,0x69,0x6E,0x67,0x77,0x74,0x68,0x72,
0x5F,0x61,0x64,0x64,0x5F,0x6B,0x65,0x79,0x5F,0x64,0x74,0x6F,0x72,0x00,0x5F,0x5F,0x5F,0x77,0x36,0x34,
0x5F,0x6D,0x69,0x6E,0x67,0x77,0x74,0x68,0x72,0x5F,0x72,0x65,0x6D,0x6F,0x76,0x65,0x5F,0x6B,0x65,0x79,
0x5F,0x64,0x74,0x6F,0x72,0x00,0x5F,0x5F,0x6D,0x69,0x6E,0x67,0x77,0x74,0x68,0x72,0x5F,0x72,0x75,0x6E,
0x5F,0x6B,0x65,0x79,0x5F,0x64,0x74,0x6F,0x72,0x73,0x00,0x5F,0x5F,0x6D,0x69,0x6E,0x67,0x77,0x5F,0x54,
0x4C,0x53,0x63,0x61,0x6C,0x6C,0x62,0x61,0x63,0x6B,0x00,0x70,0x73,0x65,0x75,0x64,0x6F,0x2D,0x72,0x65,
0x6C,0x6F,0x63,0x2D,0x6C,0x69,0x73,0x74,0x2E,0x63,0x00,0x5F,0x56,0x61,0x6C,0x69,0x64,0x61,0x74,0x65,
0x49,0x6D,0x61,0x67,0x65,0x42,0x61,0x73,0x65,0x00,0x5F,0x46,0x69,0x6E,0x64,0x50,0x45,0x53,0x65,0x63,
0x74,0x69,0x6F,0x6E,0x00,0x5F,0x46,0x69,0x6E,0x64,0x50,0x45,0x53,0x65,0x63,0x74,0x69,0x6F,0x6E,0x42,
0x79,0x4E,0x61,0x6D,0x65,0x00,0x5F,0x5F,0x6D,0x69,0x6E,0x67,0x77,0x5F,0x47,0x65,0x74,0x53,0x65,0x63,
0x74,0x69,0x6F,0x6E,0x46,0x6F,0x72,0x41,0x64,0x64,0x72,0x65,0x73,0x73,0x00,0x5F,0x5F,0x6D,0x69,0x6E,
0x67,0x77,0x5F,0x47,0x65,0x74,0x53,0x65,0x63,0x74,0x69,0x6F,0x6E,0x43,0x6F,0x75,0x6E,0x74,0x00,0x5F,
0x46,0x69,0x6E,0x64,0x50,0x45,0x53,0x65,0x63,0x74,0x69,0x6F,0x6E,0x45,0x78,0x65,0x63,0x00,0x5F,0x47,
0x65,0x74,0x50,0x45,0x49,0x6D,0x61,0x67,0x65,0x42,0x61,0x73,0x65,0x00,0x5F,0x49,0x73,0x4E,0x6F,0x6E,
0x77,0x72,0x69,0x74,0x61,0x62,0x6C,0x65,0x49,0x6E,0x43,0x75,0x72,0x72,0x65,0x6E,0x74,0x49,0x6D,0x61,
0x67,0x65,0x00,0x5F,0x5F,0x6D,0x69,0x6E,0x67,0x77,0x5F,0x65,0x6E,0x75,0x6D,0x5F,0x69,0x6D,0x70,0x6F,
0x72,0x74,0x5F,0x6C,0x69,0x62,0x72,0x61,0x72,0x79,0x5F,0x6E,0x61,0x6D,0x65,0x73,0x00,0x2E,0x64,0x65,
0x62,0x75,0x67,0x5F,0x69,0x6E,0x66,0x6F,0x00,0x2E,0x64,0x65,0x62,0x75,0x67,0x5F,0x61,0x62,0x62,0x72,
0x65,0x76,0x00,0x2E,0x64,0x65,0x62,0x75,0x67,0x5F,0x6C,0x69,0x6E,0x65,0x00,0x2E,0x64,0x65,0x62,0x75,
0x67,0x5F,0x6C,0x69,0x6E,0x65,0x5F,0x73,0x74,0x72,0x00,0x2E,0x64,0x65,0x62,0x75,0x67,0x5F,0x61,0x72,
0x61,0x6E,0x67,0x65,0x73,0x00,0x2E,0x64,0x65,0x62,0x75,0x67,0x5F,0x73,0x74,0x72,0x00,0x2E,0x64,0x65,
0x62,0x75,0x67,0x5F,0x66,0x72,0x61,0x6D,0x65,0x00,0x5F,0x5F,0x6C,0x6F,0x63,0x61,0x6C,0x5F,0x73,0x74,
0x64,0x69,0x6F,0x5F,0x70,0x72,0x69,0x6E,0x74,0x66,0x5F,0x6F,0x70,0x74,0x69,0x6F,0x6E,0x73,0x00,0x75,
0x63,0x72,0x74,0x5F,0x5F,0x5F,0x6C,0x6F,0x63,0x61,0x6C,0x5F,0x73,0x74,0x64,0x69,0x6F,0x5F,0x70,0x72,
0x69,0x6E,0x74,0x66,0x5F,0x6F,0x70,0x74,0x69,0x6F,0x6E,0x73,0x2E,0x63,0x00,0x5F,0x5F,0x70,0x5F,0x5F,
0x5F,0x69,0x6E,0x69,0x74,0x65,0x6E,0x76,0x00,0x2E,0x72,0x64,0x61,0x74,0x61,0x24,0x2E,0x72,0x65,0x66,
0x70,0x74,0x72,0x2E,0x5F,0x5F,0x69,0x6D,0x70,0x5F,0x5F,0x5F,0x69,0x6E,0x69,0x74,0x65,0x6E,0x76,0x00,
0x5F,0x61,0x6D,0x73,0x67,0x5F,0x65,0x78,0x69,0x74,0x00,0x5F,0x5F,0x67,0x65,0x74,0x6D,0x61,0x69,0x6E,
0x61,0x72,0x67,0x73,0x00,0x75,0x63,0x72,0x74,0x5F,0x5F,0x67,0x65,0x74,0x6D,0x61,0x69,0x6E,0x61,0x72,
0x67,0x73,0x2E,0x63,0x00,0x6C,0x6F,0x63,0x61,0x6C,0x5F,0x5F,0x69,0x6E,0x69,0x74,0x65,0x6E,0x76,0x00,
0x5F,0x5F,0x46,0x52,0x41,0x4D,0x45,0x5F,0x45,0x4E,0x44,0x5F,0x5F,0x00,0x72,0x65,0x67,0x69,0x73,0x74,
0x65,0x72,0x5F,0x66,0x72,0x61,0x6D,0x65,0x5F,0x63,0x74,0x6F,0x72,0x00,0x2E,0x74,0x65,0x78,0x74,0x2E,
0x73,0x74,0x61,0x72,0x74,0x75,0x70,0x00,0x2E,0x78,0x64,0x61,0x74,0x61,0x2E,0x73,0x74,0x61,0x72,0x74,
0x75,0x70,0x00,0x2E,0x70,0x64,0x61,0x74,0x61,0x2E,0x73,0x74,0x61,0x72,0x74,0x75,0x70,0x00,0x2E,0x63,
0x74,0x6F,0x72,0x73,0x2E,0x36,0x35,0x35,0x33,0x35,0x00,0x5F,0x5F,0x69,0x6D,0x70,0x5F,0x44,0x69,0x73,
0x70,0x61,0x74,0x63,0x68,0x4D,0x65,0x73,0x73,0x61,0x67,0x65,0x57,0x00,0x5F,0x5F,0x69,0x6D,0x70,0x5F,
0x77,0x63,0x73,0x63,0x61,0x74,0x00,0x5F,0x5F,0x5F,0x52,0x55,0x4E,0x54,0x49,0x4D,0x45,0x5F,0x50,0x53,
0x45,0x55,0x44,0x4F,0x5F,0x52,0x45,0x4C,0x4F,0x43,0x5F,0x4C,0x49,0x53,0x54,0x5F,0x5F,0x00,0x5F,0x5F,
0x69,0x6D,0x70,0x5F,0x47,0x65,0x74,0x53,0x74,0x61,0x72,0x74,0x75,0x70,0x49,0x6E,0x66,0x6F,0x41,0x00,
0x50,0x6F,0x73,0x74,0x51,0x75,0x69,0x74,0x4D,0x65,0x73,0x73,0x61,0x67,0x65,0x00,0x5F,0x5F,0x69,0x6D,
0x70,0x5F,0x61,0x62,0x6F,0x72,0x74,0x00,0x5F,0x5F,0x6C,0x69,0x62,0x36,0x34,0x5F,0x6C,0x69,0x62,0x6B,
0x65,0x72,0x6E,0x65,0x6C,0x33,0x32,0x5F,0x61,0x5F,0x69,0x6E,0x61,0x6D,0x65,0x00,0x5F,0x5F,0x69,0x6D,
0x70,0x5F,0x5F,0x69,0x6E,0x69,0x74,0x74,0x65,0x72,0x6D,0x5F,0x65,0x00,0x5F,0x5F,0x69,0x6D,0x70,0x5F,
0x47,0x65,0x74,0x45,0x6E,0x76,0x69,0x72,0x6F,0x6E,0x6D,0x65,0x6E,0x74,0x56,0x61,0x72,0x69,0x61,0x62,
0x6C,0x65,0x57,0x00,0x5F,0x5F,0x69,0x6D,0x70,0x5F,0x5F,0x5F,0x70,0x5F,0x5F,0x65,0x6E,0x76,0x69,0x72,
0x6F,0x6E,0x00,0x5F,0x5F,0x64,0x61,0x74,0x61,0x5F,0x73,0x74,0x61,0x72,0x74,0x5F,0x5F,0x00,0x5F,0x5F,
0x5F,0x44,0x54,0x4F,0x52,0x5F,0x4C,0x49,0x53,0x54,0x5F,0x5F,0x00,0x5F,0x68,0x65,0x61,0x64,0x5F,0x6C,
0x69,0x62,0x36,0x34,0x5F,0x6C,0x69,0x62,0x61,0x70,0x69,0x5F,0x6D,0x73,0x5F,0x77,0x69,0x6E,0x5F,0x63,
0x72,0x74,0x5F,0x70,0x72,0x69,0x76,0x61,0x74,0x65,0x5F,0x6C,0x31,0x5F,0x31,0x5F,0x30,0x5F,0x61,0x00,
0x53,0x65,0x74,0x55,0x6E,0x68,0x61,0x6E,0x64,0x6C,0x65,0x64,0x45,0x78,0x63,0x65,0x70,0x74,0x69,0x6F,
0x6E,0x46,0x69,0x6C,0x74,0x65,0x72,0x00,0x5F,0x5F,0x69,0x6D,0x70,0x5F,0x50,0x6F,0x73,0x74,0x51,0x75,
0x69,0x74,0x4D,0x65,0x73,0x73,0x61,0x67,0x65,0x00,0x2E,0x72,0x65,0x66,0x70,0x74,0x72,0x2E,0x5F,0x5F,
0x6D,0x69,0x6E,0x67,0x77,0x5F,0x69,0x6E,0x69,0x74,0x6C,0x74,0x73,0x64,0x72,0x6F,0x74,0x5F,0x66,0x6F,
0x72,0x63,0x65,0x00,0x5F,0x5F,0x69,0x6D,0x70,0x5F,0x43,0x72,0x65,0x61,0x74,0x65,0x46,0x69,0x6C,0x65,
0x57,0x00,0x5F,0x5F,0x69,0x6D,0x70,0x5F,0x63,0x61,0x6C,0x6C,0x6F,0x63,0x00,0x5F,0x5F,0x69,0x6D,0x70,
0x5F,0x5F,0x5F,0x70,0x5F,0x5F,0x66,0x6D,0x6F,0x64,0x65,0x00,0x5F,0x5F,0x69,0x6D,0x70,0x5F,0x5F,0x5F,
0x70,0x5F,0x5F,0x5F,0x61,0x72,0x67,0x63,0x00,0x5F,0x5F,0x69,0x6D,0x70,0x5F,0x4C,0x6F,0x61,0x64,0x4C,
0x69,0x62,0x72,0x61,0x72,0x79,0x57,0x00,0x5F,0x5F,0x5F,0x74,0x6C,0x73,0x5F,0x73,0x74,0x61,0x72,0x74,
0x5F,0x5F,0x00,0x2E,0x72,0x65,0x66,0x70,0x74,0x72,0x2E,0x5F,0x5F,0x6E,0x61,0x74,0x69,0x76,0x65,0x5F,
0x73,0x74,0x61,0x72,0x74,0x75,0x70,0x5F,0x73,0x74,0x61,0x74,0x65,0x00,0x5F,0x73,0x65,0x74,0x5F,0x69,
0x6E,0x76,0x61,0x6C,0x69,0x64,0x5F,0x70,0x61,0x72,0x61,0x6D,0x65,0x74,0x65,0x72,0x5F,0x68,0x61,0x6E,
0x64,0x6C,0x65,0x72,0x00,0x47,0x65,0x74,0x4C,0x61,0x73,0x74,0x45,0x72,0x72,0x6F,0x72,0x00,0x5F,0x5F,
0x72,0x74,0x5F,0x70,0x73,0x72,0x65,0x6C,0x6F,0x63,0x73,0x5F,0x73,0x74,0x61,0x72,0x74,0x00,0x2E,0x72,
0x65,0x66,0x70,0x74,0x72,0x2E,0x5F,0x5F,0x67,0x6C,0x6F,0x62,0x61,0x6C,0x6C,0x6F,0x63,0x61,0x6C,0x65,
0x73,0x74,0x61,0x74,0x75,0x73,0x00,0x5F,0x5F,0x69,0x6D,0x70,0x5F,0x52,0x65,0x64,0x72,0x61,0x77,0x57,
0x69,0x6E,0x64,0x6F,0x77,0x00,0x5F,0x5F,0x64,0x6C,0x6C,0x5F,0x63,0x68,0x61,0x72,0x61,0x63,0x74,0x65,
0x72,0x69,0x73,0x74,0x69,0x63,0x73,0x5F,0x5F,0x00,0x5F,0x5F,0x73,0x69,0x7A,0x65,0x5F,0x6F,0x66,0x5F,
0x73,0x74,0x61,0x63,0x6B,0x5F,0x63,0x6F,0x6D,0x6D,0x69,0x74,0x5F,0x5F,0x00,0x5F,0x5F,0x6D,0x69,0x6E,
0x67,0x77,0x5F,0x6D,0x6F,0x64,0x75,0x6C,0x65,0x5F,0x69,0x73,0x5F,0x64,0x6C,0x6C,0x00,0x44,0x65,0x6C,
0x65,0x74,0x65,0x46,0x69,0x6C,0x65,0x57,0x00,0x5F,0x5F,0x73,0x69,0x7A,0x65,0x5F,0x6F,0x66,0x5F,0x73,
0x74,0x61,0x63,0x6B,0x5F,0x72,0x65,0x73,0x65,0x72,0x76,0x65,0x5F,0x5F,0x00,0x5F,0x5F,0x6D,0x61,0x6A,
0x6F,0x72,0x5F,0x73,0x75,0x62,0x73,0x79,0x73,0x74,0x65,0x6D,0x5F,0x76,0x65,0x72,0x73,0x69,0x6F,0x6E,
0x5F,0x5F,0x00,0x5F,0x5F,0x5F,0x63,0x72,0x74,0x5F,0x78,0x6C,0x5F,0x73,0x74,0x61,0x72,0x74,0x5F,0x5F,
0x00,0x5F,0x5F,0x69,0x6D,0x70,0x5F,0x44,0x65,0x6C,0x65,0x74,0x65,0x43,0x72,0x69,0x74,0x69,0x63,0x61,
0x6C,0x53,0x65,0x63,0x74,0x69,0x6F,0x6E,0x00,0x5F,0x5F,0x69,0x6D,0x70,0x5F,0x47,0x65,0x74,0x46,0x69,
0x6C,0x65,0x41,0x74,0x74,0x72,0x69,0x62,0x75,0x74,0x65,0x73,0x57,0x00,0x5F,0x5F,0x69,0x6D,0x70,0x5F,
0x5F,0x73,0x65,0x74,0x5F,0x69,0x6E,0x76,0x61,0x6C,0x69,0x64,0x5F,0x70,0x61,0x72,0x61,0x6D,0x65,0x74,
0x65,0x72,0x5F,0x68,0x61,0x6E,0x64,0x6C,0x65,0x72,0x00,0x52,0x65,0x67,0x69,0x73,0x74,0x65,0x72,0x43,
0x6C,0x61,0x73,0x73,0x57,0x00,0x2E,0x72,0x65,0x66,0x70,0x74,0x72,0x2E,0x5F,0x5F,0x43,0x54,0x4F,0x52,
0x5F,0x4C,0x49,0x53,0x54,0x5F,0x5F,0x00,0x56,0x69,0x72,0x74,0x75,0x61,0x6C,0x51,0x75,0x65,0x72,0x79,
0x00,0x5F,0x5F,0x69,0x6D,0x70,0x5F,0x5F,0x5F,0x70,0x5F,0x5F,0x5F,0x61,0x72,0x67,0x76,0x00,0x5F,0x63,
0x6F,0x6E,0x66,0x69,0x67,0x74,0x68,0x72,0x65,0x61,0x64,0x6C,0x6F,0x63,0x61,0x6C,0x65,0x00,0x5F,0x5F,
0x5F,0x63,0x72,0x74,0x5F,0x78,0x69,0x5F,0x73,0x74,0x61,0x72,0x74,0x5F,0x5F,0x00,0x5F,0x5F,0x69,0x6D,
0x70,0x5F,0x5F,0x61,0x6D,0x73,0x67,0x5F,0x65,0x78,0x69,0x74,0x00,0x5F,0x5F,0x5F,0x63,0x72,0x74,0x5F,
0x78,0x69,0x5F,0x65,0x6E,0x64,0x5F,0x5F,0x00,0x5F,0x5F,0x69,0x6D,0x70,0x5F,0x49,0x73,0x44,0x42,0x43,
0x53,0x4C,0x65,0x61,0x64,0x42,0x79,0x74,0x65,0x00,0x2E,0x72,0x65,0x66,0x70,0x74,0x72,0x2E,0x5F,0x5F,
0x69,0x6D,0x70,0x5F,0x5F,0x5F,0x69,0x6E,0x69,0x74,0x65,0x6E,0x76,0x00,0x5F,0x5F,0x69,0x6D,0x70,0x5F,
0x66,0x74,0x65,0x6C,0x6C,0x00,0x5F,0x74,0x6C,0x73,0x5F,0x73,0x74,0x61,0x72,0x74,0x00,0x5F,0x5F,0x69,
0x6D,0x70,0x5F,0x77,0x73,0x70,0x72,0x69,0x6E,0x74,0x66,0x57,0x00,0x5F,0x5F,0x69,0x6D,0x70,0x5F,0x43,
0x72,0x65,0x61,0x74,0x65,0x50,0x72,0x6F,0x63,0x65,0x73,0x73,0x57,0x00,0x5F,0x5F,0x69,0x6D,0x70,0x5F,
0x47,0x65,0x74,0x54,0x65,0x6D,0x70,0x50,0x61,0x74,0x68,0x57,0x00,0x47,0x65,0x74,0x4D,0x6F,0x64,0x75,
0x6C,0x65,0x46,0x69,0x6C,0x65,0x4E,0x61,0x6D,0x65,0x57,0x00,0x47,0x65,0x74,0x53,0x61,0x76,0x65,0x46,
0x69,0x6C,0x65,0x4E,0x61,0x6D,0x65,0x57,0x00,0x2E,0x72,0x65,0x66,0x70,0x74,0x72,0x2E,0x5F,0x6D,0x61,
0x74,0x68,0x65,0x72,0x72,0x00,0x2E,0x72,0x65,0x66,0x70,0x74,0x72,0x2E,0x5F,0x5F,0x52,0x55,0x4E,0x54,
0x49,0x4D,0x45,0x5F,0x50,0x53,0x45,0x55,0x44,0x4F,0x5F,0x52,0x45,0x4C,0x4F,0x43,0x5F,0x4C,0x49,0x53,
0x54,0x5F,0x5F,0x00,0x5F,0x5F,0x6D,0x69,0x6E,0x67,0x77,0x5F,0x6F,0x6C,0x64,0x65,0x78,0x63,0x70,0x74,
0x5F,0x68,0x61,0x6E,0x64,0x6C,0x65,0x72,0x00,0x43,0x72,0x65,0x61,0x74,0x65,0x46,0x6F,0x6E,0x74,0x57,
0x00,0x5F,0x5F,0x69,0x6D,0x70,0x5F,0x53,0x65,0x6E,0x64,0x4D,0x65,0x73,0x73,0x61,0x67,0x65,0x57,0x00,
0x5F,0x5F,0x69,0x6D,0x70,0x5F,0x52,0x65,0x67,0x69,0x73,0x74,0x65,0x72,0x43,0x6C,0x61,0x73,0x73,0x57,
0x00,0x54,0x6C,0x73,0x47,0x65,0x74,0x56,0x61,0x6C,0x75,0x65,0x00,0x5F,0x5F,0x69,0x6D,0x70,0x5F,0x73,
0x74,0x72,0x63,0x6D,0x70,0x00,0x5F,0x5F,0x6C,0x69,0x62,0x36,0x34,0x5F,0x6C,0x69,0x62,0x67,0x64,0x69,
0x33,0x32,0x5F,0x61,0x5F,0x69,0x6E,0x61,0x6D,0x65,0x00,0x5F,0x5F,0x62,0x73,0x73,0x5F,0x73,0x74,0x61,
0x72,0x74,0x5F,0x5F,0x00,0x5F,0x5F,0x69,0x6D,0x70,0x5F,0x4D,0x75,0x6C,0x74,0x69,0x42,0x79,0x74,0x65,
0x54,0x6F,0x57,0x69,0x64,0x65,0x43,0x68,0x61,0x72,0x00,0x5F,0x5F,0x69,0x6D,0x70,0x5F,0x5F,0x5F,0x43,
0x5F,0x73,0x70,0x65,0x63,0x69,0x66,0x69,0x63,0x5F,0x68,0x61,0x6E,0x64,0x6C,0x65,0x72,0x00,0x5F,0x5F,
0x5F,0x52,0x55,0x4E,0x54,0x49,0x4D,0x45,0x5F,0x50,0x53,0x45,0x55,0x44,0x4F,0x5F,0x52,0x45,0x4C,0x4F,
0x43,0x5F,0x4C,0x49,0x53,0x54,0x5F,0x45,0x4E,0x44,0x5F,0x5F,0x00,0x5F,0x5F,0x6C,0x69,0x62,0x36,0x34,
0x5F,0x6C,0x69,0x62,0x63,0x6F,0x6D,0x64,0x6C,0x67,0x33,0x32,0x5F,0x61,0x5F,0x69,0x6E,0x61,0x6D,0x65,
0x00,0x5F,0x5F,0x73,0x69,0x7A,0x65,0x5F,0x6F,0x66,0x5F,0x68,0x65,0x61,0x70,0x5F,0x63,0x6F,0x6D,0x6D,
0x69,0x74,0x5F,0x5F,0x00,0x5F,0x5F,0x69,0x6D,0x70,0x5F,0x5F,0x5F,0x73,0x74,0x64,0x69,0x6F,0x5F,0x63,
0x6F,0x6D,0x6D,0x6F,0x6E,0x5F,0x76,0x66,0x70,0x72,0x69,0x6E,0x74,0x66,0x00,0x5F,0x5F,0x69,0x6D,0x70,
0x5F,0x47,0x65,0x74,0x4C,0x61,0x73,0x74,0x45,0x72,0x72,0x6F,0x72,0x00,0x2E,0x72,0x65,0x66,0x70,0x74,
0x72,0x2E,0x5F,0x64,0x6F,0x77,0x69,0x6C,0x64,0x63,0x61,0x72,0x64,0x00,0x5F,0x5F,0x69,0x6D,0x70,0x5F,
0x5F,0x69,0x6E,0x69,0x74,0x69,0x61,0x6C,0x69,0x7A,0x65,0x5F,0x6E,0x61,0x72,0x72,0x6F,0x77,0x5F,0x65,
0x6E,0x76,0x69,0x72,0x6F,0x6E,0x6D,0x65,0x6E,0x74,0x00,0x5F,0x5F,0x6D,0x69,0x6E,0x67,0x77,0x5F,0x69,
0x6E,0x69,0x74,0x6C,0x74,0x73,0x64,0x72,0x6F,0x74,0x5F,0x66,0x6F,0x72,0x63,0x65,0x00,0x5F,0x5F,0x69,
0x6D,0x70,0x5F,0x66,0x72,0x65,0x65,0x00,0x5F,0x5F,0x67,0x6C,0x6F,0x62,0x61,0x6C,0x6C,0x6F,0x63,0x61,
0x6C,0x65,0x73,0x74,0x61,0x74,0x75,0x73,0x00,0x4C,0x6F,0x61,0x64,0x4C,0x69,0x62,0x72,0x61,0x72,0x79,
0x41,0x00,0x5F,0x5F,0x6C,0x69,0x62,0x36,0x34,0x5F,0x6C,0x69,0x62,0x61,0x70,0x69,0x5F,0x6D,0x73,0x5F,
0x77,0x69,0x6E,0x5F,0x63,0x72,0x74,0x5F,0x6D,0x61,0x74,0x68,0x5F,0x6C,0x31,0x5F,0x31,0x5F,0x30,0x5F,
0x61,0x5F,0x69,0x6E,0x61,0x6D,0x65,0x00,0x5F,0x5F,0x70,0x5F,0x5F,0x65,0x6E,0x76,0x69,0x72,0x6F,0x6E,
0x00,0x2E,0x72,0x65,0x66,0x70,0x74,0x72,0x2E,0x5F,0x5F,0x6D,0x69,0x6E,0x67,0x77,0x5F,0x61,0x70,0x70,
0x5F,0x74,0x79,0x70,0x65,0x00,0x5F,0x5F,0x6D,0x69,0x6E,0x67,0x77,0x5F,0x69,0x6E,0x69,0x74,0x6C,0x74,
0x73,0x73,0x75,0x6F,0x5F,0x66,0x6F,0x72,0x63,0x65,0x00,0x5F,0x5F,0x69,0x6D,0x70,0x5F,0x47,0x65,0x74,
0x43,0x6C,0x69,0x65,0x6E,0x74,0x52,0x65,0x63,0x74,0x00,0x56,0x69,0x72,0x74,0x75,0x61,0x6C,0x50,0x72,
0x6F,0x74,0x65,0x63,0x74,0x00,0x5F,0x68,0x65,0x61,0x64,0x5F,0x6C,0x69,0x62,0x36,0x34,0x5F,0x6C,0x69,
0x62,0x61,0x70,0x69,0x5F,0x6D,0x73,0x5F,0x77,0x69,0x6E,0x5F,0x63,0x72,0x74,0x5F,0x65,0x6E,0x76,0x69,
0x72,0x6F,0x6E,0x6D,0x65,0x6E,0x74,0x5F,0x6C,0x31,0x5F,0x31,0x5F,0x30,0x5F,0x61,0x00,0x5F,0x5F,0x5F,
0x63,0x72,0x74,0x5F,0x78,0x64,0x5F,0x65,0x6E,0x64,0x5F,0x5F,0x00,0x5F,0x5F,0x5F,0x63,0x72,0x74,0x5F,
0x78,0x70,0x5F,0x73,0x74,0x61,0x72,0x74,0x5F,0x5F,0x00,0x5F,0x5F,0x69,0x6D,0x70,0x5F,0x4C,0x65,0x61,
0x76,0x65,0x43,0x72,0x69,0x74,0x69,0x63,0x61,0x6C,0x53,0x65,0x63,0x74,0x69,0x6F,0x6E,0x00,0x5F,0x5F,
0x69,0x6D,0x70,0x5F,0x5F,0x5F,0x70,0x5F,0x5F,0x5F,0x69,0x6E,0x69,0x74,0x65,0x6E,0x76,0x00,0x5F,0x5F,
0x69,0x6D,0x70,0x5F,0x54,0x72,0x61,0x6E,0x73,0x6C,0x61,0x74,0x65,0x4D,0x65,0x73,0x73,0x61,0x67,0x65,
0x00,0x5F,0x5F,0x43,0x5F,0x73,0x70,0x65,0x63,0x69,0x66,0x69,0x63,0x5F,0x68,0x61,0x6E,0x64,0x6C,0x65,
0x72,0x00,0x5F,0x5F,0x69,0x6D,0x70,0x5F,0x5F,0x77,0x66,0x6F,0x70,0x65,0x6E,0x00,0x2E,0x72,0x65,0x66,
0x70,0x74,0x72,0x2E,0x5F,0x5F,0x6D,0x69,0x6E,0x67,0x77,0x5F,0x6F,0x6C,0x64,0x65,0x78,0x63,0x70,0x74,
0x5F,0x68,0x61,0x6E,0x64,0x6C,0x65,0x72,0x00,0x2E,0x72,0x65,0x66,0x70,0x74,0x72,0x2E,0x5F,0x5F,0x52,
0x55,0x4E,0x54,0x49,0x4D,0x45,0x5F,0x50,0x53,0x45,0x55,0x44,0x4F,0x5F,0x52,0x45,0x4C,0x4F,0x43,0x5F,
0x4C,0x49,0x53,0x54,0x5F,0x45,0x4E,0x44,0x5F,0x5F,0x00,0x44,0x65,0x66,0x57,0x69,0x6E,0x64,0x6F,0x77,
0x50,0x72,0x6F,0x63,0x57,0x00,0x53,0x65,0x74,0x57,0x69,0x6E,0x64,0x6F,0x77,0x54,0x65,0x78,0x74,0x57,
0x00,0x49,0x73,0x44,0x42,0x43,0x53,0x4C,0x65,0x61,0x64,0x42,0x79,0x74,0x65,0x00,0x5F,0x5F,0x69,0x6D,
0x70,0x5F,0x77,0x63,0x73,0x63,0x70,0x79,0x00,0x5F,0x5F,0x5F,0x63,0x72,0x74,0x5F,0x78,0x70,0x5F,0x65,
0x6E,0x64,0x5F,0x5F,0x00,0x5F,0x5F,0x69,0x6D,0x70,0x5F,0x43,0x6C,0x6F,0x73,0x65,0x48,0x61,0x6E,0x64,
0x6C,0x65,0x00,0x5F,0x5F,0x6D,0x69,0x6E,0x6F,0x72,0x5F,0x6F,0x73,0x5F,0x76,0x65,0x72,0x73,0x69,0x6F,
0x6E,0x5F,0x5F,0x00,0x5F,0x5F,0x70,0x5F,0x5F,0x5F,0x61,0x72,0x67,0x76,0x00,0x5F,0x5F,0x6C,0x69,0x62,
0x36,0x34,0x5F,0x6C,0x69,0x62,0x61,0x70,0x69,0x5F,0x6D,0x73,0x5F,0x77,0x69,0x6E,0x5F,0x63,0x72,0x74,
0x5F,0x73,0x74,0x72,0x69,0x6E,0x67,0x5F,0x6C,0x31,0x5F,0x31,0x5F,0x30,0x5F,0x61,0x5F,0x69,0x6E,0x61,
0x6D,0x65,0x00,0x45,0x6E,0x74,0x65,0x72,0x43,0x72,0x69,0x74,0x69,0x63,0x61,0x6C,0x53,0x65,0x63,0x74,
0x69,0x6F,0x6E,0x00,0x5F,0x4D,0x49,0x4E,0x47,0x57,0x5F,0x49,0x4E,0x53,0x54,0x41,0x4C,0x4C,0x5F,0x44,
0x45,0x42,0x55,0x47,0x5F,0x4D,0x41,0x54,0x48,0x45,0x52,0x52,0x00,0x5F,0x73,0x65,0x74,0x5F,0x6E,0x65,
0x77,0x5F,0x6D,0x6F,0x64,0x65,0x00,0x2E,0x72,0x65,0x66,0x70,0x74,0x72,0x2E,0x5F,0x5F,0x78,0x69,0x5F,
0x61,0x00,0x2E,0x72,0x65,0x66,0x70,0x74,0x72,0x2E,0x5F,0x43,0x52,0x54,0x5F,0x4D,0x54,0x00,0x5F,0x68,
0x65,0x61,0x64,0x5F,0x6C,0x69,0x62,0x36,0x34,0x5F,0x6C,0x69,0x62,0x61,0x70,0x69,0x5F,0x6D,0x73,0x5F,
0x77,0x69,0x6E,0x5F,0x63,0x72,0x74,0x5F,0x6D,0x61,0x74,0x68,0x5F,0x6C,0x31,0x5F,0x31,0x5F,0x30,0x5F,
0x61,0x00,0x5F,0x5F,0x69,0x6D,0x70,0x5F,0x4C,0x6F,0x61,0x64,0x43,0x75,0x72,0x73,0x6F,0x72,0x57,0x00,
0x5F,0x5F,0x69,0x6D,0x70,0x5F,0x5F,0x65,0x78,0x69,0x74,0x00,0x5F,0x5F,0x73,0x65,0x63,0x74,0x69,0x6F,
0x6E,0x5F,0x61,0x6C,0x69,0x67,0x6E,0x6D,0x65,0x6E,0x74,0x5F,0x5F,0x00,0x5F,0x5F,0x6E,0x61,0x74,0x69,
0x76,0x65,0x5F,0x64,0x6C,0x6C,0x6D,0x61,0x69,0x6E,0x5F,0x72,0x65,0x61,0x73,0x6F,0x6E,0x00,0x5F,0x5F,
0x6C,0x69,0x62,0x36,0x34,0x5F,0x6C,0x69,0x62,0x61,0x70,0x69,0x5F,0x6D,0x73,0x5F,0x77,0x69,0x6E,0x5F,
0x63,0x72,0x74,0x5F,0x70,0x72,0x69,0x76,0x61,0x74,0x65,0x5F,0x6C,0x31,0x5F,0x31,0x5F,0x30,0x5F,0x61,
0x5F,0x69,0x6E,0x61,0x6D,0x65,0x00,0x5F,0x5F,0x6C,0x69,0x62,0x36,0x34,0x5F,0x6C,0x69,0x62,0x75,0x73,
0x65,0x72,0x33,0x32,0x5F,0x61,0x5F,0x69,0x6E,0x61,0x6D,0x65,0x00,0x5F,0x74,0x6C,0x73,0x5F,0x75,0x73,
0x65,0x64,0x00,0x5F,0x5F,0x5F,0x63,0x72,0x74,0x5F,0x78,0x64,0x5F,0x73,0x74,0x61,0x72,0x74,0x5F,0x5F,
0x00,0x5F,0x5F,0x69,0x6D,0x70,0x5F,0x6D,0x65,0x6D,0x73,0x65,0x74,0x00,0x5F,0x68,0x65,0x61,0x64,0x5F,
0x6C,0x69,0x62,0x36,0x34,0x5F,0x6C,0x69,0x62,0x63,0x6F,0x6D,0x64,0x6C,0x67,0x33,0x32,0x5F,0x61,0x00,
0x5F,0x5F,0x49,0x41,0x54,0x5F,0x65,0x6E,0x64,0x5F,0x5F,0x00,0x5F,0x5F,0x69,0x6D,0x70,0x5F,0x6D,0x65,
0x6D,0x63,0x70,0x79,0x00,0x5F,0x5F,0x52,0x55,0x4E,0x54,0x49,0x4D,0x45,0x5F,0x50,0x53,0x45,0x55,0x44,
0x4F,0x5F,0x52,0x45,0x4C,0x4F,0x43,0x5F,0x4C,0x49,0x53,0x54,0x5F,0x5F,0x00,0x2E,0x77,0x65,0x61,0x6B,
0x2E,0x5F,0x5F,0x72,0x65,0x67,0x69,0x73,0x74,0x65,0x72,0x5F,0x66,0x72,0x61,0x6D,0x65,0x5F,0x69,0x6E,
0x66,0x6F,0x2E,0x68,0x6D,0x6F,0x64,0x5F,0x6C,0x69,0x62,0x67,0x63,0x63,0x00,0x44,0x65,0x6C,0x65,0x74,
0x65,0x4F,0x62,0x6A,0x65,0x63,0x74,0x00,0x5F,0x5F,0x64,0x65,0x72,0x65,0x67,0x69,0x73,0x74,0x65,0x72,
0x5F,0x66,0x72,0x61,0x6D,0x65,0x5F,0x69,0x6E,0x66,0x6F,0x00,0x2E,0x72,0x65,0x66,0x70,0x74,0x72,0x2E,
0x5F,0x6E,0x65,0x77,0x6D,0x6F,0x64,0x65,0x00,0x5F,0x5F,0x70,0x5F,0x5F,0x61,0x63,0x6D,0x64,0x6C,0x6E,
0x00,0x47,0x65,0x74,0x43,0x6C,0x69,0x65,0x6E,0x74,0x52,0x65,0x63,0x74,0x00,0x5F,0x5F,0x64,0x61,0x74,
0x61,0x5F,0x65,0x6E,0x64,0x5F,0x5F,0x00,0x5F,0x5F,0x69,0x6D,0x70,0x5F,0x66,0x77,0x72,0x69,0x74,0x65,
0x00,0x5F,0x5F,0x69,0x6D,0x70,0x5F,0x73,0x65,0x74,0x76,0x62,0x75,0x66,0x00,0x5F,0x5F,0x43,0x54,0x4F,
0x52,0x5F,0x4C,0x49,0x53,0x54,0x5F,0x5F,0x00,0x5F,0x5F,0x69,0x6D,0x70,0x5F,0x5F,0x73,0x65,0x74,0x5F,
0x6E,0x65,0x77,0x5F,0x6D,0x6F,0x64,0x65,0x00,0x5F,0x68,0x65,0x61,0x64,0x5F,0x6C,0x69,0x62,0x36,0x34,
0x5F,0x6C,0x69,0x62,0x61,0x70,0x69,0x5F,0x6D,0x73,0x5F,0x77,0x69,0x6E,0x5F,0x63,0x72,0x74,0x5F,0x68,
0x65,0x61,0x70,0x5F,0x6C,0x31,0x5F,0x31,0x5F,0x30,0x5F,0x61,0x00,0x5F,0x5F,0x69,0x6D,0x70,0x5F,0x5F,
0x5F,0x67,0x65,0x74,0x6D,0x61,0x69,0x6E,0x61,0x72,0x67,0x73,0x00,0x5F,0x68,0x65,0x61,0x64,0x5F,0x6C,
0x69,0x62,0x36,0x34,0x5F,0x6C,0x69,0x62,0x6B,0x65,0x72,0x6E,0x65,0x6C,0x33,0x32,0x5F,0x61,0x00,0x47,
0x65,0x74,0x4D,0x6F,0x64,0x75,0x6C,0x65,0x48,0x61,0x6E,0x64,0x6C,0x65,0x41,0x00,0x5F,0x5F,0x62,0x73,
0x73,0x5F,0x65,0x6E,0x64,0x5F,0x5F,0x00,0x5F,0x5F,0x6E,0x61,0x74,0x69,0x76,0x65,0x5F,0x76,0x63,0x63,
0x6C,0x72,0x69,0x74,0x5F,0x72,0x65,0x61,0x73,0x6F,0x6E,0x00,0x5F,0x5F,0x5F,0x63,0x72,0x74,0x5F,0x78,
0x63,0x5F,0x65,0x6E,0x64,0x5F,0x5F,0x00,0x2E,0x72,0x65,0x66,0x70,0x74,0x72,0x2E,0x5F,0x5F,0x6D,0x69,
0x6E,0x67,0x77,0x5F,0x69,0x6E,0x69,0x74,0x6C,0x74,0x73,0x73,0x75,0x6F,0x5F,0x66,0x6F,0x72,0x63,0x65,
0x00,0x5F,0x5F,0x70,0x5F,0x5F,0x66,0x6D,0x6F,0x64,0x65,0x00,0x2E,0x72,0x65,0x66,0x70,0x74,0x72,0x2E,
0x5F,0x5F,0x6E,0x61,0x74,0x69,0x76,0x65,0x5F,0x73,0x74,0x61,0x72,0x74,0x75,0x70,0x5F,0x6C,0x6F,0x63,
0x6B,0x00,0x5F,0x5F,0x69,0x6D,0x70,0x5F,0x45,0x6E,0x74,0x65,0x72,0x43,0x72,0x69,0x74,0x69,0x63,0x61,
0x6C,0x53,0x65,0x63,0x74,0x69,0x6F,0x6E,0x00,0x68,0x6D,0x6F,0x64,0x5F,0x6C,0x69,0x62,0x67,0x63,0x63,
0x00,0x5F,0x74,0x6C,0x73,0x5F,0x69,0x6E,0x64,0x65,0x78,0x00,0x5F,0x5F,0x69,0x6D,0x70,0x5F,0x53,0x68,
0x6F,0x77,0x57,0x69,0x6E,0x64,0x6F,0x77,0x00,0x5F,0x5F,0x61,0x63,0x72,0x74,0x5F,0x69,0x6F,0x62,0x5F,
0x66,0x75,0x6E,0x63,0x00,0x5F,0x5F,0x6E,0x61,0x74,0x69,0x76,0x65,0x5F,0x73,0x74,0x61,0x72,0x74,0x75,
0x70,0x5F,0x73,0x74,0x61,0x74,0x65,0x00,0x5F,0x5F,0x5F,0x63,0x72,0x74,0x5F,0x78,0x63,0x5F,0x73,0x74,
0x61,0x72,0x74,0x5F,0x5F,0x00,0x5F,0x5F,0x69,0x6D,0x70,0x5F,0x47,0x65,0x74,0x50,0x72,0x6F,0x63,0x41,
0x64,0x64,0x72,0x65,0x73,0x73,0x00,0x5F,0x5F,0x5F,0x43,0x54,0x4F,0x52,0x5F,0x4C,0x49,0x53,0x54,0x5F,
0x5F,0x00,0x5F,0x68,0x65,0x61,0x64,0x5F,0x6C,0x69,0x62,0x36,0x34,0x5F,0x6C,0x69,0x62,0x61,0x70,0x69,
0x5F,0x6D,0x73,0x5F,0x77,0x69,0x6E,0x5F,0x63,0x72,0x74,0x5F,0x6C,0x6F,0x63,0x61,0x6C,0x65,0x5F,0x6C,
0x31,0x5F,0x31,0x5F,0x30,0x5F,0x61,0x00,0x5F,0x5F,0x69,0x6D,0x70,0x5F,0x4D,0x6F,0x76,0x65,0x57,0x69,
0x6E,0x64,0x6F,0x77,0x00,0x2E,0x72,0x65,0x66,0x70,0x74,0x72,0x2E,0x5F,0x5F,0x64,0x79,0x6E,0x5F,0x74,
0x6C,0x73,0x5F,0x69,0x6E,0x69,0x74,0x5F,0x63,0x61,0x6C,0x6C,0x62,0x61,0x63,0x6B,0x00,0x5F,0x5F,0x69,
0x6D,0x70,0x5F,0x73,0x69,0x67,0x6E,0x61,0x6C,0x00,0x5F,0x68,0x65,0x61,0x64,0x5F,0x6C,0x69,0x62,0x36,
0x34,0x5F,0x6C,0x69,0x62,0x61,0x70,0x69,0x5F,0x6D,0x73,0x5F,0x77,0x69,0x6E,0x5F,0x63,0x72,0x74,0x5F,
0x73,0x74,0x72,0x69,0x6E,0x67,0x5F,0x6C,0x31,0x5F,0x31,0x5F,0x30,0x5F,0x61,0x00,0x5F,0x68,0x65,0x61,
0x64,0x5F,0x6C,0x69,0x62,0x36,0x34,0x5F,0x6C,0x69,0x62,0x67,0x64,0x69,0x33,0x32,0x5F,0x61,0x00,0x2E,
0x72,0x65,0x66,0x70,0x74,0x72,0x2E,0x5F,0x5F,0x6D,0x69,0x6E,0x67,0x77,0x5F,0x69,0x6E,0x69,0x74,0x6C,
0x74,0x73,0x64,0x79,0x6E,0x5F,0x66,0x6F,0x72,0x63,0x65,0x00,0x5F,0x5F,0x69,0x6D,0x70,0x5F,0x47,0x65,
0x74,0x4D,0x6F,0x64,0x75,0x6C,0x65,0x48,0x61,0x6E,0x64,0x6C,0x65,0x41,0x00,0x5F,0x5F,0x69,0x6D,0x70,
0x5F,0x57,0x69,0x64,0x65,0x43,0x68,0x61,0x72,0x54,0x6F,0x4D,0x75,0x6C,0x74,0x69,0x42,0x79,0x74,0x65,
0x00,0x2E,0x72,0x65,0x66,0x70,0x74,0x72,0x2E,0x5F,0x5F,0x49,0x6D,0x61,0x67,0x65,0x42,0x61,0x73,0x65,
0x00,0x4C,0x6F,0x61,0x64,0x43,0x75,0x72,0x73,0x6F,0x72,0x57,0x00,0x5F,0x5F,0x6C,0x69,0x62,0x36,0x34,
0x5F,0x6C,0x69,0x62,0x61,0x70,0x69,0x5F,0x6D,0x73,0x5F,0x77,0x69,0x6E,0x5F,0x63,0x72,0x74,0x5F,0x72,
0x75,0x6E,0x74,0x69,0x6D,0x65,0x5F,0x6C,0x31,0x5F,0x31,0x5F,0x30,0x5F,0x61,0x5F,0x69,0x6E,0x61,0x6D,
0x65,0x00,0x5F,0x5F,0x69,0x6D,0x70,0x5F,0x73,0x74,0x72,0x6C,0x65,0x6E,0x00,0x5F,0x5F,0x69,0x6D,0x70,
0x5F,0x44,0x65,0x6C,0x65,0x74,0x65,0x46,0x69,0x6C,0x65,0x57,0x00,0x5F,0x5F,0x69,0x6D,0x70,0x5F,0x44,
0x65,0x6C,0x65,0x74,0x65,0x4F,0x62,0x6A,0x65,0x63,0x74,0x00,0x5F,0x5F,0x69,0x6D,0x70,0x5F,0x6D,0x61,
0x6C,0x6C,0x6F,0x63,0x00,0x2E,0x72,0x65,0x66,0x70,0x74,0x72,0x2E,0x5F,0x67,0x6E,0x75,0x5F,0x65,0x78,
0x63,0x65,0x70,0x74,0x69,0x6F,0x6E,0x5F,0x68,0x61,0x6E,0x64,0x6C,0x65,0x72,0x00,0x43,0x72,0x65,0x61,
0x74,0x65,0x57,0x69,0x6E,0x64,0x6F,0x77,0x45,0x78,0x57,0x00,0x5F,0x5F,0x66,0x69,0x6C,0x65,0x5F,0x61,
0x6C,0x69,0x67,0x6E,0x6D,0x65,0x6E,0x74,0x5F,0x5F,0x00,0x57,0x72,0x69,0x74,0x65,0x46,0x69,0x6C,0x65,
0x00,0x5F,0x5F,0x69,0x6D,0x70,0x5F,0x49,0x6E,0x69,0x74,0x69,0x61,0x6C,0x69,0x7A,0x65,0x43,0x72,0x69,
0x74,0x69,0x63,0x61,0x6C,0x53,0x65,0x63,0x74,0x69,0x6F,0x6E,0x00,0x43,0x6C,0x6F,0x73,0x65,0x48,0x61,
0x6E,0x64,0x6C,0x65,0x00,0x47,0x65,0x74,0x45,0x6E,0x76,0x69,0x72,0x6F,0x6E,0x6D,0x65,0x6E,0x74,0x56,
0x61,0x72,0x69,0x61,0x62,0x6C,0x65,0x57,0x00,0x5F,0x69,0x6E,0x69,0x74,0x69,0x61,0x6C,0x69,0x7A,0x65,
0x5F,0x6E,0x61,0x72,0x72,0x6F,0x77,0x5F,0x65,0x6E,0x76,0x69,0x72,0x6F,0x6E,0x6D,0x65,0x6E,0x74,0x00,
0x49,0x6E,0x69,0x74,0x69,0x61,0x6C,0x69,0x7A,0x65,0x43,0x72,0x69,0x74,0x69,0x63,0x61,0x6C,0x53,0x65,
0x63,0x74,0x69,0x6F,0x6E,0x00,0x5F,0x5F,0x69,0x6D,0x70,0x5F,0x65,0x78,0x69,0x74,0x00,0x5F,0x68,0x65,
0x61,0x64,0x5F,0x6C,0x69,0x62,0x36,0x34,0x5F,0x6C,0x69,0x62,0x61,0x70,0x69,0x5F,0x6D,0x73,0x5F,0x77,
0x69,0x6E,0x5F,0x63,0x72,0x74,0x5F,0x73,0x74,0x64,0x69,0x6F,0x5F,0x6C,0x31,0x5F,0x31,0x5F,0x30,0x5F,
0x61,0x00,0x5F,0x5F,0x6D,0x61,0x6A,0x6F,0x72,0x5F,0x6F,0x73,0x5F,0x76,0x65,0x72,0x73,0x69,0x6F,0x6E,
0x5F,0x5F,0x00,0x5F,0x5F,0x69,0x6D,0x70,0x5F,0x5F,0x5F,0x69,0x6E,0x69,0x74,0x65,0x6E,0x76,0x00,0x5F,
0x5F,0x49,0x41,0x54,0x5F,0x73,0x74,0x61,0x72,0x74,0x5F,0x5F,0x00,0x2E,0x77,0x65,0x61,0x6B,0x2E,0x5F,
0x5F,0x64,0x65,0x72,0x65,0x67,0x69,0x73,0x74,0x65,0x72,0x5F,0x66,0x72,0x61,0x6D,0x65,0x5F,0x69,0x6E,
0x66,0x6F,0x2E,0x68,0x6D,0x6F,0x64,0x5F,0x6C,0x69,0x62,0x67,0x63,0x63,0x00,0x4C,0x6F,0x61,0x64,0x4C,
0x69,0x62,0x72,0x61,0x72,0x79,0x57,0x00,0x5F,0x5F,0x69,0x6D,0x70,0x5F,0x5F,0x63,0x65,0x78,0x69,0x74,
0x00,0x5F,0x5F,0x69,0x6D,0x70,0x5F,0x53,0x65,0x74,0x55,0x6E,0x68,0x61,0x6E,0x64,0x6C,0x65,0x64,0x45,
0x78,0x63,0x65,0x70,0x74,0x69,0x6F,0x6E,0x46,0x69,0x6C,0x74,0x65,0x72,0x00,0x5F,0x5F,0x69,0x6D,0x70,
0x5F,0x44,0x65,0x66,0x57,0x69,0x6E,0x64,0x6F,0x77,0x50,0x72,0x6F,0x63,0x57,0x00,0x5F,0x5F,0x69,0x6D,
0x70,0x5F,0x77,0x63,0x73,0x72,0x63,0x68,0x72,0x00,0x47,0x65,0x74,0x54,0x65,0x6D,0x70,0x50,0x61,0x74,
0x68,0x57,0x00,0x47,0x65,0x74,0x50,0x72,0x6F,0x63,0x41,0x64,0x64,0x72,0x65,0x73,0x73,0x00,0x5F,0x5F,
0x44,0x54,0x4F,0x52,0x5F,0x4C,0x49,0x53,0x54,0x5F,0x5F,0x00,0x5F,0x5F,0x69,0x6D,0x70,0x5F,0x55,0x70,
0x64,0x61,0x74,0x65,0x57,0x69,0x6E,0x64,0x6F,0x77,0x00,0x57,0x69,0x64,0x65,0x43,0x68,0x61,0x72,0x54,
0x6F,0x4D,0x75,0x6C,0x74,0x69,0x42,0x79,0x74,0x65,0x00,0x5F,0x5F,0x73,0x65,0x74,0x5F,0x61,0x70,0x70,
0x5F,0x74,0x79,0x70,0x65,0x00,0x5F,0x5F,0x69,0x6D,0x70,0x5F,0x53,0x6C,0x65,0x65,0x70,0x00,0x5F,0x5F,
0x69,0x6D,0x70,0x5F,0x5F,0x5F,0x70,0x5F,0x5F,0x61,0x63,0x6D,0x64,0x6C,0x6E,0x00,0x5F,0x5F,0x44,0x45,
0x4C,0x41,0x59,0x5F,0x49,0x4D,0x50,0x4F,0x52,0x54,0x5F,0x44,0x49,0x52,0x45,0x43,0x54,0x4F,0x52,0x59,
0x5F,0x73,0x74,0x61,0x72,0x74,0x5F,0x5F,0x00,0x4C,0x65,0x61,0x76,0x65,0x43,0x72,0x69,0x74,0x69,0x63,
0x61,0x6C,0x53,0x65,0x63,0x74,0x69,0x6F,0x6E,0x00,0x5F,0x5F,0x69,0x6D,0x70,0x5F,0x5F,0x5F,0x73,0x65,
0x74,0x75,0x73,0x65,0x72,0x6D,0x61,0x74,0x68,0x65,0x72,0x72,0x00,0x5F,0x5F,0x73,0x69,0x7A,0x65,0x5F,
0x6F,0x66,0x5F,0x68,0x65,0x61,0x70,0x5F,0x72,0x65,0x73,0x65,0x72,0x76,0x65,0x5F,0x5F,0x00,0x5F,0x5F,
0x5F,0x63,0x72,0x74,0x5F,0x78,0x74,0x5F,0x73,0x74,0x61,0x72,0x74,0x5F,0x5F,0x00,0x55,0x70,0x64,0x61,
0x74,0x65,0x57,0x69,0x6E,0x64,0x6F,0x77,0x00,0x5F,0x5F,0x73,0x75,0x62,0x73,0x79,0x73,0x74,0x65,0x6D,
0x5F,0x5F,0x00,0x53,0x65,0x6E,0x64,0x4D,0x65,0x73,0x73,0x61,0x67,0x65,0x57,0x00,0x5F,0x5F,0x69,0x6D,
0x70,0x5F,0x54,0x6C,0x73,0x47,0x65,0x74,0x56,0x61,0x6C,0x75,0x65,0x00,0x5F,0x5F,0x73,0x65,0x74,0x75,
0x73,0x65,0x72,0x6D,0x61,0x74,0x68,0x65,0x72,0x72,0x00,0x2E,0x72,0x65,0x66,0x70,0x74,0x72,0x2E,0x5F,
0x63,0x6F,0x6D,0x6D,0x6F,0x64,0x65,0x00,0x5F,0x5F,0x69,0x6D,0x70,0x5F,0x57,0x72,0x69,0x74,0x65,0x46,
0x69,0x6C,0x65,0x00,0x5F,0x5F,0x69,0x6D,0x70,0x5F,0x5F,0x5F,0x70,0x5F,0x5F,0x63,0x6F,0x6D,0x6D,0x6F,
0x64,0x65,0x00,0x5F,0x5F,0x69,0x6D,0x70,0x5F,0x5F,0x63,0x72,0x74,0x5F,0x61,0x74,0x65,0x78,0x69,0x74,
0x00,0x5F,0x5F,0x6C,0x69,0x62,0x36,0x34,0x5F,0x6C,0x69,0x62,0x61,0x70,0x69,0x5F,0x6D,0x73,0x5F,0x77,
0x69,0x6E,0x5F,0x63,0x72,0x74,0x5F,0x65,0x6E,0x76,0x69,0x72,0x6F,0x6E,0x6D,0x65,0x6E,0x74,0x5F,0x6C,
0x31,0x5F,0x31,0x5F,0x30,0x5F,0x61,0x5F,0x69,0x6E,0x61,0x6D,0x65,0x00,0x4D,0x75,0x6C,0x74,0x69,0x42,
0x79,0x74,0x65,0x54,0x6F,0x57,0x69,0x64,0x65,0x43,0x68,0x61,0x72,0x00,0x5F,0x5F,0x69,0x6D,0x70,0x5F,
0x46,0x72,0x65,0x65,0x4C,0x69,0x62,0x72,0x61,0x72,0x79,0x00,0x5F,0x5F,0x70,0x5F,0x5F,0x5F,0x61,0x72,
0x67,0x63,0x00,0x5F,0x5F,0x44,0x45,0x4C,0x41,0x59,0x5F,0x49,0x4D,0x50,0x4F,0x52,0x54,0x5F,0x44,0x49,
0x52,0x45,0x43,0x54,0x4F,0x52,0x59,0x5F,0x65,0x6E,0x64,0x5F,0x5F,0x00,0x5F,0x5F,0x69,0x6D,0x70,0x5F,
0x47,0x65,0x74,0x4D,0x6F,0x64,0x75,0x6C,0x65,0x46,0x69,0x6C,0x65,0x4E,0x61,0x6D,0x65,0x57,0x00,0x5F,
0x5F,0x69,0x6D,0x70,0x5F,0x56,0x69,0x72,0x74,0x75,0x61,0x6C,0x50,0x72,0x6F,0x74,0x65,0x63,0x74,0x00,
0x52,0x65,0x64,0x72,0x61,0x77,0x57,0x69,0x6E,0x64,0x6F,0x77,0x00,0x5F,0x69,0x6E,0x69,0x74,0x74,0x65,
0x72,0x6D,0x5F,0x65,0x00,0x44,0x69,0x73,0x70,0x61,0x74,0x63,0x68,0x4D,0x65,0x73,0x73,0x61,0x67,0x65,
0x57,0x00,0x5F,0x5F,0x5F,0x74,0x6C,0x73,0x5F,0x65,0x6E,0x64,0x5F,0x5F,0x00,0x43,0x72,0x65,0x61,0x74,
0x65,0x50,0x72,0x6F,0x63,0x65,0x73,0x73,0x57,0x00,0x5F,0x5F,0x69,0x6D,0x70,0x5F,0x56,0x69,0x72,0x74,
0x75,0x61,0x6C,0x51,0x75,0x65,0x72,0x79,0x00,0x5F,0x5F,0x69,0x6D,0x70,0x5F,0x5F,0x69,0x6E,0x69,0x74,
0x74,0x65,0x72,0x6D,0x00,0x47,0x65,0x74,0x46,0x69,0x6C,0x65,0x41,0x74,0x74,0x72,0x69,0x62,0x75,0x74,
0x65,0x73,0x57,0x00,0x5F,0x5F,0x69,0x6D,0x70,0x5F,0x47,0x65,0x74,0x4F,0x70,0x65,0x6E,0x46,0x69,0x6C,
0x65,0x4E,0x61,0x6D,0x65,0x57,0x00,0x5F,0x5F,0x69,0x6D,0x70,0x5F,0x66,0x63,0x6C,0x6F,0x73,0x65,0x00,
0x5F,0x64,0x6F,0x77,0x69,0x6C,0x64,0x63,0x61,0x72,0x64,0x00,0x5F,0x5F,0x6D,0x69,0x6E,0x67,0x77,0x5F,
0x69,0x6E,0x69,0x74,0x6C,0x74,0x73,0x64,0x79,0x6E,0x5F,0x66,0x6F,0x72,0x63,0x65,0x00,0x5F,0x5F,0x6C,
0x69,0x62,0x36,0x34,0x5F,0x6C,0x69,0x62,0x61,0x70,0x69,0x5F,0x6D,0x73,0x5F,0x77,0x69,0x6E,0x5F,0x63,
0x72,0x74,0x5F,0x73,0x74,0x64,0x69,0x6F,0x5F,0x6C,0x31,0x5F,0x31,0x5F,0x30,0x5F,0x61,0x5F,0x69,0x6E,
0x61,0x6D,0x65,0x00,0x77,0x73,0x70,0x72,0x69,0x6E,0x74,0x66,0x57,0x00,0x5F,0x5F,0x64,0x79,0x6E,0x5F,
0x74,0x6C,0x73,0x5F,0x69,0x6E,0x69,0x74,0x5F,0x63,0x61,0x6C,0x6C,0x62,0x61,0x63,0x6B,0x00,0x54,0x72,
0x61,0x6E,0x73,0x6C,0x61,0x74,0x65,0x4D,0x65,0x73,0x73,0x61,0x67,0x65,0x00,0x5F,0x5F,0x69,0x6D,0x70,
0x5F,0x43,0x72,0x65,0x61,0x74,0x65,0x46,0x6F,0x6E,0x74,0x57,0x00,0x5F,0x68,0x65,0x61,0x64,0x5F,0x6C,
0x69,0x62,0x36,0x34,0x5F,0x6C,0x69,0x62,0x75,0x73,0x65,0x72,0x33,0x32,0x5F,0x61,0x00,0x5F,0x5F,0x6C,
0x69,0x62,0x36,0x34,0x5F,0x6C,0x69,0x62,0x61,0x70,0x69,0x5F,0x6D,0x73,0x5F,0x77,0x69,0x6E,0x5F,0x63,
0x72,0x74,0x5F,0x68,0x65,0x61,0x70,0x5F,0x6C,0x31,0x5F,0x31,0x5F,0x30,0x5F,0x61,0x5F,0x69,0x6E,0x61,
0x6D,0x65,0x00,0x5F,0x69,0x6E,0x69,0x74,0x74,0x65,0x72,0x6D,0x00,0x5F,0x5F,0x69,0x6D,0x70,0x5F,0x47,
0x65,0x74,0x53,0x61,0x76,0x65,0x46,0x69,0x6C,0x65,0x4E,0x61,0x6D,0x65,0x57,0x00,0x5F,0x5F,0x69,0x6D,
0x70,0x5F,0x57,0x61,0x69,0x74,0x46,0x6F,0x72,0x53,0x69,0x6E,0x67,0x6C,0x65,0x4F,0x62,0x6A,0x65,0x63,
0x74,0x00,0x5F,0x5F,0x69,0x6D,0x70,0x5F,0x73,0x74,0x72,0x6E,0x63,0x6D,0x70,0x00,0x2E,0x72,0x65,0x66,
0x70,0x74,0x72,0x2E,0x5F,0x66,0x6D,0x6F,0x64,0x65,0x00,0x5F,0x5F,0x69,0x6D,0x70,0x5F,0x5F,0x5F,0x61,
0x63,0x72,0x74,0x5F,0x69,0x6F,0x62,0x5F,0x66,0x75,0x6E,0x63,0x00,0x5F,0x5F,0x6D,0x61,0x6A,0x6F,0x72,
0x5F,0x69,0x6D,0x61,0x67,0x65,0x5F,0x76,0x65,0x72,0x73,0x69,0x6F,0x6E,0x5F,0x5F,0x00,0x57,0x61,0x69,
0x74,0x46,0x6F,0x72,0x53,0x69,0x6E,0x67,0x6C,0x65,0x4F,0x62,0x6A,0x65,0x63,0x74,0x00,0x5F,0x5F,0x6C,
0x6F,0x61,0x64,0x65,0x72,0x5F,0x66,0x6C,0x61,0x67,0x73,0x5F,0x5F,0x00,0x5F,0x5F,0x5F,0x63,0x68,0x6B,
0x73,0x74,0x6B,0x5F,0x6D,0x73,0x00,0x5F,0x5F,0x6E,0x61,0x74,0x69,0x76,0x65,0x5F,0x73,0x74,0x61,0x72,
0x74,0x75,0x70,0x5F,0x6C,0x6F,0x63,0x6B,0x00,0x43,0x72,0x65,0x61,0x74,0x65,0x46,0x69,0x6C,0x65,0x57,
0x00,0x5F,0x5F,0x70,0x5F,0x5F,0x63,0x6F,0x6D,0x6D,0x6F,0x64,0x65,0x00,0x47,0x65,0x74,0x53,0x74,0x61,
0x72,0x74,0x75,0x70,0x49,0x6E,0x66,0x6F,0x41,0x00,0x5F,0x5F,0x69,0x6D,0x70,0x5F,0x77,0x63,0x73,0x6C,
0x65,0x6E,0x00,0x5F,0x5F,0x72,0x74,0x5F,0x70,0x73,0x72,0x65,0x6C,0x6F,0x63,0x73,0x5F,0x65,0x6E,0x64,
0x00,0x53,0x68,0x6F,0x77,0x57,0x69,0x6E,0x64,0x6F,0x77,0x00,0x5F,0x5F,0x6D,0x69,0x6E,0x6F,0x72,0x5F,
0x73,0x75,0x62,0x73,0x79,0x73,0x74,0x65,0x6D,0x5F,0x76,0x65,0x72,0x73,0x69,0x6F,0x6E,0x5F,0x5F,0x00,
0x5F,0x5F,0x69,0x6D,0x70,0x5F,0x66,0x66,0x6C,0x75,0x73,0x68,0x00,0x5F,0x5F,0x6D,0x69,0x6E,0x6F,0x72,
0x5F,0x69,0x6D,0x61,0x67,0x65,0x5F,0x76,0x65,0x72,0x73,0x69,0x6F,0x6E,0x5F,0x5F,0x00,0x5F,0x5F,0x69,
0x6D,0x70,0x5F,0x5F,0x5F,0x73,0x65,0x74,0x5F,0x61,0x70,0x70,0x5F,0x74,0x79,0x70,0x65,0x00,0x4D,0x6F,
0x76,0x65,0x57,0x69,0x6E,0x64,0x6F,0x77,0x00,0x5F,0x5F,0x69,0x6D,0x70,0x5F,0x43,0x72,0x65,0x61,0x74,
0x65,0x57,0x69,0x6E,0x64,0x6F,0x77,0x45,0x78,0x57,0x00,0x5F,0x5F,0x69,0x6D,0x70,0x5F,0x66,0x72,0x65,
0x61,0x64,0x00,0x2E,0x72,0x65,0x66,0x70,0x74,0x72,0x2E,0x5F,0x5F,0x78,0x63,0x5F,0x61,0x00,0x5F,0x63,
0x6F,0x6E,0x66,0x69,0x67,0x75,0x72,0x65,0x5F,0x6E,0x61,0x72,0x72,0x6F,0x77,0x5F,0x61,0x72,0x67,0x76,
0x00,0x5F,0x5F,0x69,0x6D,0x70,0x5F,0x4C,0x6F,0x61,0x64,0x4C,0x69,0x62,0x72,0x61,0x72,0x79,0x41,0x00,
0x2E,0x72,0x65,0x66,0x70,0x74,0x72,0x2E,0x5F,0x5F,0x78,0x69,0x5F,0x7A,0x00,0x5F,0x63,0x72,0x74,0x5F,
0x61,0x74,0x65,0x78,0x69,0x74,0x00,0x2E,0x72,0x65,0x66,0x70,0x74,0x72,0x2E,0x5F,0x4D,0x49,0x4E,0x47,
0x57,0x5F,0x49,0x4E,0x53,0x54,0x41,0x4C,0x4C,0x5F,0x44,0x45,0x42,0x55,0x47,0x5F,0x4D,0x41,0x54,0x48,
0x45,0x52,0x52,0x00,0x46,0x72,0x65,0x65,0x4C,0x69,0x62,0x72,0x61,0x72,0x79,0x00,0x44,0x65,0x6C,0x65,
0x74,0x65,0x43,0x72,0x69,0x74,0x69,0x63,0x61,0x6C,0x53,0x65,0x63,0x74,0x69,0x6F,0x6E,0x00,0x5F,0x5F,
0x69,0x6D,0x70,0x5F,0x47,0x65,0x74,0x4D,0x65,0x73,0x73,0x61,0x67,0x65,0x57,0x00,0x47,0x65,0x74,0x4D,
0x65,0x73,0x73,0x61,0x67,0x65,0x57,0x00,0x5F,0x5F,0x69,0x6D,0x70,0x5F,0x5F,0x63,0x6F,0x6E,0x66,0x69,
0x67,0x75,0x72,0x65,0x5F,0x6E,0x61,0x72,0x72,0x6F,0x77,0x5F,0x61,0x72,0x67,0x76,0x00,0x5F,0x68,0x65,
0x61,0x64,0x5F,0x6C,0x69,0x62,0x36,0x34,0x5F,0x6C,0x69,0x62,0x61,0x70,0x69,0x5F,0x6D,0x73,0x5F,0x77,
0x69,0x6E,0x5F,0x63,0x72,0x74,0x5F,0x72,0x75,0x6E,0x74,0x69,0x6D,0x65,0x5F,0x6C,0x31,0x5F,0x31,0x5F,
0x30,0x5F,0x61,0x00,0x5F,0x5F,0x52,0x55,0x4E,0x54,0x49,0x4D,0x45,0x5F,0x50,0x53,0x45,0x55,0x44,0x4F,
0x5F,0x52,0x45,0x4C,0x4F,0x43,0x5F,0x4C,0x49,0x53,0x54,0x5F,0x45,0x4E,0x44,0x5F,0x5F,0x00,0x5F,0x5F,
0x69,0x6D,0x70,0x5F,0x5F,0x63,0x6F,0x6E,0x66,0x69,0x67,0x74,0x68,0x72,0x65,0x61,0x64,0x6C,0x6F,0x63,
0x61,0x6C,0x65,0x00,0x5F,0x5F,0x72,0x65,0x67,0x69,0x73,0x74,0x65,0x72,0x5F,0x66,0x72,0x61,0x6D,0x65,
0x5F,0x69,0x6E,0x66,0x6F,0x00,0x5F,0x5F,0x69,0x6D,0x70,0x5F,0x53,0x65,0x74,0x57,0x69,0x6E,0x64,0x6F,
0x77,0x54,0x65,0x78,0x74,0x57,0x00,0x2E,0x72,0x65,0x66,0x70,0x74,0x72,0x2E,0x5F,0x5F,0x78,0x63,0x5F,
0x7A,0x00,0x5F,0x5F,0x5F,0x63,0x72,0x74,0x5F,0x78,0x74,0x5F,0x65,0x6E,0x64,0x5F,0x5F,0x00,0x47,0x65,
0x74,0x4F,0x70,0x65,0x6E,0x46,0x69,0x6C,0x65,0x4E,0x61,0x6D,0x65,0x57,0x00,0x5F,0x5F,0x73,0x74,0x64,
0x69,0x6F,0x5F,0x63,0x6F,0x6D,0x6D,0x6F,0x6E,0x5F,0x76,0x66,0x70,0x72,0x69,0x6E,0x74,0x66,0x00,0x5F,
0x5F,0x69,0x6D,0x70,0x5F,0x66,0x73,0x65,0x65,0x6B,0x00,0x5F,0x5F,0x6C,0x69,0x62,0x36,0x34,0x5F,0x6C,
0x69,0x62,0x61,0x70,0x69,0x5F,0x6D,0x73,0x5F,0x77,0x69,0x6E,0x5F,0x63,0x72,0x74,0x5F,0x6C,0x6F,0x63,
0x61,0x6C,0x65,0x5F,0x6C,0x31,0x5F,0x31,0x5F,0x30,0x5F,0x61,0x5F,0x69,0x6E,0x61,0x6D,0x65,0x00,0x5F,
0x5F,0x6D,0x69,0x6E,0x67,0x77,0x5F,0x61,0x70,0x70,0x5F,0x74,0x79,0x70,0x65,0x00,
};
static const unsigned int sokil_ide_len = 86536;
